2026-06-20 21:47:39,910 | [None] | mlops.auto_binning_woe_categorical | auto_woe_binning_categorical:409 | INFO | Starting categorical WoE auto binning. Feature:gender, Target:TARGET
2026-06-20 21:47:39,913 | [None] | mlops.auto_binning_woe_categorical | auto_woe_binning_categorical:463 | INFO | Missing rows dropped. Before=20100, After=20100, Dropped=0
2026-06-20 21:47:39,913 | [None] | mlops.auto_binning_woe_categorical | auto_woe_binning_categorical:466 | INFO | Target variable TARGET converted to integer type.
2026-06-20 21:47:39,914 | [None] | mlops.auto_binning_woe_categorical | auto_woe_binning_categorical:470 | INFO | Distinct categories found: ['1', '2']
2026-06-20 21:47:39,914 | [None] | mlops.auto_binning_woe_categorical | create_initial_category_groups:182 | INFO | Creating initial category groups. Category count=2
2026-06-20 21:47:39,914 | [None] | mlops.auto_binning_woe_categorical | create_initial_category_groups:188 | INFO | Initial category groups created:
2026-06-20 21:47:39,914 | [None] | mlops.auto_binning_woe_categorical | create_initial_category_groups:190 | INFO |   - Category: '1' -> Group: 0
2026-06-20 21:47:39,914 | [None] | mlops.auto_binning_woe_categorical | create_initial_category_groups:190 | INFO |   - Category: '2' -> Group: 1
2026-06-20 21:47:39,914 | [None] | mlops.auto_binning_woe_categorical | auto_woe_binning_categorical:484 | INFO | Feature 'gender' is a flag variable (2 unique values). Creating 2 groups, computing WoE and skipping rule-based merging.
2026-06-20 21:47:39,914 | [None] | mlops.auto_binning_woe_categorical | auto_woe_binning_categorical:689 | INFO | Iterative merging process completed after 0 iterations.
2026-06-20 21:47:39,914 | [None] | mlops.auto_binning_woe_categorical | auto_woe_binning_categorical:690 | INFO | ----FINAL BINNING RESULTS----
2026-06-20 21:47:39,915 | [None] | mlops.auto_binning_woe_categorical | assign_bins_from_category_groups:226 | INFO | Assigning observations to category groups. Group count=2
2026-06-20 21:47:39,915 | [None] | mlops.auto_binning_woe_categorical | assign_bins_from_category_groups:231 | INFO | Observations assigned to groups:
2026-06-20 21:47:39,916 | [None] | mlops.auto_binning_woe_categorical | assign_bins_from_category_groups:235 | INFO | 	Group 0: 7998 observations, Categories: ['1']
2026-06-20 21:47:39,916 | [None] | mlops.auto_binning_woe_categorical | assign_bins_from_category_groups:235 | INFO | 	Group 1: 12102 observations, Categories: ['2']
2026-06-20 21:47:39,916 | [None] | mlops.auto_binning_woe_categorical | calculate_woe_iv_table_categorical:95 | INFO | Calculating WoE / IV table for categorical binning. bin_col='_bin'
2026-06-20 21:47:39,918 | [None] | mlops.auto_binning_woe_categorical | calculate_woe_iv_table_categorical:113 | INFO | Total good: 15654, Total bad: 4446
2026-06-20 21:47:39,920 | [None] | mlops.auto_binning_woe_categorical | calculate_woe_iv_table_categorical:145 | INFO | WoE / IV table calculated. Bin count=2, Total IV=0.011030
2026-06-20 21:47:39,922 | [None] | mlops.auto_binning_woe_categorical | auto_woe_binning_categorical:741 | WARNING | Flag variable final status: REVIEW_WEAK_VARIABLE (IV=0.011030 < 0.02)
2026-06-20 21:47:39,922 | [None] | mlops.auto_binning_woe_categorical | auto_woe_binning_categorical:764 | INFO | Feature: gender, Final bins=2, Total IV=0.011030, Status=REVIEW_WEAK_VARIABLE
2026-06-20 21:47:39,922 | [None] | mlops.auto_binning_woe_categorical | auto_woe_binning_categorical:766 | INFO | Values to Group mapping:
2026-06-20 21:47:39,923 | [None] | mlops.auto_binning_woe_categorical | auto_woe_binning_categorical:768 | INFO |   - gender_grp0: ['1']
2026-06-20 21:47:39,923 | [None] | mlops.auto_binning_woe_categorical | auto_woe_binning_categorical:768 | INFO |   - gender_grp1: ['2']
2026-06-20 21:47:39,924 | [None] | mlops.auto_binning_woe_categorical | auto_woe_binning_categorical:788 | INFO | Auto binning result saved to ./outputs/auto_binning_woe/gender/final_auto_binning_woe.json
2026-06-20 21:47:39,925 | [None] | mlops.auto_binning_woe_categorical | auto_woe_binning_categorical:792 | INFO | Final WOE table saved to ./outputs/auto_binning_woe/gender/final_woe_table.csv
2026-06-20 21:47:39,925 | [None] | mlops.auto_binning_woe_categorical | auto_woe_binning_categorical:795 | INFO | ==================================================
2026-06-20 21:47:39,926 | [None] | mlops.auto_binning_woe_categorical | auto_woe_binning_categorical:796 | INFO | INITIALIZE PARAMETERS
2026-06-20 21:47:39,926 | [None] | mlops.auto_binning_woe_categorical | auto_woe_binning_categorical:797 | INFO | Feature:..................... gender
2026-06-20 21:47:39,926 | [None] | mlops.auto_binning_woe_categorical | auto_woe_binning_categorical:798 | INFO | Target:...................... TARGET
2026-06-20 21:47:39,926 | [None] | mlops.auto_binning_woe_categorical | auto_woe_binning_categorical:799 | INFO | Minimum Bin Percentage:...... 0.05
2026-06-20 21:47:39,926 | [None] | mlops.auto_binning_woe_categorical | auto_woe_binning_categorical:800 | INFO | Maximum Final Bins:.......... 6
2026-06-20 21:47:39,926 | [None] | mlops.auto_binning_woe_categorical | auto_woe_binning_categorical:801 | INFO | Minimum Final Bins:.......... 2
2026-06-20 21:47:39,926 | [None] | mlops.auto_binning_woe_categorical | auto_woe_binning_categorical:802 | INFO | Minimum IV:.................. 0.02
2026-06-20 21:47:39,926 | [None] | mlops.auto_binning_woe_categorical | auto_woe_binning_categorical:803 | INFO | Maximum IV:.................. 0.5
2026-06-20 21:47:39,926 | [None] | mlops.auto_binning_woe_categorical | auto_woe_binning_categorical:804 | INFO | Maximum Iterations:.......... 20
2026-06-20 21:47:39,926 | [None] | mlops.auto_binning_woe_categorical | auto_woe_binning_categorical:805 | INFO | ==================================================
2026-06-20 21:47:39,927 | [None] | mlops.auto_binning_woe_categorical | auto_woe_binning_categorical:807 | INFO | ==================================================
2026-06-20 21:47:39,927 | [None] | mlops.auto_binning_woe_categorical | auto_woe_binning_categorical:808 | INFO | AUTO BINNING RESULTS
2026-06-20 21:47:39,927 | [None] | mlops.auto_binning_woe_categorical | auto_woe_binning_categorical:809 | INFO | Stopping Iteration:............... 0
2026-06-20 21:47:39,927 | [None] | mlops.auto_binning_woe_categorical | auto_woe_binning_categorical:810 | INFO | Feature Name:..................... gender
2026-06-20 21:47:39,927 | [None] | mlops.auto_binning_woe_categorical | auto_woe_binning_categorical:811 | INFO | Final Bin Count:.................. 2
2026-06-20 21:47:39,927 | [None] | mlops.auto_binning_woe_categorical | auto_woe_binning_categorical:812 | INFO | Total Information Value (IV):..... 0.011030
2026-06-20 21:47:39,927 | [None] | mlops.auto_binning_woe_categorical | auto_woe_binning_categorical:813 | INFO | IV Interpretation:................ Not Predictive
2026-06-20 21:47:39,928 | [None] | mlops.auto_binning_woe_categorical | auto_woe_binning_categorical:814 | INFO | Binning Status:................... REVIEW_WEAK_VARIABLE
2026-06-20 21:47:39,928 | [None] | mlops.auto_binning_woe_categorical | auto_woe_binning_categorical:815 | INFO | --------------------------------------------------
2026-06-20 21:47:39,928 | [None] | mlops.auto_binning_woe_categorical | auto_woe_binning_categorical:816 | INFO | WoE Summary Table:
2026-06-20 21:47:39,929 | [None] | mlops.auto_binning_woe_categorical | auto_woe_binning_categorical:817 | INFO | 
       _bin  total  good  bad  bad_rate  bin_pct  good_dist  bad_dist  good_dist_minus_bad_dist  odds_ratio       woe  woe_display       iv
gender_grp1  12102  9604 2498  0.206412 0.602090   0.613510  0.561839                  0.051671    1.091967  0.087981     8.798054 0.004546
gender_grp0   7998  6050 1948  0.243561 0.397910   0.386490  0.438161                 -0.051671    0.882074 -0.125480   -12.547958 0.006484

2026-06-20 21:47:39,929 | [None] | mlops.auto_binning_woe_categorical | auto_woe_binning_categorical:818 | INFO | --------------------------------------------------
2026-06-20 21:47:39,929 | [None] | mlops.auto_binning_woe_categorical | auto_woe_binning_categorical:819 | INFO | Values to Group:
2026-06-20 21:47:39,929 | [None] | mlops.auto_binning_woe_categorical | auto_woe_binning_categorical:821 | INFO |   gender_grp0: ['1']
2026-06-20 21:47:39,929 | [None] | mlops.auto_binning_woe_categorical | auto_woe_binning_categorical:821 | INFO |   gender_grp1: ['2']
2026-06-20 21:47:39,929 | [None] | mlops.auto_binning_woe_categorical | auto_woe_binning_categorical:822 | INFO | --------------------------------------------------
2026-06-20 21:47:39,929 | [None] | mlops.auto_binning_woe_categorical | auto_woe_binning_categorical:823 | INFO | Quality Check Results:
2026-06-20 21:47:39,930 | [None] | mlops.auto_binning_woe_categorical | auto_woe_binning_categorical:825 | INFO |   minBinPct: Is minimum pct of each bin > 0.05? -> True
2026-06-20 21:47:39,930 | [None] | mlops.auto_binning_woe_categorical | auto_woe_binning_categorical:825 | INFO |   goodBadExist: Do good and bad exist in every bin? -> True
2026-06-20 21:47:39,930 | [None] | mlops.auto_binning_woe_categorical | auto_woe_binning_categorical:825 | INFO |   badRateMonotonic: Is Bad Rate monotonic? -> True
2026-06-20 21:47:39,930 | [None] | mlops.auto_binning_woe_categorical | auto_woe_binning_categorical:825 | INFO |   woeMonotonic: Is WoE monotonic? -> True
2026-06-20 21:47:39,930 | [None] | mlops.auto_binning_woe_categorical | auto_woe_binning_categorical:825 | INFO |   binCount: Are bins between 2 and 6? -> True
2026-06-20 21:47:39,930 | [None] | mlops.auto_binning_woe_categorical | auto_woe_binning_categorical:825 | INFO |   ivReasonable: Is IV 0.011030 reasonable? (0.02 < IV < 0.50) -> False
2026-06-20 21:47:39,930 | [None] | mlops.auto_binning_woe_categorical | auto_woe_binning_categorical:826 | INFO | --------------------------------------------------
2026-06-20 21:47:39,930 | [None] | mlops.auto_binning_woe_categorical | auto_woe_binning_categorical:828 | INFO | Auto binning completed successfully for feature: 'gender'
2026-06-20 21:47:39,930 | [None] | mlops.auto_binning_woe_categorical | auto_woe_binning_categorical:829 | INFO | ==================================================
2026-06-20 21:47:39,931 | [None] | mlops.auto_binning_woe_categorical | auto_woe_binning_categorical:409 | INFO | Starting categorical WoE auto binning. Feature:education, Target:TARGET
2026-06-20 21:47:39,933 | [None] | mlops.auto_binning_woe_categorical | auto_woe_binning_categorical:463 | INFO | Missing rows dropped. Before=20100, After=20100, Dropped=0
2026-06-20 21:47:39,934 | [None] | mlops.auto_binning_woe_categorical | auto_woe_binning_categorical:466 | INFO | Target variable TARGET converted to integer type.
2026-06-20 21:47:39,934 | [None] | mlops.auto_binning_woe_categorical | auto_woe_binning_categorical:470 | INFO | Distinct categories found: ['0', '1', '2', '3', '4', '5', '6']
2026-06-20 21:47:39,934 | [None] | mlops.auto_binning_woe_categorical | create_initial_category_groups:182 | INFO | Creating initial category groups. Category count=7
2026-06-20 21:47:39,934 | [None] | mlops.auto_binning_woe_categorical | create_initial_category_groups:188 | INFO | Initial category groups created:
2026-06-20 21:47:39,934 | [None] | mlops.auto_binning_woe_categorical | create_initial_category_groups:190 | INFO |   - Category: '0' -> Group: 0
2026-06-20 21:47:39,935 | [None] | mlops.auto_binning_woe_categorical | create_initial_category_groups:190 | INFO |   - Category: '1' -> Group: 1
2026-06-20 21:47:39,935 | [None] | mlops.auto_binning_woe_categorical | create_initial_category_groups:190 | INFO |   - Category: '2' -> Group: 2
2026-06-20 21:47:39,935 | [None] | mlops.auto_binning_woe_categorical | create_initial_category_groups:190 | INFO |   - Category: '3' -> Group: 3
2026-06-20 21:47:39,935 | [None] | mlops.auto_binning_woe_categorical | create_initial_category_groups:190 | INFO |   - Category: '4' -> Group: 4
2026-06-20 21:47:39,935 | [None] | mlops.auto_binning_woe_categorical | create_initial_category_groups:190 | INFO |   - Category: '5' -> Group: 5
2026-06-20 21:47:39,935 | [None] | mlops.auto_binning_woe_categorical | create_initial_category_groups:190 | INFO |   - Category: '6' -> Group: 6
2026-06-20 21:47:39,935 | [None] | mlops.auto_binning_woe_categorical | auto_woe_binning_categorical:491 | INFO | --- Iteration 1 ---
2026-06-20 21:47:39,935 | [None] | mlops.auto_binning_woe_categorical | assign_bins_from_category_groups:226 | INFO | Assigning observations to category groups. Group count=7
2026-06-20 21:47:39,936 | [None] | mlops.auto_binning_woe_categorical | assign_bins_from_category_groups:231 | INFO | Observations assigned to groups:
2026-06-20 21:47:39,936 | [None] | mlops.auto_binning_woe_categorical | assign_bins_from_category_groups:235 | INFO | 	Group 0: 12 observations, Categories: ['0']
2026-06-20 21:47:39,936 | [None] | mlops.auto_binning_woe_categorical | assign_bins_from_category_groups:235 | INFO | 	Group 1: 7081 observations, Categories: ['1']
2026-06-20 21:47:39,936 | [None] | mlops.auto_binning_woe_categorical | assign_bins_from_category_groups:235 | INFO | 	Group 2: 9413 observations, Categories: ['2']
2026-06-20 21:47:39,937 | [None] | mlops.auto_binning_woe_categorical | assign_bins_from_category_groups:235 | INFO | 	Group 3: 3276 observations, Categories: ['3']
2026-06-20 21:47:39,937 | [None] | mlops.auto_binning_woe_categorical | assign_bins_from_category_groups:235 | INFO | 	Group 4: 83 observations, Categories: ['4']
2026-06-20 21:47:39,937 | [None] | mlops.auto_binning_woe_categorical | assign_bins_from_category_groups:235 | INFO | 	Group 5: 201 observations, Categories: ['5']
2026-06-20 21:47:39,937 | [None] | mlops.auto_binning_woe_categorical | assign_bins_from_category_groups:235 | INFO | 	Group 6: 34 observations, Categories: ['6']
2026-06-20 21:47:39,937 | [None] | mlops.auto_binning_woe_categorical | auto_woe_binning_categorical:500 | INFO | STEP: 1 - Bins assigned based on current category groups.
2026-06-20 21:47:39,937 | [None] | mlops.auto_binning_woe_categorical | calculate_woe_iv_table_categorical:95 | INFO | Calculating WoE / IV table for categorical binning. bin_col='_bin'
2026-06-20 21:47:39,939 | [None] | mlops.auto_binning_woe_categorical | calculate_woe_iv_table_categorical:113 | INFO | Total good: 15654, Total bad: 4446
2026-06-20 21:47:39,940 | [None] | mlops.auto_binning_woe_categorical | calculate_woe_iv_table_categorical:145 | INFO | WoE / IV table calculated. Bin count=7, Total IV=0.035749
2026-06-20 21:47:39,941 | [None] | mlops.auto_binning_woe_categorical | auto_woe_binning_categorical:509 | INFO | STEP: 1 - WoE / IV summary table calculated.
2026-06-20 21:47:39,941 | [None] | mlops.auto_binning_woe_categorical | auto_woe_binning_categorical:513 | INFO | STEP: 1 - Summary table sorted by bad_rate.
2026-06-20 21:47:39,941 | [None] | mlops.auto_binning_woe_categorical | auto_woe_binning_categorical:518 | INFO | STEP: 1 - Current bin count=7, Current IV=0.035749
2026-06-20 21:47:39,942 | [None] | mlops.auto_binning_woe_categorical | auto_woe_binning_categorical:531 | INFO | STEP: 1 - RULES CHECK START
2026-06-20 21:47:39,942 | [None] | mlops.auto_binning_woe_categorical | auto_woe_binning_categorical:555 | INFO | Rule 1 triggered: small bin merge.
2026-06-20 21:47:39,942 | [None] | mlops.auto_binning_woe_categorical | auto_woe_binning_categorical:556 | INFO | STEP: 1 - Problem bin=0, Merge with bin=0
2026-06-20 21:47:39,943 | [None] | mlops.auto_binning_woe_categorical | merge_category_groups:270 | INFO | Merging category groups. Merging group 0 into group 0
2026-06-20 21:47:39,943 | [None] | mlops.auto_binning_woe_categorical | merge_category_groups:286 | INFO | Groups merged and renumbered. New group count=7
2026-06-20 21:47:39,943 | [None] | mlops.auto_binning_woe_categorical | auto_woe_binning_categorical:564 | INFO | STEP: 1 - Category groups merged based on Rule 1.
2026-06-20 21:47:39,943 | [None] | mlops.auto_binning_woe_categorical | auto_woe_binning_categorical:491 | INFO | --- Iteration 2 ---
2026-06-20 21:47:39,943 | [None] | mlops.auto_binning_woe_categorical | assign_bins_from_category_groups:226 | INFO | Assigning observations to category groups. Group count=7
2026-06-20 21:47:39,944 | [None] | mlops.auto_binning_woe_categorical | assign_bins_from_category_groups:231 | INFO | Observations assigned to groups:
2026-06-20 21:47:39,944 | [None] | mlops.auto_binning_woe_categorical | assign_bins_from_category_groups:235 | INFO | 	Group 0: 12 observations, Categories: ['0']
2026-06-20 21:47:39,944 | [None] | mlops.auto_binning_woe_categorical | assign_bins_from_category_groups:235 | INFO | 	Group 1: 7081 observations, Categories: ['1']
2026-06-20 21:47:39,944 | [None] | mlops.auto_binning_woe_categorical | assign_bins_from_category_groups:235 | INFO | 	Group 2: 9413 observations, Categories: ['2']
2026-06-20 21:47:39,944 | [None] | mlops.auto_binning_woe_categorical | assign_bins_from_category_groups:235 | INFO | 	Group 3: 3276 observations, Categories: ['3']
2026-06-20 21:47:39,944 | [None] | mlops.auto_binning_woe_categorical | assign_bins_from_category_groups:235 | INFO | 	Group 4: 83 observations, Categories: ['4']
2026-06-20 21:47:39,945 | [None] | mlops.auto_binning_woe_categorical | assign_bins_from_category_groups:235 | INFO | 	Group 5: 201 observations, Categories: ['5']
2026-06-20 21:47:39,945 | [None] | mlops.auto_binning_woe_categorical | assign_bins_from_category_groups:235 | INFO | 	Group 6: 34 observations, Categories: ['6']
2026-06-20 21:47:39,945 | [None] | mlops.auto_binning_woe_categorical | auto_woe_binning_categorical:500 | INFO | STEP: 2 - Bins assigned based on current category groups.
2026-06-20 21:47:39,945 | [None] | mlops.auto_binning_woe_categorical | calculate_woe_iv_table_categorical:95 | INFO | Calculating WoE / IV table for categorical binning. bin_col='_bin'
2026-06-20 21:47:39,947 | [None] | mlops.auto_binning_woe_categorical | calculate_woe_iv_table_categorical:113 | INFO | Total good: 15654, Total bad: 4446
2026-06-20 21:47:39,949 | [None] | mlops.auto_binning_woe_categorical | calculate_woe_iv_table_categorical:145 | INFO | WoE / IV table calculated. Bin count=7, Total IV=0.035749
2026-06-20 21:47:39,949 | [None] | mlops.auto_binning_woe_categorical | auto_woe_binning_categorical:509 | INFO | STEP: 2 - WoE / IV summary table calculated.
2026-06-20 21:47:39,949 | [None] | mlops.auto_binning_woe_categorical | auto_woe_binning_categorical:513 | INFO | STEP: 2 - Summary table sorted by bad_rate.
2026-06-20 21:47:39,949 | [None] | mlops.auto_binning_woe_categorical | auto_woe_binning_categorical:518 | INFO | STEP: 2 - Current bin count=7, Current IV=0.035749
2026-06-20 21:47:39,950 | [None] | mlops.auto_binning_woe_categorical | auto_woe_binning_categorical:531 | INFO | STEP: 2 - RULES CHECK START
2026-06-20 21:47:39,951 | [None] | mlops.auto_binning_woe_categorical | auto_woe_binning_categorical:555 | INFO | Rule 1 triggered: small bin merge.
2026-06-20 21:47:39,951 | [None] | mlops.auto_binning_woe_categorical | auto_woe_binning_categorical:556 | INFO | STEP: 2 - Problem bin=0, Merge with bin=0
2026-06-20 21:47:39,951 | [None] | mlops.auto_binning_woe_categorical | merge_category_groups:270 | INFO | Merging category groups. Merging group 0 into group 0
2026-06-20 21:47:39,951 | [None] | mlops.auto_binning_woe_categorical | merge_category_groups:286 | INFO | Groups merged and renumbered. New group count=7
2026-06-20 21:47:39,951 | [None] | mlops.auto_binning_woe_categorical | auto_woe_binning_categorical:564 | INFO | STEP: 2 - Category groups merged based on Rule 1.
2026-06-20 21:47:39,951 | [None] | mlops.auto_binning_woe_categorical | auto_woe_binning_categorical:491 | INFO | --- Iteration 3 ---
2026-06-20 21:47:39,951 | [None] | mlops.auto_binning_woe_categorical | assign_bins_from_category_groups:226 | INFO | Assigning observations to category groups. Group count=7
2026-06-20 21:47:39,952 | [None] | mlops.auto_binning_woe_categorical | assign_bins_from_category_groups:231 | INFO | Observations assigned to groups:
2026-06-20 21:47:39,952 | [None] | mlops.auto_binning_woe_categorical | assign_bins_from_category_groups:235 | INFO | 	Group 0: 12 observations, Categories: ['0']
2026-06-20 21:47:39,952 | [None] | mlops.auto_binning_woe_categorical | assign_bins_from_category_groups:235 | INFO | 	Group 1: 7081 observations, Categories: ['1']
2026-06-20 21:47:39,952 | [None] | mlops.auto_binning_woe_categorical | assign_bins_from_category_groups:235 | INFO | 	Group 2: 9413 observations, Categories: ['2']
2026-06-20 21:47:39,952 | [None] | mlops.auto_binning_woe_categorical | assign_bins_from_category_groups:235 | INFO | 	Group 3: 3276 observations, Categories: ['3']
2026-06-20 21:47:39,952 | [None] | mlops.auto_binning_woe_categorical | assign_bins_from_category_groups:235 | INFO | 	Group 4: 83 observations, Categories: ['4']
2026-06-20 21:47:39,952 | [None] | mlops.auto_binning_woe_categorical | assign_bins_from_category_groups:235 | INFO | 	Group 5: 201 observations, Categories: ['5']
2026-06-20 21:47:39,953 | [None] | mlops.auto_binning_woe_categorical | assign_bins_from_category_groups:235 | INFO | 	Group 6: 34 observations, Categories: ['6']
2026-06-20 21:47:39,953 | [None] | mlops.auto_binning_woe_categorical | auto_woe_binning_categorical:500 | INFO | STEP: 3 - Bins assigned based on current category groups.
2026-06-20 21:47:39,953 | [None] | mlops.auto_binning_woe_categorical | calculate_woe_iv_table_categorical:95 | INFO | Calculating WoE / IV table for categorical binning. bin_col='_bin'
2026-06-20 21:47:39,955 | [None] | mlops.auto_binning_woe_categorical | calculate_woe_iv_table_categorical:113 | INFO | Total good: 15654, Total bad: 4446
2026-06-20 21:47:39,956 | [None] | mlops.auto_binning_woe_categorical | calculate_woe_iv_table_categorical:145 | INFO | WoE / IV table calculated. Bin count=7, Total IV=0.035749
2026-06-20 21:47:39,956 | [None] | mlops.auto_binning_woe_categorical | auto_woe_binning_categorical:509 | INFO | STEP: 3 - WoE / IV summary table calculated.
2026-06-20 21:47:39,957 | [None] | mlops.auto_binning_woe_categorical | auto_woe_binning_categorical:513 | INFO | STEP: 3 - Summary table sorted by bad_rate.
2026-06-20 21:47:39,957 | [None] | mlops.auto_binning_woe_categorical | auto_woe_binning_categorical:518 | INFO | STEP: 3 - Current bin count=7, Current IV=0.035749
2026-06-20 21:47:39,958 | [None] | mlops.auto_binning_woe_categorical | auto_woe_binning_categorical:531 | INFO | STEP: 3 - RULES CHECK START
2026-06-20 21:47:39,958 | [None] | mlops.auto_binning_woe_categorical | auto_woe_binning_categorical:555 | INFO | Rule 1 triggered: small bin merge.
2026-06-20 21:47:39,958 | [None] | mlops.auto_binning_woe_categorical | auto_woe_binning_categorical:556 | INFO | STEP: 3 - Problem bin=0, Merge with bin=0
2026-06-20 21:47:39,958 | [None] | mlops.auto_binning_woe_categorical | merge_category_groups:270 | INFO | Merging category groups. Merging group 0 into group 0
2026-06-20 21:47:39,959 | [None] | mlops.auto_binning_woe_categorical | merge_category_groups:286 | INFO | Groups merged and renumbered. New group count=7
2026-06-20 21:47:39,959 | [None] | mlops.auto_binning_woe_categorical | auto_woe_binning_categorical:564 | INFO | STEP: 3 - Category groups merged based on Rule 1.
2026-06-20 21:47:39,959 | [None] | mlops.auto_binning_woe_categorical | auto_woe_binning_categorical:491 | INFO | --- Iteration 4 ---
2026-06-20 21:47:39,959 | [None] | mlops.auto_binning_woe_categorical | assign_bins_from_category_groups:226 | INFO | Assigning observations to category groups. Group count=7
2026-06-20 21:47:39,959 | [None] | mlops.auto_binning_woe_categorical | assign_bins_from_category_groups:231 | INFO | Observations assigned to groups:
2026-06-20 21:47:39,960 | [None] | mlops.auto_binning_woe_categorical | assign_bins_from_category_groups:235 | INFO | 	Group 0: 12 observations, Categories: ['0']
2026-06-20 21:47:39,960 | [None] | mlops.auto_binning_woe_categorical | assign_bins_from_category_groups:235 | INFO | 	Group 1: 7081 observations, Categories: ['1']
2026-06-20 21:47:39,960 | [None] | mlops.auto_binning_woe_categorical | assign_bins_from_category_groups:235 | INFO | 	Group 2: 9413 observations, Categories: ['2']
2026-06-20 21:47:39,961 | [None] | mlops.auto_binning_woe_categorical | assign_bins_from_category_groups:235 | INFO | 	Group 3: 3276 observations, Categories: ['3']
2026-06-20 21:47:39,961 | [None] | mlops.auto_binning_woe_categorical | assign_bins_from_category_groups:235 | INFO | 	Group 4: 83 observations, Categories: ['4']
2026-06-20 21:47:39,961 | [None] | mlops.auto_binning_woe_categorical | assign_bins_from_category_groups:235 | INFO | 	Group 5: 201 observations, Categories: ['5']
2026-06-20 21:47:39,961 | [None] | mlops.auto_binning_woe_categorical | assign_bins_from_category_groups:235 | INFO | 	Group 6: 34 observations, Categories: ['6']
2026-06-20 21:47:39,961 | [None] | mlops.auto_binning_woe_categorical | auto_woe_binning_categorical:500 | INFO | STEP: 4 - Bins assigned based on current category groups.
2026-06-20 21:47:39,961 | [None] | mlops.auto_binning_woe_categorical | calculate_woe_iv_table_categorical:95 | INFO | Calculating WoE / IV table for categorical binning. bin_col='_bin'
2026-06-20 21:47:39,964 | [None] | mlops.auto_binning_woe_categorical | calculate_woe_iv_table_categorical:113 | INFO | Total good: 15654, Total bad: 4446
2026-06-20 21:47:39,965 | [None] | mlops.auto_binning_woe_categorical | calculate_woe_iv_table_categorical:145 | INFO | WoE / IV table calculated. Bin count=7, Total IV=0.035749
2026-06-20 21:47:39,965 | [None] | mlops.auto_binning_woe_categorical | auto_woe_binning_categorical:509 | INFO | STEP: 4 - WoE / IV summary table calculated.
2026-06-20 21:47:39,966 | [None] | mlops.auto_binning_woe_categorical | auto_woe_binning_categorical:513 | INFO | STEP: 4 - Summary table sorted by bad_rate.
2026-06-20 21:47:39,966 | [None] | mlops.auto_binning_woe_categorical | auto_woe_binning_categorical:518 | INFO | STEP: 4 - Current bin count=7, Current IV=0.035749
2026-06-20 21:47:39,966 | [None] | mlops.auto_binning_woe_categorical | auto_woe_binning_categorical:531 | INFO | STEP: 4 - RULES CHECK START
2026-06-20 21:47:39,967 | [None] | mlops.auto_binning_woe_categorical | auto_woe_binning_categorical:555 | INFO | Rule 1 triggered: small bin merge.
2026-06-20 21:47:39,967 | [None] | mlops.auto_binning_woe_categorical | auto_woe_binning_categorical:556 | INFO | STEP: 4 - Problem bin=0, Merge with bin=0
2026-06-20 21:47:39,967 | [None] | mlops.auto_binning_woe_categorical | merge_category_groups:270 | INFO | Merging category groups. Merging group 0 into group 0
2026-06-20 21:47:39,968 | [None] | mlops.auto_binning_woe_categorical | merge_category_groups:286 | INFO | Groups merged and renumbered. New group count=7
2026-06-20 21:47:39,968 | [None] | mlops.auto_binning_woe_categorical | auto_woe_binning_categorical:564 | INFO | STEP: 4 - Category groups merged based on Rule 1.
2026-06-20 21:47:39,968 | [None] | mlops.auto_binning_woe_categorical | auto_woe_binning_categorical:491 | INFO | --- Iteration 5 ---
2026-06-20 21:47:39,968 | [None] | mlops.auto_binning_woe_categorical | assign_bins_from_category_groups:226 | INFO | Assigning observations to category groups. Group count=7
2026-06-20 21:47:39,968 | [None] | mlops.auto_binning_woe_categorical | assign_bins_from_category_groups:231 | INFO | Observations assigned to groups:
2026-06-20 21:47:39,969 | [None] | mlops.auto_binning_woe_categorical | assign_bins_from_category_groups:235 | INFO | 	Group 0: 12 observations, Categories: ['0']
2026-06-20 21:47:39,969 | [None] | mlops.auto_binning_woe_categorical | assign_bins_from_category_groups:235 | INFO | 	Group 1: 7081 observations, Categories: ['1']
2026-06-20 21:47:39,969 | [None] | mlops.auto_binning_woe_categorical | assign_bins_from_category_groups:235 | INFO | 	Group 2: 9413 observations, Categories: ['2']
2026-06-20 21:47:39,969 | [None] | mlops.auto_binning_woe_categorical | assign_bins_from_category_groups:235 | INFO | 	Group 3: 3276 observations, Categories: ['3']
2026-06-20 21:47:39,969 | [None] | mlops.auto_binning_woe_categorical | assign_bins_from_category_groups:235 | INFO | 	Group 4: 83 observations, Categories: ['4']
2026-06-20 21:47:39,969 | [None] | mlops.auto_binning_woe_categorical | assign_bins_from_category_groups:235 | INFO | 	Group 5: 201 observations, Categories: ['5']
2026-06-20 21:47:39,969 | [None] | mlops.auto_binning_woe_categorical | assign_bins_from_category_groups:235 | INFO | 	Group 6: 34 observations, Categories: ['6']
2026-06-20 21:47:39,970 | [None] | mlops.auto_binning_woe_categorical | auto_woe_binning_categorical:500 | INFO | STEP: 5 - Bins assigned based on current category groups.
2026-06-20 21:47:39,970 | [None] | mlops.auto_binning_woe_categorical | calculate_woe_iv_table_categorical:95 | INFO | Calculating WoE / IV table for categorical binning. bin_col='_bin'
2026-06-20 21:47:39,971 | [None] | mlops.auto_binning_woe_categorical | calculate_woe_iv_table_categorical:113 | INFO | Total good: 15654, Total bad: 4446
2026-06-20 21:47:39,973 | [None] | mlops.auto_binning_woe_categorical | calculate_woe_iv_table_categorical:145 | INFO | WoE / IV table calculated. Bin count=7, Total IV=0.035749
2026-06-20 21:47:39,973 | [None] | mlops.auto_binning_woe_categorical | auto_woe_binning_categorical:509 | INFO | STEP: 5 - WoE / IV summary table calculated.
2026-06-20 21:47:39,974 | [None] | mlops.auto_binning_woe_categorical | auto_woe_binning_categorical:513 | INFO | STEP: 5 - Summary table sorted by bad_rate.
2026-06-20 21:47:39,974 | [None] | mlops.auto_binning_woe_categorical | auto_woe_binning_categorical:518 | INFO | STEP: 5 - Current bin count=7, Current IV=0.035749
2026-06-20 21:47:39,975 | [None] | mlops.auto_binning_woe_categorical | auto_woe_binning_categorical:531 | INFO | STEP: 5 - RULES CHECK START
2026-06-20 21:47:39,975 | [None] | mlops.auto_binning_woe_categorical | auto_woe_binning_categorical:555 | INFO | Rule 1 triggered: small bin merge.
2026-06-20 21:47:39,975 | [None] | mlops.auto_binning_woe_categorical | auto_woe_binning_categorical:556 | INFO | STEP: 5 - Problem bin=0, Merge with bin=0
2026-06-20 21:47:39,975 | [None] | mlops.auto_binning_woe_categorical | merge_category_groups:270 | INFO | Merging category groups. Merging group 0 into group 0
2026-06-20 21:47:39,975 | [None] | mlops.auto_binning_woe_categorical | merge_category_groups:286 | INFO | Groups merged and renumbered. New group count=7
2026-06-20 21:47:39,975 | [None] | mlops.auto_binning_woe_categorical | auto_woe_binning_categorical:564 | INFO | STEP: 5 - Category groups merged based on Rule 1.
2026-06-20 21:47:39,975 | [None] | mlops.auto_binning_woe_categorical | auto_woe_binning_categorical:491 | INFO | --- Iteration 6 ---
2026-06-20 21:47:39,975 | [None] | mlops.auto_binning_woe_categorical | assign_bins_from_category_groups:226 | INFO | Assigning observations to category groups. Group count=7
2026-06-20 21:47:39,976 | [None] | mlops.auto_binning_woe_categorical | assign_bins_from_category_groups:231 | INFO | Observations assigned to groups:
2026-06-20 21:47:39,976 | [None] | mlops.auto_binning_woe_categorical | assign_bins_from_category_groups:235 | INFO | 	Group 0: 12 observations, Categories: ['0']
2026-06-20 21:47:39,977 | [None] | mlops.auto_binning_woe_categorical | assign_bins_from_category_groups:235 | INFO | 	Group 1: 7081 observations, Categories: ['1']
2026-06-20 21:47:39,977 | [None] | mlops.auto_binning_woe_categorical | assign_bins_from_category_groups:235 | INFO | 	Group 2: 9413 observations, Categories: ['2']
2026-06-20 21:47:39,977 | [None] | mlops.auto_binning_woe_categorical | assign_bins_from_category_groups:235 | INFO | 	Group 3: 3276 observations, Categories: ['3']
2026-06-20 21:47:39,977 | [None] | mlops.auto_binning_woe_categorical | assign_bins_from_category_groups:235 | INFO | 	Group 4: 83 observations, Categories: ['4']
2026-06-20 21:47:39,978 | [None] | mlops.auto_binning_woe_categorical | assign_bins_from_category_groups:235 | INFO | 	Group 5: 201 observations, Categories: ['5']
2026-06-20 21:47:39,978 | [None] | mlops.auto_binning_woe_categorical | assign_bins_from_category_groups:235 | INFO | 	Group 6: 34 observations, Categories: ['6']
2026-06-20 21:47:39,978 | [None] | mlops.auto_binning_woe_categorical | auto_woe_binning_categorical:500 | INFO | STEP: 6 - Bins assigned based on current category groups.
2026-06-20 21:47:39,978 | [None] | mlops.auto_binning_woe_categorical | calculate_woe_iv_table_categorical:95 | INFO | Calculating WoE / IV table for categorical binning. bin_col='_bin'
2026-06-20 21:47:39,980 | [None] | mlops.auto_binning_woe_categorical | calculate_woe_iv_table_categorical:113 | INFO | Total good: 15654, Total bad: 4446
2026-06-20 21:47:39,981 | [None] | mlops.auto_binning_woe_categorical | calculate_woe_iv_table_categorical:145 | INFO | WoE / IV table calculated. Bin count=7, Total IV=0.035749
2026-06-20 21:47:39,982 | [None] | mlops.auto_binning_woe_categorical | auto_woe_binning_categorical:509 | INFO | STEP: 6 - WoE / IV summary table calculated.
2026-06-20 21:47:39,982 | [None] | mlops.auto_binning_woe_categorical | auto_woe_binning_categorical:513 | INFO | STEP: 6 - Summary table sorted by bad_rate.
2026-06-20 21:47:39,982 | [None] | mlops.auto_binning_woe_categorical | auto_woe_binning_categorical:518 | INFO | STEP: 6 - Current bin count=7, Current IV=0.035749
2026-06-20 21:47:39,983 | [None] | mlops.auto_binning_woe_categorical | auto_woe_binning_categorical:531 | INFO | STEP: 6 - RULES CHECK START
2026-06-20 21:47:39,983 | [None] | mlops.auto_binning_woe_categorical | auto_woe_binning_categorical:555 | INFO | Rule 1 triggered: small bin merge.
2026-06-20 21:47:39,984 | [None] | mlops.auto_binning_woe_categorical | auto_woe_binning_categorical:556 | INFO | STEP: 6 - Problem bin=0, Merge with bin=0
2026-06-20 21:47:39,984 | [None] | mlops.auto_binning_woe_categorical | merge_category_groups:270 | INFO | Merging category groups. Merging group 0 into group 0
2026-06-20 21:47:39,984 | [None] | mlops.auto_binning_woe_categorical | merge_category_groups:286 | INFO | Groups merged and renumbered. New group count=7
2026-06-20 21:47:39,984 | [None] | mlops.auto_binning_woe_categorical | auto_woe_binning_categorical:564 | INFO | STEP: 6 - Category groups merged based on Rule 1.
2026-06-20 21:47:39,984 | [None] | mlops.auto_binning_woe_categorical | auto_woe_binning_categorical:491 | INFO | --- Iteration 7 ---
2026-06-20 21:47:39,984 | [None] | mlops.auto_binning_woe_categorical | assign_bins_from_category_groups:226 | INFO | Assigning observations to category groups. Group count=7
2026-06-20 21:47:39,985 | [None] | mlops.auto_binning_woe_categorical | assign_bins_from_category_groups:231 | INFO | Observations assigned to groups:
2026-06-20 21:47:39,985 | [None] | mlops.auto_binning_woe_categorical | assign_bins_from_category_groups:235 | INFO | 	Group 0: 12 observations, Categories: ['0']
2026-06-20 21:47:39,985 | [None] | mlops.auto_binning_woe_categorical | assign_bins_from_category_groups:235 | INFO | 	Group 1: 7081 observations, Categories: ['1']
2026-06-20 21:47:39,985 | [None] | mlops.auto_binning_woe_categorical | assign_bins_from_category_groups:235 | INFO | 	Group 2: 9413 observations, Categories: ['2']
2026-06-20 21:47:39,985 | [None] | mlops.auto_binning_woe_categorical | assign_bins_from_category_groups:235 | INFO | 	Group 3: 3276 observations, Categories: ['3']
2026-06-20 21:47:39,985 | [None] | mlops.auto_binning_woe_categorical | assign_bins_from_category_groups:235 | INFO | 	Group 4: 83 observations, Categories: ['4']
2026-06-20 21:47:39,985 | [None] | mlops.auto_binning_woe_categorical | assign_bins_from_category_groups:235 | INFO | 	Group 5: 201 observations, Categories: ['5']
2026-06-20 21:47:39,985 | [None] | mlops.auto_binning_woe_categorical | assign_bins_from_category_groups:235 | INFO | 	Group 6: 34 observations, Categories: ['6']
2026-06-20 21:47:39,986 | [None] | mlops.auto_binning_woe_categorical | auto_woe_binning_categorical:500 | INFO | STEP: 7 - Bins assigned based on current category groups.
2026-06-20 21:47:39,986 | [None] | mlops.auto_binning_woe_categorical | calculate_woe_iv_table_categorical:95 | INFO | Calculating WoE / IV table for categorical binning. bin_col='_bin'
2026-06-20 21:47:39,987 | [None] | mlops.auto_binning_woe_categorical | calculate_woe_iv_table_categorical:113 | INFO | Total good: 15654, Total bad: 4446
2026-06-20 21:47:39,989 | [None] | mlops.auto_binning_woe_categorical | calculate_woe_iv_table_categorical:145 | INFO | WoE / IV table calculated. Bin count=7, Total IV=0.035749
2026-06-20 21:47:39,989 | [None] | mlops.auto_binning_woe_categorical | auto_woe_binning_categorical:509 | INFO | STEP: 7 - WoE / IV summary table calculated.
2026-06-20 21:47:39,989 | [None] | mlops.auto_binning_woe_categorical | auto_woe_binning_categorical:513 | INFO | STEP: 7 - Summary table sorted by bad_rate.
2026-06-20 21:47:39,990 | [None] | mlops.auto_binning_woe_categorical | auto_woe_binning_categorical:518 | INFO | STEP: 7 - Current bin count=7, Current IV=0.035749
2026-06-20 21:47:39,990 | [None] | mlops.auto_binning_woe_categorical | auto_woe_binning_categorical:531 | INFO | STEP: 7 - RULES CHECK START
2026-06-20 21:47:39,991 | [None] | mlops.auto_binning_woe_categorical | auto_woe_binning_categorical:555 | INFO | Rule 1 triggered: small bin merge.
2026-06-20 21:47:39,991 | [None] | mlops.auto_binning_woe_categorical | auto_woe_binning_categorical:556 | INFO | STEP: 7 - Problem bin=0, Merge with bin=0
2026-06-20 21:47:39,991 | [None] | mlops.auto_binning_woe_categorical | merge_category_groups:270 | INFO | Merging category groups. Merging group 0 into group 0
2026-06-20 21:47:39,991 | [None] | mlops.auto_binning_woe_categorical | merge_category_groups:286 | INFO | Groups merged and renumbered. New group count=7
2026-06-20 21:47:39,991 | [None] | mlops.auto_binning_woe_categorical | auto_woe_binning_categorical:564 | INFO | STEP: 7 - Category groups merged based on Rule 1.
2026-06-20 21:47:39,991 | [None] | mlops.auto_binning_woe_categorical | auto_woe_binning_categorical:491 | INFO | --- Iteration 8 ---
2026-06-20 21:47:39,991 | [None] | mlops.auto_binning_woe_categorical | assign_bins_from_category_groups:226 | INFO | Assigning observations to category groups. Group count=7
2026-06-20 21:47:39,992 | [None] | mlops.auto_binning_woe_categorical | assign_bins_from_category_groups:231 | INFO | Observations assigned to groups:
2026-06-20 21:47:39,992 | [None] | mlops.auto_binning_woe_categorical | assign_bins_from_category_groups:235 | INFO | 	Group 0: 12 observations, Categories: ['0']
2026-06-20 21:47:39,992 | [None] | mlops.auto_binning_woe_categorical | assign_bins_from_category_groups:235 | INFO | 	Group 1: 7081 observations, Categories: ['1']
2026-06-20 21:47:39,992 | [None] | mlops.auto_binning_woe_categorical | assign_bins_from_category_groups:235 | INFO | 	Group 2: 9413 observations, Categories: ['2']
2026-06-20 21:47:39,993 | [None] | mlops.auto_binning_woe_categorical | assign_bins_from_category_groups:235 | INFO | 	Group 3: 3276 observations, Categories: ['3']
2026-06-20 21:47:39,993 | [None] | mlops.auto_binning_woe_categorical | assign_bins_from_category_groups:235 | INFO | 	Group 4: 83 observations, Categories: ['4']
2026-06-20 21:47:39,993 | [None] | mlops.auto_binning_woe_categorical | assign_bins_from_category_groups:235 | INFO | 	Group 5: 201 observations, Categories: ['5']
2026-06-20 21:47:39,993 | [None] | mlops.auto_binning_woe_categorical | assign_bins_from_category_groups:235 | INFO | 	Group 6: 34 observations, Categories: ['6']
2026-06-20 21:47:39,994 | [None] | mlops.auto_binning_woe_categorical | auto_woe_binning_categorical:500 | INFO | STEP: 8 - Bins assigned based on current category groups.
2026-06-20 21:47:39,994 | [None] | mlops.auto_binning_woe_categorical | calculate_woe_iv_table_categorical:95 | INFO | Calculating WoE / IV table for categorical binning. bin_col='_bin'
2026-06-20 21:47:39,996 | [None] | mlops.auto_binning_woe_categorical | calculate_woe_iv_table_categorical:113 | INFO | Total good: 15654, Total bad: 4446
2026-06-20 21:47:39,998 | [None] | mlops.auto_binning_woe_categorical | calculate_woe_iv_table_categorical:145 | INFO | WoE / IV table calculated. Bin count=7, Total IV=0.035749
2026-06-20 21:47:39,998 | [None] | mlops.auto_binning_woe_categorical | auto_woe_binning_categorical:509 | INFO | STEP: 8 - WoE / IV summary table calculated.
2026-06-20 21:47:39,998 | [None] | mlops.auto_binning_woe_categorical | auto_woe_binning_categorical:513 | INFO | STEP: 8 - Summary table sorted by bad_rate.
2026-06-20 21:47:39,998 | [None] | mlops.auto_binning_woe_categorical | auto_woe_binning_categorical:518 | INFO | STEP: 8 - Current bin count=7, Current IV=0.035749
2026-06-20 21:47:39,999 | [None] | mlops.auto_binning_woe_categorical | auto_woe_binning_categorical:531 | INFO | STEP: 8 - RULES CHECK START
2026-06-20 21:47:40,000 | [None] | mlops.auto_binning_woe_categorical | auto_woe_binning_categorical:555 | INFO | Rule 1 triggered: small bin merge.
2026-06-20 21:47:40,000 | [None] | mlops.auto_binning_woe_categorical | auto_woe_binning_categorical:556 | INFO | STEP: 8 - Problem bin=0, Merge with bin=0
2026-06-20 21:47:40,000 | [None] | mlops.auto_binning_woe_categorical | merge_category_groups:270 | INFO | Merging category groups. Merging group 0 into group 0
2026-06-20 21:47:40,000 | [None] | mlops.auto_binning_woe_categorical | merge_category_groups:286 | INFO | Groups merged and renumbered. New group count=7
2026-06-20 21:47:40,000 | [None] | mlops.auto_binning_woe_categorical | auto_woe_binning_categorical:564 | INFO | STEP: 8 - Category groups merged based on Rule 1.
2026-06-20 21:47:40,000 | [None] | mlops.auto_binning_woe_categorical | auto_woe_binning_categorical:491 | INFO | --- Iteration 9 ---
2026-06-20 21:47:40,000 | [None] | mlops.auto_binning_woe_categorical | assign_bins_from_category_groups:226 | INFO | Assigning observations to category groups. Group count=7
2026-06-20 21:47:40,001 | [None] | mlops.auto_binning_woe_categorical | assign_bins_from_category_groups:231 | INFO | Observations assigned to groups:
2026-06-20 21:47:40,001 | [None] | mlops.auto_binning_woe_categorical | assign_bins_from_category_groups:235 | INFO | 	Group 0: 12 observations, Categories: ['0']
2026-06-20 21:47:40,001 | [None] | mlops.auto_binning_woe_categorical | assign_bins_from_category_groups:235 | INFO | 	Group 1: 7081 observations, Categories: ['1']
2026-06-20 21:47:40,001 | [None] | mlops.auto_binning_woe_categorical | assign_bins_from_category_groups:235 | INFO | 	Group 2: 9413 observations, Categories: ['2']
2026-06-20 21:47:40,001 | [None] | mlops.auto_binning_woe_categorical | assign_bins_from_category_groups:235 | INFO | 	Group 3: 3276 observations, Categories: ['3']
2026-06-20 21:47:40,001 | [None] | mlops.auto_binning_woe_categorical | assign_bins_from_category_groups:235 | INFO | 	Group 4: 83 observations, Categories: ['4']
2026-06-20 21:47:40,002 | [None] | mlops.auto_binning_woe_categorical | assign_bins_from_category_groups:235 | INFO | 	Group 5: 201 observations, Categories: ['5']
2026-06-20 21:47:40,002 | [None] | mlops.auto_binning_woe_categorical | assign_bins_from_category_groups:235 | INFO | 	Group 6: 34 observations, Categories: ['6']
2026-06-20 21:47:40,002 | [None] | mlops.auto_binning_woe_categorical | auto_woe_binning_categorical:500 | INFO | STEP: 9 - Bins assigned based on current category groups.
2026-06-20 21:47:40,002 | [None] | mlops.auto_binning_woe_categorical | calculate_woe_iv_table_categorical:95 | INFO | Calculating WoE / IV table for categorical binning. bin_col='_bin'
2026-06-20 21:47:40,003 | [None] | mlops.auto_binning_woe_categorical | calculate_woe_iv_table_categorical:113 | INFO | Total good: 15654, Total bad: 4446
2026-06-20 21:47:40,005 | [None] | mlops.auto_binning_woe_categorical | calculate_woe_iv_table_categorical:145 | INFO | WoE / IV table calculated. Bin count=7, Total IV=0.035749
2026-06-20 21:47:40,005 | [None] | mlops.auto_binning_woe_categorical | auto_woe_binning_categorical:509 | INFO | STEP: 9 - WoE / IV summary table calculated.
2026-06-20 21:47:40,006 | [None] | mlops.auto_binning_woe_categorical | auto_woe_binning_categorical:513 | INFO | STEP: 9 - Summary table sorted by bad_rate.
2026-06-20 21:47:40,006 | [None] | mlops.auto_binning_woe_categorical | auto_woe_binning_categorical:518 | INFO | STEP: 9 - Current bin count=7, Current IV=0.035749
2026-06-20 21:47:40,007 | [None] | mlops.auto_binning_woe_categorical | auto_woe_binning_categorical:531 | INFO | STEP: 9 - RULES CHECK START
2026-06-20 21:47:40,007 | [None] | mlops.auto_binning_woe_categorical | auto_woe_binning_categorical:555 | INFO | Rule 1 triggered: small bin merge.
2026-06-20 21:47:40,007 | [None] | mlops.auto_binning_woe_categorical | auto_woe_binning_categorical:556 | INFO | STEP: 9 - Problem bin=0, Merge with bin=0
2026-06-20 21:47:40,007 | [None] | mlops.auto_binning_woe_categorical | merge_category_groups:270 | INFO | Merging category groups. Merging group 0 into group 0
2026-06-20 21:47:40,007 | [None] | mlops.auto_binning_woe_categorical | merge_category_groups:286 | INFO | Groups merged and renumbered. New group count=7
2026-06-20 21:47:40,007 | [None] | mlops.auto_binning_woe_categorical | auto_woe_binning_categorical:564 | INFO | STEP: 9 - Category groups merged based on Rule 1.
2026-06-20 21:47:40,007 | [None] | mlops.auto_binning_woe_categorical | auto_woe_binning_categorical:491 | INFO | --- Iteration 10 ---
2026-06-20 21:47:40,008 | [None] | mlops.auto_binning_woe_categorical | assign_bins_from_category_groups:226 | INFO | Assigning observations to category groups. Group count=7
2026-06-20 21:47:40,008 | [None] | mlops.auto_binning_woe_categorical | assign_bins_from_category_groups:231 | INFO | Observations assigned to groups:
2026-06-20 21:47:40,008 | [None] | mlops.auto_binning_woe_categorical | assign_bins_from_category_groups:235 | INFO | 	Group 0: 12 observations, Categories: ['0']
2026-06-20 21:47:40,008 | [None] | mlops.auto_binning_woe_categorical | assign_bins_from_category_groups:235 | INFO | 	Group 1: 7081 observations, Categories: ['1']
2026-06-20 21:47:40,009 | [None] | mlops.auto_binning_woe_categorical | assign_bins_from_category_groups:235 | INFO | 	Group 2: 9413 observations, Categories: ['2']
2026-06-20 21:47:40,009 | [None] | mlops.auto_binning_woe_categorical | assign_bins_from_category_groups:235 | INFO | 	Group 3: 3276 observations, Categories: ['3']
2026-06-20 21:47:40,009 | [None] | mlops.auto_binning_woe_categorical | assign_bins_from_category_groups:235 | INFO | 	Group 4: 83 observations, Categories: ['4']
2026-06-20 21:47:40,009 | [None] | mlops.auto_binning_woe_categorical | assign_bins_from_category_groups:235 | INFO | 	Group 5: 201 observations, Categories: ['5']
2026-06-20 21:47:40,009 | [None] | mlops.auto_binning_woe_categorical | assign_bins_from_category_groups:235 | INFO | 	Group 6: 34 observations, Categories: ['6']
2026-06-20 21:47:40,009 | [None] | mlops.auto_binning_woe_categorical | auto_woe_binning_categorical:500 | INFO | STEP: 10 - Bins assigned based on current category groups.
2026-06-20 21:47:40,010 | [None] | mlops.auto_binning_woe_categorical | calculate_woe_iv_table_categorical:95 | INFO | Calculating WoE / IV table for categorical binning. bin_col='_bin'
2026-06-20 21:47:40,011 | [None] | mlops.auto_binning_woe_categorical | calculate_woe_iv_table_categorical:113 | INFO | Total good: 15654, Total bad: 4446
2026-06-20 21:47:40,013 | [None] | mlops.auto_binning_woe_categorical | calculate_woe_iv_table_categorical:145 | INFO | WoE / IV table calculated. Bin count=7, Total IV=0.035749
2026-06-20 21:47:40,013 | [None] | mlops.auto_binning_woe_categorical | auto_woe_binning_categorical:509 | INFO | STEP: 10 - WoE / IV summary table calculated.
2026-06-20 21:47:40,014 | [None] | mlops.auto_binning_woe_categorical | auto_woe_binning_categorical:513 | INFO | STEP: 10 - Summary table sorted by bad_rate.
2026-06-20 21:47:40,014 | [None] | mlops.auto_binning_woe_categorical | auto_woe_binning_categorical:518 | INFO | STEP: 10 - Current bin count=7, Current IV=0.035749
2026-06-20 21:47:40,015 | [None] | mlops.auto_binning_woe_categorical | auto_woe_binning_categorical:531 | INFO | STEP: 10 - RULES CHECK START
2026-06-20 21:47:40,015 | [None] | mlops.auto_binning_woe_categorical | auto_woe_binning_categorical:555 | INFO | Rule 1 triggered: small bin merge.
2026-06-20 21:47:40,015 | [None] | mlops.auto_binning_woe_categorical | auto_woe_binning_categorical:556 | INFO | STEP: 10 - Problem bin=0, Merge with bin=0
2026-06-20 21:47:40,015 | [None] | mlops.auto_binning_woe_categorical | merge_category_groups:270 | INFO | Merging category groups. Merging group 0 into group 0
2026-06-20 21:47:40,015 | [None] | mlops.auto_binning_woe_categorical | merge_category_groups:286 | INFO | Groups merged and renumbered. New group count=7
2026-06-20 21:47:40,016 | [None] | mlops.auto_binning_woe_categorical | auto_woe_binning_categorical:564 | INFO | STEP: 10 - Category groups merged based on Rule 1.
2026-06-20 21:47:40,016 | [None] | mlops.auto_binning_woe_categorical | auto_woe_binning_categorical:491 | INFO | --- Iteration 11 ---
2026-06-20 21:47:40,016 | [None] | mlops.auto_binning_woe_categorical | assign_bins_from_category_groups:226 | INFO | Assigning observations to category groups. Group count=7
2026-06-20 21:47:40,016 | [None] | mlops.auto_binning_woe_categorical | assign_bins_from_category_groups:231 | INFO | Observations assigned to groups:
2026-06-20 21:47:40,016 | [None] | mlops.auto_binning_woe_categorical | assign_bins_from_category_groups:235 | INFO | 	Group 0: 12 observations, Categories: ['0']
2026-06-20 21:47:40,017 | [None] | mlops.auto_binning_woe_categorical | assign_bins_from_category_groups:235 | INFO | 	Group 1: 7081 observations, Categories: ['1']
2026-06-20 21:47:40,017 | [None] | mlops.auto_binning_woe_categorical | assign_bins_from_category_groups:235 | INFO | 	Group 2: 9413 observations, Categories: ['2']
2026-06-20 21:47:40,017 | [None] | mlops.auto_binning_woe_categorical | assign_bins_from_category_groups:235 | INFO | 	Group 3: 3276 observations, Categories: ['3']
2026-06-20 21:47:40,017 | [None] | mlops.auto_binning_woe_categorical | assign_bins_from_category_groups:235 | INFO | 	Group 4: 83 observations, Categories: ['4']
2026-06-20 21:47:40,017 | [None] | mlops.auto_binning_woe_categorical | assign_bins_from_category_groups:235 | INFO | 	Group 5: 201 observations, Categories: ['5']
2026-06-20 21:47:40,017 | [None] | mlops.auto_binning_woe_categorical | assign_bins_from_category_groups:235 | INFO | 	Group 6: 34 observations, Categories: ['6']
2026-06-20 21:47:40,017 | [None] | mlops.auto_binning_woe_categorical | auto_woe_binning_categorical:500 | INFO | STEP: 11 - Bins assigned based on current category groups.
2026-06-20 21:47:40,017 | [None] | mlops.auto_binning_woe_categorical | calculate_woe_iv_table_categorical:95 | INFO | Calculating WoE / IV table for categorical binning. bin_col='_bin'
2026-06-20 21:47:40,019 | [None] | mlops.auto_binning_woe_categorical | calculate_woe_iv_table_categorical:113 | INFO | Total good: 15654, Total bad: 4446
2026-06-20 21:47:40,021 | [None] | mlops.auto_binning_woe_categorical | calculate_woe_iv_table_categorical:145 | INFO | WoE / IV table calculated. Bin count=7, Total IV=0.035749
2026-06-20 21:47:40,021 | [None] | mlops.auto_binning_woe_categorical | auto_woe_binning_categorical:509 | INFO | STEP: 11 - WoE / IV summary table calculated.
2026-06-20 21:47:40,021 | [None] | mlops.auto_binning_woe_categorical | auto_woe_binning_categorical:513 | INFO | STEP: 11 - Summary table sorted by bad_rate.
2026-06-20 21:47:40,022 | [None] | mlops.auto_binning_woe_categorical | auto_woe_binning_categorical:518 | INFO | STEP: 11 - Current bin count=7, Current IV=0.035749
2026-06-20 21:47:40,022 | [None] | mlops.auto_binning_woe_categorical | auto_woe_binning_categorical:531 | INFO | STEP: 11 - RULES CHECK START
2026-06-20 21:47:40,023 | [None] | mlops.auto_binning_woe_categorical | auto_woe_binning_categorical:555 | INFO | Rule 1 triggered: small bin merge.
2026-06-20 21:47:40,023 | [None] | mlops.auto_binning_woe_categorical | auto_woe_binning_categorical:556 | INFO | STEP: 11 - Problem bin=0, Merge with bin=0
2026-06-20 21:47:40,023 | [None] | mlops.auto_binning_woe_categorical | merge_category_groups:270 | INFO | Merging category groups. Merging group 0 into group 0
2026-06-20 21:47:40,023 | [None] | mlops.auto_binning_woe_categorical | merge_category_groups:286 | INFO | Groups merged and renumbered. New group count=7
2026-06-20 21:47:40,023 | [None] | mlops.auto_binning_woe_categorical | auto_woe_binning_categorical:564 | INFO | STEP: 11 - Category groups merged based on Rule 1.
2026-06-20 21:47:40,023 | [None] | mlops.auto_binning_woe_categorical | auto_woe_binning_categorical:491 | INFO | --- Iteration 12 ---
2026-06-20 21:47:40,023 | [None] | mlops.auto_binning_woe_categorical | assign_bins_from_category_groups:226 | INFO | Assigning observations to category groups. Group count=7
2026-06-20 21:47:40,024 | [None] | mlops.auto_binning_woe_categorical | assign_bins_from_category_groups:231 | INFO | Observations assigned to groups:
2026-06-20 21:47:40,024 | [None] | mlops.auto_binning_woe_categorical | assign_bins_from_category_groups:235 | INFO | 	Group 0: 12 observations, Categories: ['0']
2026-06-20 21:47:40,024 | [None] | mlops.auto_binning_woe_categorical | assign_bins_from_category_groups:235 | INFO | 	Group 1: 7081 observations, Categories: ['1']
2026-06-20 21:47:40,024 | [None] | mlops.auto_binning_woe_categorical | assign_bins_from_category_groups:235 | INFO | 	Group 2: 9413 observations, Categories: ['2']
2026-06-20 21:47:40,024 | [None] | mlops.auto_binning_woe_categorical | assign_bins_from_category_groups:235 | INFO | 	Group 3: 3276 observations, Categories: ['3']
2026-06-20 21:47:40,024 | [None] | mlops.auto_binning_woe_categorical | assign_bins_from_category_groups:235 | INFO | 	Group 4: 83 observations, Categories: ['4']
2026-06-20 21:47:40,024 | [None] | mlops.auto_binning_woe_categorical | assign_bins_from_category_groups:235 | INFO | 	Group 5: 201 observations, Categories: ['5']
2026-06-20 21:47:40,025 | [None] | mlops.auto_binning_woe_categorical | assign_bins_from_category_groups:235 | INFO | 	Group 6: 34 observations, Categories: ['6']
2026-06-20 21:47:40,025 | [None] | mlops.auto_binning_woe_categorical | auto_woe_binning_categorical:500 | INFO | STEP: 12 - Bins assigned based on current category groups.
2026-06-20 21:47:40,025 | [None] | mlops.auto_binning_woe_categorical | calculate_woe_iv_table_categorical:95 | INFO | Calculating WoE / IV table for categorical binning. bin_col='_bin'
2026-06-20 21:47:40,027 | [None] | mlops.auto_binning_woe_categorical | calculate_woe_iv_table_categorical:113 | INFO | Total good: 15654, Total bad: 4446
2026-06-20 21:47:40,029 | [None] | mlops.auto_binning_woe_categorical | calculate_woe_iv_table_categorical:145 | INFO | WoE / IV table calculated. Bin count=7, Total IV=0.035749
2026-06-20 21:47:40,029 | [None] | mlops.auto_binning_woe_categorical | auto_woe_binning_categorical:509 | INFO | STEP: 12 - WoE / IV summary table calculated.
2026-06-20 21:47:40,029 | [None] | mlops.auto_binning_woe_categorical | auto_woe_binning_categorical:513 | INFO | STEP: 12 - Summary table sorted by bad_rate.
2026-06-20 21:47:40,030 | [None] | mlops.auto_binning_woe_categorical | auto_woe_binning_categorical:518 | INFO | STEP: 12 - Current bin count=7, Current IV=0.035749
2026-06-20 21:47:40,030 | [None] | mlops.auto_binning_woe_categorical | auto_woe_binning_categorical:531 | INFO | STEP: 12 - RULES CHECK START
2026-06-20 21:47:40,031 | [None] | mlops.auto_binning_woe_categorical | auto_woe_binning_categorical:555 | INFO | Rule 1 triggered: small bin merge.
2026-06-20 21:47:40,031 | [None] | mlops.auto_binning_woe_categorical | auto_woe_binning_categorical:556 | INFO | STEP: 12 - Problem bin=0, Merge with bin=0
2026-06-20 21:47:40,031 | [None] | mlops.auto_binning_woe_categorical | merge_category_groups:270 | INFO | Merging category groups. Merging group 0 into group 0
2026-06-20 21:47:40,031 | [None] | mlops.auto_binning_woe_categorical | merge_category_groups:286 | INFO | Groups merged and renumbered. New group count=7
2026-06-20 21:47:40,031 | [None] | mlops.auto_binning_woe_categorical | auto_woe_binning_categorical:564 | INFO | STEP: 12 - Category groups merged based on Rule 1.
2026-06-20 21:47:40,031 | [None] | mlops.auto_binning_woe_categorical | auto_woe_binning_categorical:491 | INFO | --- Iteration 13 ---
2026-06-20 21:47:40,031 | [None] | mlops.auto_binning_woe_categorical | assign_bins_from_category_groups:226 | INFO | Assigning observations to category groups. Group count=7
2026-06-20 21:47:40,032 | [None] | mlops.auto_binning_woe_categorical | assign_bins_from_category_groups:231 | INFO | Observations assigned to groups:
2026-06-20 21:47:40,032 | [None] | mlops.auto_binning_woe_categorical | assign_bins_from_category_groups:235 | INFO | 	Group 0: 12 observations, Categories: ['0']
2026-06-20 21:47:40,032 | [None] | mlops.auto_binning_woe_categorical | assign_bins_from_category_groups:235 | INFO | 	Group 1: 7081 observations, Categories: ['1']
2026-06-20 21:47:40,032 | [None] | mlops.auto_binning_woe_categorical | assign_bins_from_category_groups:235 | INFO | 	Group 2: 9413 observations, Categories: ['2']
2026-06-20 21:47:40,033 | [None] | mlops.auto_binning_woe_categorical | assign_bins_from_category_groups:235 | INFO | 	Group 3: 3276 observations, Categories: ['3']
2026-06-20 21:47:40,033 | [None] | mlops.auto_binning_woe_categorical | assign_bins_from_category_groups:235 | INFO | 	Group 4: 83 observations, Categories: ['4']
2026-06-20 21:47:40,033 | [None] | mlops.auto_binning_woe_categorical | assign_bins_from_category_groups:235 | INFO | 	Group 5: 201 observations, Categories: ['5']
2026-06-20 21:47:40,033 | [None] | mlops.auto_binning_woe_categorical | assign_bins_from_category_groups:235 | INFO | 	Group 6: 34 observations, Categories: ['6']
2026-06-20 21:47:40,033 | [None] | mlops.auto_binning_woe_categorical | auto_woe_binning_categorical:500 | INFO | STEP: 13 - Bins assigned based on current category groups.
2026-06-20 21:47:40,033 | [None] | mlops.auto_binning_woe_categorical | calculate_woe_iv_table_categorical:95 | INFO | Calculating WoE / IV table for categorical binning. bin_col='_bin'
2026-06-20 21:47:40,035 | [None] | mlops.auto_binning_woe_categorical | calculate_woe_iv_table_categorical:113 | INFO | Total good: 15654, Total bad: 4446
2026-06-20 21:47:40,036 | [None] | mlops.auto_binning_woe_categorical | calculate_woe_iv_table_categorical:145 | INFO | WoE / IV table calculated. Bin count=7, Total IV=0.035749
2026-06-20 21:47:40,036 | [None] | mlops.auto_binning_woe_categorical | auto_woe_binning_categorical:509 | INFO | STEP: 13 - WoE / IV summary table calculated.
2026-06-20 21:47:40,037 | [None] | mlops.auto_binning_woe_categorical | auto_woe_binning_categorical:513 | INFO | STEP: 13 - Summary table sorted by bad_rate.
2026-06-20 21:47:40,037 | [None] | mlops.auto_binning_woe_categorical | auto_woe_binning_categorical:518 | INFO | STEP: 13 - Current bin count=7, Current IV=0.035749
2026-06-20 21:47:40,038 | [None] | mlops.auto_binning_woe_categorical | auto_woe_binning_categorical:531 | INFO | STEP: 13 - RULES CHECK START
2026-06-20 21:47:40,038 | [None] | mlops.auto_binning_woe_categorical | auto_woe_binning_categorical:555 | INFO | Rule 1 triggered: small bin merge.
2026-06-20 21:47:40,038 | [None] | mlops.auto_binning_woe_categorical | auto_woe_binning_categorical:556 | INFO | STEP: 13 - Problem bin=0, Merge with bin=0
2026-06-20 21:47:40,038 | [None] | mlops.auto_binning_woe_categorical | merge_category_groups:270 | INFO | Merging category groups. Merging group 0 into group 0
2026-06-20 21:47:40,038 | [None] | mlops.auto_binning_woe_categorical | merge_category_groups:286 | INFO | Groups merged and renumbered. New group count=7
2026-06-20 21:47:40,038 | [None] | mlops.auto_binning_woe_categorical | auto_woe_binning_categorical:564 | INFO | STEP: 13 - Category groups merged based on Rule 1.
2026-06-20 21:47:40,038 | [None] | mlops.auto_binning_woe_categorical | auto_woe_binning_categorical:491 | INFO | --- Iteration 14 ---
2026-06-20 21:47:40,039 | [None] | mlops.auto_binning_woe_categorical | assign_bins_from_category_groups:226 | INFO | Assigning observations to category groups. Group count=7
2026-06-20 21:47:40,039 | [None] | mlops.auto_binning_woe_categorical | assign_bins_from_category_groups:231 | INFO | Observations assigned to groups:
2026-06-20 21:47:40,039 | [None] | mlops.auto_binning_woe_categorical | assign_bins_from_category_groups:235 | INFO | 	Group 0: 12 observations, Categories: ['0']
2026-06-20 21:47:40,040 | [None] | mlops.auto_binning_woe_categorical | assign_bins_from_category_groups:235 | INFO | 	Group 1: 7081 observations, Categories: ['1']
2026-06-20 21:47:40,040 | [None] | mlops.auto_binning_woe_categorical | assign_bins_from_category_groups:235 | INFO | 	Group 2: 9413 observations, Categories: ['2']
2026-06-20 21:47:40,040 | [None] | mlops.auto_binning_woe_categorical | assign_bins_from_category_groups:235 | INFO | 	Group 3: 3276 observations, Categories: ['3']
2026-06-20 21:47:40,040 | [None] | mlops.auto_binning_woe_categorical | assign_bins_from_category_groups:235 | INFO | 	Group 4: 83 observations, Categories: ['4']
2026-06-20 21:47:40,040 | [None] | mlops.auto_binning_woe_categorical | assign_bins_from_category_groups:235 | INFO | 	Group 5: 201 observations, Categories: ['5']
2026-06-20 21:47:40,040 | [None] | mlops.auto_binning_woe_categorical | assign_bins_from_category_groups:235 | INFO | 	Group 6: 34 observations, Categories: ['6']
2026-06-20 21:47:40,040 | [None] | mlops.auto_binning_woe_categorical | auto_woe_binning_categorical:500 | INFO | STEP: 14 - Bins assigned based on current category groups.
2026-06-20 21:47:40,040 | [None] | mlops.auto_binning_woe_categorical | calculate_woe_iv_table_categorical:95 | INFO | Calculating WoE / IV table for categorical binning. bin_col='_bin'
2026-06-20 21:47:40,043 | [None] | mlops.auto_binning_woe_categorical | calculate_woe_iv_table_categorical:113 | INFO | Total good: 15654, Total bad: 4446
2026-06-20 21:47:40,045 | [None] | mlops.auto_binning_woe_categorical | calculate_woe_iv_table_categorical:145 | INFO | WoE / IV table calculated. Bin count=7, Total IV=0.035749
2026-06-20 21:47:40,045 | [None] | mlops.auto_binning_woe_categorical | auto_woe_binning_categorical:509 | INFO | STEP: 14 - WoE / IV summary table calculated.
2026-06-20 21:47:40,045 | [None] | mlops.auto_binning_woe_categorical | auto_woe_binning_categorical:513 | INFO | STEP: 14 - Summary table sorted by bad_rate.
2026-06-20 21:47:40,045 | [None] | mlops.auto_binning_woe_categorical | auto_woe_binning_categorical:518 | INFO | STEP: 14 - Current bin count=7, Current IV=0.035749
2026-06-20 21:47:40,046 | [None] | mlops.auto_binning_woe_categorical | auto_woe_binning_categorical:531 | INFO | STEP: 14 - RULES CHECK START
2026-06-20 21:47:40,047 | [None] | mlops.auto_binning_woe_categorical | auto_woe_binning_categorical:555 | INFO | Rule 1 triggered: small bin merge.
2026-06-20 21:47:40,047 | [None] | mlops.auto_binning_woe_categorical | auto_woe_binning_categorical:556 | INFO | STEP: 14 - Problem bin=0, Merge with bin=0
2026-06-20 21:47:40,047 | [None] | mlops.auto_binning_woe_categorical | merge_category_groups:270 | INFO | Merging category groups. Merging group 0 into group 0
2026-06-20 21:47:40,047 | [None] | mlops.auto_binning_woe_categorical | merge_category_groups:286 | INFO | Groups merged and renumbered. New group count=7
2026-06-20 21:47:40,047 | [None] | mlops.auto_binning_woe_categorical | auto_woe_binning_categorical:564 | INFO | STEP: 14 - Category groups merged based on Rule 1.
2026-06-20 21:47:40,047 | [None] | mlops.auto_binning_woe_categorical | auto_woe_binning_categorical:491 | INFO | --- Iteration 15 ---
2026-06-20 21:47:40,047 | [None] | mlops.auto_binning_woe_categorical | assign_bins_from_category_groups:226 | INFO | Assigning observations to category groups. Group count=7
2026-06-20 21:47:40,048 | [None] | mlops.auto_binning_woe_categorical | assign_bins_from_category_groups:231 | INFO | Observations assigned to groups:
2026-06-20 21:47:40,048 | [None] | mlops.auto_binning_woe_categorical | assign_bins_from_category_groups:235 | INFO | 	Group 0: 12 observations, Categories: ['0']
2026-06-20 21:47:40,048 | [None] | mlops.auto_binning_woe_categorical | assign_bins_from_category_groups:235 | INFO | 	Group 1: 7081 observations, Categories: ['1']
2026-06-20 21:47:40,048 | [None] | mlops.auto_binning_woe_categorical | assign_bins_from_category_groups:235 | INFO | 	Group 2: 9413 observations, Categories: ['2']
2026-06-20 21:47:40,049 | [None] | mlops.auto_binning_woe_categorical | assign_bins_from_category_groups:235 | INFO | 	Group 3: 3276 observations, Categories: ['3']
2026-06-20 21:47:40,049 | [None] | mlops.auto_binning_woe_categorical | assign_bins_from_category_groups:235 | INFO | 	Group 4: 83 observations, Categories: ['4']
2026-06-20 21:47:40,049 | [None] | mlops.auto_binning_woe_categorical | assign_bins_from_category_groups:235 | INFO | 	Group 5: 201 observations, Categories: ['5']
2026-06-20 21:47:40,049 | [None] | mlops.auto_binning_woe_categorical | assign_bins_from_category_groups:235 | INFO | 	Group 6: 34 observations, Categories: ['6']
2026-06-20 21:47:40,049 | [None] | mlops.auto_binning_woe_categorical | auto_woe_binning_categorical:500 | INFO | STEP: 15 - Bins assigned based on current category groups.
2026-06-20 21:47:40,049 | [None] | mlops.auto_binning_woe_categorical | calculate_woe_iv_table_categorical:95 | INFO | Calculating WoE / IV table for categorical binning. bin_col='_bin'
2026-06-20 21:47:40,051 | [None] | mlops.auto_binning_woe_categorical | calculate_woe_iv_table_categorical:113 | INFO | Total good: 15654, Total bad: 4446
2026-06-20 21:47:40,052 | [None] | mlops.auto_binning_woe_categorical | calculate_woe_iv_table_categorical:145 | INFO | WoE / IV table calculated. Bin count=7, Total IV=0.035749
2026-06-20 21:47:40,052 | [None] | mlops.auto_binning_woe_categorical | auto_woe_binning_categorical:509 | INFO | STEP: 15 - WoE / IV summary table calculated.
2026-06-20 21:47:40,053 | [None] | mlops.auto_binning_woe_categorical | auto_woe_binning_categorical:513 | INFO | STEP: 15 - Summary table sorted by bad_rate.
2026-06-20 21:47:40,053 | [None] | mlops.auto_binning_woe_categorical | auto_woe_binning_categorical:518 | INFO | STEP: 15 - Current bin count=7, Current IV=0.035749
2026-06-20 21:47:40,054 | [None] | mlops.auto_binning_woe_categorical | auto_woe_binning_categorical:531 | INFO | STEP: 15 - RULES CHECK START
2026-06-20 21:47:40,054 | [None] | mlops.auto_binning_woe_categorical | auto_woe_binning_categorical:555 | INFO | Rule 1 triggered: small bin merge.
2026-06-20 21:47:40,054 | [None] | mlops.auto_binning_woe_categorical | auto_woe_binning_categorical:556 | INFO | STEP: 15 - Problem bin=0, Merge with bin=0
2026-06-20 21:47:40,054 | [None] | mlops.auto_binning_woe_categorical | merge_category_groups:270 | INFO | Merging category groups. Merging group 0 into group 0
2026-06-20 21:47:40,054 | [None] | mlops.auto_binning_woe_categorical | merge_category_groups:286 | INFO | Groups merged and renumbered. New group count=7
2026-06-20 21:47:40,054 | [None] | mlops.auto_binning_woe_categorical | auto_woe_binning_categorical:564 | INFO | STEP: 15 - Category groups merged based on Rule 1.
2026-06-20 21:47:40,054 | [None] | mlops.auto_binning_woe_categorical | auto_woe_binning_categorical:491 | INFO | --- Iteration 16 ---
2026-06-20 21:47:40,055 | [None] | mlops.auto_binning_woe_categorical | assign_bins_from_category_groups:226 | INFO | Assigning observations to category groups. Group count=7
2026-06-20 21:47:40,055 | [None] | mlops.auto_binning_woe_categorical | assign_bins_from_category_groups:231 | INFO | Observations assigned to groups:
2026-06-20 21:47:40,055 | [None] | mlops.auto_binning_woe_categorical | assign_bins_from_category_groups:235 | INFO | 	Group 0: 12 observations, Categories: ['0']
2026-06-20 21:47:40,055 | [None] | mlops.auto_binning_woe_categorical | assign_bins_from_category_groups:235 | INFO | 	Group 1: 7081 observations, Categories: ['1']
2026-06-20 21:47:40,056 | [None] | mlops.auto_binning_woe_categorical | assign_bins_from_category_groups:235 | INFO | 	Group 2: 9413 observations, Categories: ['2']
2026-06-20 21:47:40,056 | [None] | mlops.auto_binning_woe_categorical | assign_bins_from_category_groups:235 | INFO | 	Group 3: 3276 observations, Categories: ['3']
2026-06-20 21:47:40,056 | [None] | mlops.auto_binning_woe_categorical | assign_bins_from_category_groups:235 | INFO | 	Group 4: 83 observations, Categories: ['4']
2026-06-20 21:47:40,056 | [None] | mlops.auto_binning_woe_categorical | assign_bins_from_category_groups:235 | INFO | 	Group 5: 201 observations, Categories: ['5']
2026-06-20 21:47:40,056 | [None] | mlops.auto_binning_woe_categorical | assign_bins_from_category_groups:235 | INFO | 	Group 6: 34 observations, Categories: ['6']
2026-06-20 21:47:40,056 | [None] | mlops.auto_binning_woe_categorical | auto_woe_binning_categorical:500 | INFO | STEP: 16 - Bins assigned based on current category groups.
2026-06-20 21:47:40,056 | [None] | mlops.auto_binning_woe_categorical | calculate_woe_iv_table_categorical:95 | INFO | Calculating WoE / IV table for categorical binning. bin_col='_bin'
2026-06-20 21:47:40,058 | [None] | mlops.auto_binning_woe_categorical | calculate_woe_iv_table_categorical:113 | INFO | Total good: 15654, Total bad: 4446
2026-06-20 21:47:40,060 | [None] | mlops.auto_binning_woe_categorical | calculate_woe_iv_table_categorical:145 | INFO | WoE / IV table calculated. Bin count=7, Total IV=0.035749
2026-06-20 21:47:40,061 | [None] | mlops.auto_binning_woe_categorical | auto_woe_binning_categorical:509 | INFO | STEP: 16 - WoE / IV summary table calculated.
2026-06-20 21:47:40,061 | [None] | mlops.auto_binning_woe_categorical | auto_woe_binning_categorical:513 | INFO | STEP: 16 - Summary table sorted by bad_rate.
2026-06-20 21:47:40,061 | [None] | mlops.auto_binning_woe_categorical | auto_woe_binning_categorical:518 | INFO | STEP: 16 - Current bin count=7, Current IV=0.035749
2026-06-20 21:47:40,062 | [None] | mlops.auto_binning_woe_categorical | auto_woe_binning_categorical:531 | INFO | STEP: 16 - RULES CHECK START
2026-06-20 21:47:40,063 | [None] | mlops.auto_binning_woe_categorical | auto_woe_binning_categorical:555 | INFO | Rule 1 triggered: small bin merge.
2026-06-20 21:47:40,063 | [None] | mlops.auto_binning_woe_categorical | auto_woe_binning_categorical:556 | INFO | STEP: 16 - Problem bin=0, Merge with bin=0
2026-06-20 21:47:40,063 | [None] | mlops.auto_binning_woe_categorical | merge_category_groups:270 | INFO | Merging category groups. Merging group 0 into group 0
2026-06-20 21:47:40,063 | [None] | mlops.auto_binning_woe_categorical | merge_category_groups:286 | INFO | Groups merged and renumbered. New group count=7
2026-06-20 21:47:40,063 | [None] | mlops.auto_binning_woe_categorical | auto_woe_binning_categorical:564 | INFO | STEP: 16 - Category groups merged based on Rule 1.
2026-06-20 21:47:40,063 | [None] | mlops.auto_binning_woe_categorical | auto_woe_binning_categorical:491 | INFO | --- Iteration 17 ---
2026-06-20 21:47:40,063 | [None] | mlops.auto_binning_woe_categorical | assign_bins_from_category_groups:226 | INFO | Assigning observations to category groups. Group count=7
2026-06-20 21:47:40,064 | [None] | mlops.auto_binning_woe_categorical | assign_bins_from_category_groups:231 | INFO | Observations assigned to groups:
2026-06-20 21:47:40,064 | [None] | mlops.auto_binning_woe_categorical | assign_bins_from_category_groups:235 | INFO | 	Group 0: 12 observations, Categories: ['0']
2026-06-20 21:47:40,065 | [None] | mlops.auto_binning_woe_categorical | assign_bins_from_category_groups:235 | INFO | 	Group 1: 7081 observations, Categories: ['1']
2026-06-20 21:47:40,065 | [None] | mlops.auto_binning_woe_categorical | assign_bins_from_category_groups:235 | INFO | 	Group 2: 9413 observations, Categories: ['2']
2026-06-20 21:47:40,065 | [None] | mlops.auto_binning_woe_categorical | assign_bins_from_category_groups:235 | INFO | 	Group 3: 3276 observations, Categories: ['3']
2026-06-20 21:47:40,065 | [None] | mlops.auto_binning_woe_categorical | assign_bins_from_category_groups:235 | INFO | 	Group 4: 83 observations, Categories: ['4']
2026-06-20 21:47:40,065 | [None] | mlops.auto_binning_woe_categorical | assign_bins_from_category_groups:235 | INFO | 	Group 5: 201 observations, Categories: ['5']
2026-06-20 21:47:40,065 | [None] | mlops.auto_binning_woe_categorical | assign_bins_from_category_groups:235 | INFO | 	Group 6: 34 observations, Categories: ['6']
2026-06-20 21:47:40,065 | [None] | mlops.auto_binning_woe_categorical | auto_woe_binning_categorical:500 | INFO | STEP: 17 - Bins assigned based on current category groups.
2026-06-20 21:47:40,066 | [None] | mlops.auto_binning_woe_categorical | calculate_woe_iv_table_categorical:95 | INFO | Calculating WoE / IV table for categorical binning. bin_col='_bin'
2026-06-20 21:47:40,068 | [None] | mlops.auto_binning_woe_categorical | calculate_woe_iv_table_categorical:113 | INFO | Total good: 15654, Total bad: 4446
2026-06-20 21:47:40,069 | [None] | mlops.auto_binning_woe_categorical | calculate_woe_iv_table_categorical:145 | INFO | WoE / IV table calculated. Bin count=7, Total IV=0.035749
2026-06-20 21:47:40,069 | [None] | mlops.auto_binning_woe_categorical | auto_woe_binning_categorical:509 | INFO | STEP: 17 - WoE / IV summary table calculated.
2026-06-20 21:47:40,070 | [None] | mlops.auto_binning_woe_categorical | auto_woe_binning_categorical:513 | INFO | STEP: 17 - Summary table sorted by bad_rate.
2026-06-20 21:47:40,070 | [None] | mlops.auto_binning_woe_categorical | auto_woe_binning_categorical:518 | INFO | STEP: 17 - Current bin count=7, Current IV=0.035749
2026-06-20 21:47:40,071 | [None] | mlops.auto_binning_woe_categorical | auto_woe_binning_categorical:531 | INFO | STEP: 17 - RULES CHECK START
2026-06-20 21:47:40,071 | [None] | mlops.auto_binning_woe_categorical | auto_woe_binning_categorical:555 | INFO | Rule 1 triggered: small bin merge.
2026-06-20 21:47:40,071 | [None] | mlops.auto_binning_woe_categorical | auto_woe_binning_categorical:556 | INFO | STEP: 17 - Problem bin=0, Merge with bin=0
2026-06-20 21:47:40,071 | [None] | mlops.auto_binning_woe_categorical | merge_category_groups:270 | INFO | Merging category groups. Merging group 0 into group 0
2026-06-20 21:47:40,072 | [None] | mlops.auto_binning_woe_categorical | merge_category_groups:286 | INFO | Groups merged and renumbered. New group count=7
2026-06-20 21:47:40,072 | [None] | mlops.auto_binning_woe_categorical | auto_woe_binning_categorical:564 | INFO | STEP: 17 - Category groups merged based on Rule 1.
2026-06-20 21:47:40,072 | [None] | mlops.auto_binning_woe_categorical | auto_woe_binning_categorical:491 | INFO | --- Iteration 18 ---
2026-06-20 21:47:40,072 | [None] | mlops.auto_binning_woe_categorical | assign_bins_from_category_groups:226 | INFO | Assigning observations to category groups. Group count=7
2026-06-20 21:47:40,119 | [None] | mlops.auto_binning_woe_categorical | assign_bins_from_category_groups:231 | INFO | Observations assigned to groups:
2026-06-20 21:47:40,120 | [None] | mlops.auto_binning_woe_categorical | assign_bins_from_category_groups:235 | INFO | 	Group 0: 12 observations, Categories: ['0']
2026-06-20 21:47:40,120 | [None] | mlops.auto_binning_woe_categorical | assign_bins_from_category_groups:235 | INFO | 	Group 1: 7081 observations, Categories: ['1']
2026-06-20 21:47:40,120 | [None] | mlops.auto_binning_woe_categorical | assign_bins_from_category_groups:235 | INFO | 	Group 2: 9413 observations, Categories: ['2']
2026-06-20 21:47:40,121 | [None] | mlops.auto_binning_woe_categorical | assign_bins_from_category_groups:235 | INFO | 	Group 3: 3276 observations, Categories: ['3']
2026-06-20 21:47:40,121 | [None] | mlops.auto_binning_woe_categorical | assign_bins_from_category_groups:235 | INFO | 	Group 4: 83 observations, Categories: ['4']
2026-06-20 21:47:40,121 | [None] | mlops.auto_binning_woe_categorical | assign_bins_from_category_groups:235 | INFO | 	Group 5: 201 observations, Categories: ['5']
2026-06-20 21:47:40,121 | [None] | mlops.auto_binning_woe_categorical | assign_bins_from_category_groups:235 | INFO | 	Group 6: 34 observations, Categories: ['6']
2026-06-20 21:47:40,121 | [None] | mlops.auto_binning_woe_categorical | auto_woe_binning_categorical:500 | INFO | STEP: 18 - Bins assigned based on current category groups.
2026-06-20 21:47:40,121 | [None] | mlops.auto_binning_woe_categorical | calculate_woe_iv_table_categorical:95 | INFO | Calculating WoE / IV table for categorical binning. bin_col='_bin'
2026-06-20 21:47:40,124 | [None] | mlops.auto_binning_woe_categorical | calculate_woe_iv_table_categorical:113 | INFO | Total good: 15654, Total bad: 4446
2026-06-20 21:47:40,127 | [None] | mlops.auto_binning_woe_categorical | calculate_woe_iv_table_categorical:145 | INFO | WoE / IV table calculated. Bin count=7, Total IV=0.035749
2026-06-20 21:47:40,128 | [None] | mlops.auto_binning_woe_categorical | auto_woe_binning_categorical:509 | INFO | STEP: 18 - WoE / IV summary table calculated.
2026-06-20 21:47:40,128 | [None] | mlops.auto_binning_woe_categorical | auto_woe_binning_categorical:513 | INFO | STEP: 18 - Summary table sorted by bad_rate.
2026-06-20 21:47:40,128 | [None] | mlops.auto_binning_woe_categorical | auto_woe_binning_categorical:518 | INFO | STEP: 18 - Current bin count=7, Current IV=0.035749
2026-06-20 21:47:40,129 | [None] | mlops.auto_binning_woe_categorical | auto_woe_binning_categorical:531 | INFO | STEP: 18 - RULES CHECK START
2026-06-20 21:47:40,130 | [None] | mlops.auto_binning_woe_categorical | auto_woe_binning_categorical:555 | INFO | Rule 1 triggered: small bin merge.
2026-06-20 21:47:40,131 | [None] | mlops.auto_binning_woe_categorical | auto_woe_binning_categorical:556 | INFO | STEP: 18 - Problem bin=0, Merge with bin=0
2026-06-20 21:47:40,131 | [None] | mlops.auto_binning_woe_categorical | merge_category_groups:270 | INFO | Merging category groups. Merging group 0 into group 0
2026-06-20 21:47:40,131 | [None] | mlops.auto_binning_woe_categorical | merge_category_groups:286 | INFO | Groups merged and renumbered. New group count=7
2026-06-20 21:47:40,131 | [None] | mlops.auto_binning_woe_categorical | auto_woe_binning_categorical:564 | INFO | STEP: 18 - Category groups merged based on Rule 1.
2026-06-20 21:47:40,131 | [None] | mlops.auto_binning_woe_categorical | auto_woe_binning_categorical:491 | INFO | --- Iteration 19 ---
2026-06-20 21:47:40,131 | [None] | mlops.auto_binning_woe_categorical | assign_bins_from_category_groups:226 | INFO | Assigning observations to category groups. Group count=7
2026-06-20 21:47:40,132 | [None] | mlops.auto_binning_woe_categorical | assign_bins_from_category_groups:231 | INFO | Observations assigned to groups:
2026-06-20 21:47:40,133 | [None] | mlops.auto_binning_woe_categorical | assign_bins_from_category_groups:235 | INFO | 	Group 0: 12 observations, Categories: ['0']
2026-06-20 21:47:40,133 | [None] | mlops.auto_binning_woe_categorical | assign_bins_from_category_groups:235 | INFO | 	Group 1: 7081 observations, Categories: ['1']
2026-06-20 21:47:40,133 | [None] | mlops.auto_binning_woe_categorical | assign_bins_from_category_groups:235 | INFO | 	Group 2: 9413 observations, Categories: ['2']
2026-06-20 21:47:40,134 | [None] | mlops.auto_binning_woe_categorical | assign_bins_from_category_groups:235 | INFO | 	Group 3: 3276 observations, Categories: ['3']
2026-06-20 21:47:40,134 | [None] | mlops.auto_binning_woe_categorical | assign_bins_from_category_groups:235 | INFO | 	Group 4: 83 observations, Categories: ['4']
2026-06-20 21:47:40,134 | [None] | mlops.auto_binning_woe_categorical | assign_bins_from_category_groups:235 | INFO | 	Group 5: 201 observations, Categories: ['5']
2026-06-20 21:47:40,134 | [None] | mlops.auto_binning_woe_categorical | assign_bins_from_category_groups:235 | INFO | 	Group 6: 34 observations, Categories: ['6']
2026-06-20 21:47:40,135 | [None] | mlops.auto_binning_woe_categorical | auto_woe_binning_categorical:500 | INFO | STEP: 19 - Bins assigned based on current category groups.
2026-06-20 21:47:40,135 | [None] | mlops.auto_binning_woe_categorical | calculate_woe_iv_table_categorical:95 | INFO | Calculating WoE / IV table for categorical binning. bin_col='_bin'
2026-06-20 21:47:40,137 | [None] | mlops.auto_binning_woe_categorical | calculate_woe_iv_table_categorical:113 | INFO | Total good: 15654, Total bad: 4446
2026-06-20 21:47:40,138 | [None] | mlops.auto_binning_woe_categorical | calculate_woe_iv_table_categorical:145 | INFO | WoE / IV table calculated. Bin count=7, Total IV=0.035749
2026-06-20 21:47:40,139 | [None] | mlops.auto_binning_woe_categorical | auto_woe_binning_categorical:509 | INFO | STEP: 19 - WoE / IV summary table calculated.
2026-06-20 21:47:40,139 | [None] | mlops.auto_binning_woe_categorical | auto_woe_binning_categorical:513 | INFO | STEP: 19 - Summary table sorted by bad_rate.
2026-06-20 21:47:40,139 | [None] | mlops.auto_binning_woe_categorical | auto_woe_binning_categorical:518 | INFO | STEP: 19 - Current bin count=7, Current IV=0.035749
2026-06-20 21:47:40,140 | [None] | mlops.auto_binning_woe_categorical | auto_woe_binning_categorical:531 | INFO | STEP: 19 - RULES CHECK START
2026-06-20 21:47:40,141 | [None] | mlops.auto_binning_woe_categorical | auto_woe_binning_categorical:555 | INFO | Rule 1 triggered: small bin merge.
2026-06-20 21:47:40,141 | [None] | mlops.auto_binning_woe_categorical | auto_woe_binning_categorical:556 | INFO | STEP: 19 - Problem bin=0, Merge with bin=0
2026-06-20 21:47:40,141 | [None] | mlops.auto_binning_woe_categorical | merge_category_groups:270 | INFO | Merging category groups. Merging group 0 into group 0
2026-06-20 21:47:40,141 | [None] | mlops.auto_binning_woe_categorical | merge_category_groups:286 | INFO | Groups merged and renumbered. New group count=7
2026-06-20 21:47:40,141 | [None] | mlops.auto_binning_woe_categorical | auto_woe_binning_categorical:564 | INFO | STEP: 19 - Category groups merged based on Rule 1.
2026-06-20 21:47:40,141 | [None] | mlops.auto_binning_woe_categorical | auto_woe_binning_categorical:491 | INFO | --- Iteration 20 ---
2026-06-20 21:47:40,141 | [None] | mlops.auto_binning_woe_categorical | assign_bins_from_category_groups:226 | INFO | Assigning observations to category groups. Group count=7
2026-06-20 21:47:40,142 | [None] | mlops.auto_binning_woe_categorical | assign_bins_from_category_groups:231 | INFO | Observations assigned to groups:
2026-06-20 21:47:40,142 | [None] | mlops.auto_binning_woe_categorical | assign_bins_from_category_groups:235 | INFO | 	Group 0: 12 observations, Categories: ['0']
2026-06-20 21:47:40,142 | [None] | mlops.auto_binning_woe_categorical | assign_bins_from_category_groups:235 | INFO | 	Group 1: 7081 observations, Categories: ['1']
2026-06-20 21:47:40,142 | [None] | mlops.auto_binning_woe_categorical | assign_bins_from_category_groups:235 | INFO | 	Group 2: 9413 observations, Categories: ['2']
2026-06-20 21:47:40,143 | [None] | mlops.auto_binning_woe_categorical | assign_bins_from_category_groups:235 | INFO | 	Group 3: 3276 observations, Categories: ['3']
2026-06-20 21:47:40,143 | [None] | mlops.auto_binning_woe_categorical | assign_bins_from_category_groups:235 | INFO | 	Group 4: 83 observations, Categories: ['4']
2026-06-20 21:47:40,143 | [None] | mlops.auto_binning_woe_categorical | assign_bins_from_category_groups:235 | INFO | 	Group 5: 201 observations, Categories: ['5']
2026-06-20 21:47:40,143 | [None] | mlops.auto_binning_woe_categorical | assign_bins_from_category_groups:235 | INFO | 	Group 6: 34 observations, Categories: ['6']
2026-06-20 21:47:40,143 | [None] | mlops.auto_binning_woe_categorical | auto_woe_binning_categorical:500 | INFO | STEP: 20 - Bins assigned based on current category groups.
2026-06-20 21:47:40,143 | [None] | mlops.auto_binning_woe_categorical | calculate_woe_iv_table_categorical:95 | INFO | Calculating WoE / IV table for categorical binning. bin_col='_bin'
2026-06-20 21:47:40,146 | [None] | mlops.auto_binning_woe_categorical | calculate_woe_iv_table_categorical:113 | INFO | Total good: 15654, Total bad: 4446
2026-06-20 21:47:40,147 | [None] | mlops.auto_binning_woe_categorical | calculate_woe_iv_table_categorical:145 | INFO | WoE / IV table calculated. Bin count=7, Total IV=0.035749
2026-06-20 21:47:40,147 | [None] | mlops.auto_binning_woe_categorical | auto_woe_binning_categorical:509 | INFO | STEP: 20 - WoE / IV summary table calculated.
2026-06-20 21:47:40,148 | [None] | mlops.auto_binning_woe_categorical | auto_woe_binning_categorical:513 | INFO | STEP: 20 - Summary table sorted by bad_rate.
2026-06-20 21:47:40,148 | [None] | mlops.auto_binning_woe_categorical | auto_woe_binning_categorical:518 | INFO | STEP: 20 - Current bin count=7, Current IV=0.035749
2026-06-20 21:47:40,149 | [None] | mlops.auto_binning_woe_categorical | auto_woe_binning_categorical:531 | INFO | STEP: 20 - RULES CHECK START
2026-06-20 21:47:40,149 | [None] | mlops.auto_binning_woe_categorical | auto_woe_binning_categorical:555 | INFO | Rule 1 triggered: small bin merge.
2026-06-20 21:47:40,149 | [None] | mlops.auto_binning_woe_categorical | auto_woe_binning_categorical:556 | INFO | STEP: 20 - Problem bin=0, Merge with bin=0
2026-06-20 21:47:40,149 | [None] | mlops.auto_binning_woe_categorical | merge_category_groups:270 | INFO | Merging category groups. Merging group 0 into group 0
2026-06-20 21:47:40,149 | [None] | mlops.auto_binning_woe_categorical | merge_category_groups:286 | INFO | Groups merged and renumbered. New group count=7
2026-06-20 21:47:40,150 | [None] | mlops.auto_binning_woe_categorical | auto_woe_binning_categorical:564 | INFO | STEP: 20 - Category groups merged based on Rule 1.
2026-06-20 21:47:40,150 | [None] | mlops.auto_binning_woe_categorical | auto_woe_binning_categorical:686 | WARNING | Auto binning did NOT converge for feature 'education'. Reached max_iter=20 while rule violations were still present.
2026-06-20 21:47:40,150 | [None] | mlops.auto_binning_woe_categorical | auto_woe_binning_categorical:689 | INFO | Iterative merging process completed after 20 iterations.
2026-06-20 21:47:40,150 | [None] | mlops.auto_binning_woe_categorical | auto_woe_binning_categorical:690 | INFO | ----FINAL BINNING RESULTS----
2026-06-20 21:47:40,150 | [None] | mlops.auto_binning_woe_categorical | assign_bins_from_category_groups:226 | INFO | Assigning observations to category groups. Group count=7
2026-06-20 21:47:40,150 | [None] | mlops.auto_binning_woe_categorical | assign_bins_from_category_groups:231 | INFO | Observations assigned to groups:
2026-06-20 21:47:40,151 | [None] | mlops.auto_binning_woe_categorical | assign_bins_from_category_groups:235 | INFO | 	Group 0: 12 observations, Categories: ['0']
2026-06-20 21:47:40,151 | [None] | mlops.auto_binning_woe_categorical | assign_bins_from_category_groups:235 | INFO | 	Group 1: 7081 observations, Categories: ['1']
2026-06-20 21:47:40,151 | [None] | mlops.auto_binning_woe_categorical | assign_bins_from_category_groups:235 | INFO | 	Group 2: 9413 observations, Categories: ['2']
2026-06-20 21:47:40,151 | [None] | mlops.auto_binning_woe_categorical | assign_bins_from_category_groups:235 | INFO | 	Group 3: 3276 observations, Categories: ['3']
2026-06-20 21:47:40,151 | [None] | mlops.auto_binning_woe_categorical | assign_bins_from_category_groups:235 | INFO | 	Group 4: 83 observations, Categories: ['4']
2026-06-20 21:47:40,151 | [None] | mlops.auto_binning_woe_categorical | assign_bins_from_category_groups:235 | INFO | 	Group 5: 201 observations, Categories: ['5']
2026-06-20 21:47:40,152 | [None] | mlops.auto_binning_woe_categorical | assign_bins_from_category_groups:235 | INFO | 	Group 6: 34 observations, Categories: ['6']
2026-06-20 21:47:40,152 | [None] | mlops.auto_binning_woe_categorical | calculate_woe_iv_table_categorical:95 | INFO | Calculating WoE / IV table for categorical binning. bin_col='_bin'
2026-06-20 21:47:40,153 | [None] | mlops.auto_binning_woe_categorical | calculate_woe_iv_table_categorical:113 | INFO | Total good: 15654, Total bad: 4446
2026-06-20 21:47:40,155 | [None] | mlops.auto_binning_woe_categorical | calculate_woe_iv_table_categorical:145 | INFO | WoE / IV table calculated. Bin count=7, Total IV=0.035749
2026-06-20 21:47:40,157 | [None] | mlops.auto_binning_woe_categorical | auto_woe_binning_categorical:750 | WARNING | Final status: REVIEW_NOT_CONVERGED (max_iter reached)
2026-06-20 21:47:40,157 | [None] | mlops.auto_binning_woe_categorical | auto_woe_binning_categorical:764 | INFO | Feature: education, Final bins=7, Total IV=0.035749, Status=REVIEW_NOT_CONVERGED
2026-06-20 21:47:40,157 | [None] | mlops.auto_binning_woe_categorical | auto_woe_binning_categorical:766 | INFO | Values to Group mapping:
2026-06-20 21:47:40,157 | [None] | mlops.auto_binning_woe_categorical | auto_woe_binning_categorical:768 | INFO |   - education_grp0: ['0']
2026-06-20 21:47:40,157 | [None] | mlops.auto_binning_woe_categorical | auto_woe_binning_categorical:768 | INFO |   - education_grp1: ['1']
2026-06-20 21:47:40,157 | [None] | mlops.auto_binning_woe_categorical | auto_woe_binning_categorical:768 | INFO |   - education_grp2: ['2']
2026-06-20 21:47:40,157 | [None] | mlops.auto_binning_woe_categorical | auto_woe_binning_categorical:768 | INFO |   - education_grp3: ['3']
2026-06-20 21:47:40,157 | [None] | mlops.auto_binning_woe_categorical | auto_woe_binning_categorical:768 | INFO |   - education_grp4: ['4']
2026-06-20 21:47:40,158 | [None] | mlops.auto_binning_woe_categorical | auto_woe_binning_categorical:768 | INFO |   - education_grp5: ['5']
2026-06-20 21:47:40,158 | [None] | mlops.auto_binning_woe_categorical | auto_woe_binning_categorical:768 | INFO |   - education_grp6: ['6']
2026-06-20 21:47:40,159 | [None] | mlops.auto_binning_woe_categorical | auto_woe_binning_categorical:788 | INFO | Auto binning result saved to ./outputs/auto_binning_woe/education/final_auto_binning_woe.json
2026-06-20 21:47:40,161 | [None] | mlops.auto_binning_woe_categorical | auto_woe_binning_categorical:792 | INFO | Final WOE table saved to ./outputs/auto_binning_woe/education/final_woe_table.csv
2026-06-20 21:47:40,161 | [None] | mlops.auto_binning_woe_categorical | auto_woe_binning_categorical:795 | INFO | ==================================================
2026-06-20 21:47:40,161 | [None] | mlops.auto_binning_woe_categorical | auto_woe_binning_categorical:796 | INFO | INITIALIZE PARAMETERS
2026-06-20 21:47:40,161 | [None] | mlops.auto_binning_woe_categorical | auto_woe_binning_categorical:797 | INFO | Feature:..................... education
2026-06-20 21:47:40,161 | [None] | mlops.auto_binning_woe_categorical | auto_woe_binning_categorical:798 | INFO | Target:...................... TARGET
2026-06-20 21:47:40,161 | [None] | mlops.auto_binning_woe_categorical | auto_woe_binning_categorical:799 | INFO | Minimum Bin Percentage:...... 0.05
2026-06-20 21:47:40,161 | [None] | mlops.auto_binning_woe_categorical | auto_woe_binning_categorical:800 | INFO | Maximum Final Bins:.......... 6
2026-06-20 21:47:40,161 | [None] | mlops.auto_binning_woe_categorical | auto_woe_binning_categorical:801 | INFO | Minimum Final Bins:.......... 2
2026-06-20 21:47:40,161 | [None] | mlops.auto_binning_woe_categorical | auto_woe_binning_categorical:802 | INFO | Minimum IV:.................. 0.02
2026-06-20 21:47:40,161 | [None] | mlops.auto_binning_woe_categorical | auto_woe_binning_categorical:803 | INFO | Maximum IV:.................. 0.5
2026-06-20 21:47:40,161 | [None] | mlops.auto_binning_woe_categorical | auto_woe_binning_categorical:804 | INFO | Maximum Iterations:.......... 20
2026-06-20 21:47:40,162 | [None] | mlops.auto_binning_woe_categorical | auto_woe_binning_categorical:805 | INFO | ==================================================
2026-06-20 21:47:40,162 | [None] | mlops.auto_binning_woe_categorical | auto_woe_binning_categorical:807 | INFO | ==================================================
2026-06-20 21:47:40,162 | [None] | mlops.auto_binning_woe_categorical | auto_woe_binning_categorical:808 | INFO | AUTO BINNING RESULTS
2026-06-20 21:47:40,162 | [None] | mlops.auto_binning_woe_categorical | auto_woe_binning_categorical:809 | INFO | Stopping Iteration:............... 20
2026-06-20 21:47:40,162 | [None] | mlops.auto_binning_woe_categorical | auto_woe_binning_categorical:810 | INFO | Feature Name:..................... education
2026-06-20 21:47:40,162 | [None] | mlops.auto_binning_woe_categorical | auto_woe_binning_categorical:811 | INFO | Final Bin Count:.................. 7
2026-06-20 21:47:40,162 | [None] | mlops.auto_binning_woe_categorical | auto_woe_binning_categorical:812 | INFO | Total Information Value (IV):..... 0.035749
2026-06-20 21:47:40,162 | [None] | mlops.auto_binning_woe_categorical | auto_woe_binning_categorical:813 | INFO | IV Interpretation:................ Weak Predictive Power
2026-06-20 21:47:40,162 | [None] | mlops.auto_binning_woe_categorical | auto_woe_binning_categorical:814 | INFO | Binning Status:................... REVIEW_NOT_CONVERGED
2026-06-20 21:47:40,162 | [None] | mlops.auto_binning_woe_categorical | auto_woe_binning_categorical:815 | INFO | --------------------------------------------------
2026-06-20 21:47:40,162 | [None] | mlops.auto_binning_woe_categorical | auto_woe_binning_categorical:816 | INFO | WoE Summary Table:
2026-06-20 21:47:40,164 | [None] | mlops.auto_binning_woe_categorical | auto_woe_binning_categorical:817 | INFO | 
          _bin  total  good  bad  bad_rate  bin_pct  good_dist  bad_dist  good_dist_minus_bad_dist  odds_ratio       woe  woe_display       iv
education_grp0     12    12    0  0.000000 0.000597   0.000798  0.000112                  0.000686    7.104423  1.960718   196.071752 0.001345
education_grp4     83    78    5  0.060241 0.004129   0.005014  0.001236                  0.003777    4.055980  1.400192   140.019223 0.005289
education_grp5    201   187   14  0.069652 0.010000   0.011975  0.003259                  0.008716    3.674701  1.301472   130.147189 0.011344
education_grp6     34    28    6  0.176471 0.001692   0.001820  0.001461                  0.000359    1.246006  0.219944    21.994361 0.000079
education_grp1   7081  5709 1372  0.193758 0.352289   0.364650  0.308462                  0.056188    1.182155  0.167339    16.733925 0.009402
education_grp2   9413  7187 2226  0.236481 0.468308   0.459045  0.500393                 -0.041348    0.917369 -0.086246    -8.624574 0.003566
education_grp3   3276  2453  823  0.251221 0.162985   0.156698  0.185077                 -0.028379    0.846664 -0.166451   -16.645100 0.004724

2026-06-20 21:47:40,164 | [None] | mlops.auto_binning_woe_categorical | auto_woe_binning_categorical:818 | INFO | --------------------------------------------------
2026-06-20 21:47:40,164 | [None] | mlops.auto_binning_woe_categorical | auto_woe_binning_categorical:819 | INFO | Values to Group:
2026-06-20 21:47:40,164 | [None] | mlops.auto_binning_woe_categorical | auto_woe_binning_categorical:821 | INFO |   education_grp0: ['0']
2026-06-20 21:47:40,164 | [None] | mlops.auto_binning_woe_categorical | auto_woe_binning_categorical:821 | INFO |   education_grp1: ['1']
2026-06-20 21:47:40,164 | [None] | mlops.auto_binning_woe_categorical | auto_woe_binning_categorical:821 | INFO |   education_grp2: ['2']
2026-06-20 21:47:40,164 | [None] | mlops.auto_binning_woe_categorical | auto_woe_binning_categorical:821 | INFO |   education_grp3: ['3']
2026-06-20 21:47:40,164 | [None] | mlops.auto_binning_woe_categorical | auto_woe_binning_categorical:821 | INFO |   education_grp4: ['4']
2026-06-20 21:47:40,164 | [None] | mlops.auto_binning_woe_categorical | auto_woe_binning_categorical:821 | INFO |   education_grp5: ['5']
2026-06-20 21:47:40,164 | [None] | mlops.auto_binning_woe_categorical | auto_woe_binning_categorical:821 | INFO |   education_grp6: ['6']
2026-06-20 21:47:40,164 | [None] | mlops.auto_binning_woe_categorical | auto_woe_binning_categorical:822 | INFO | --------------------------------------------------
2026-06-20 21:47:40,164 | [None] | mlops.auto_binning_woe_categorical | auto_woe_binning_categorical:823 | INFO | Quality Check Results:
2026-06-20 21:47:40,164 | [None] | mlops.auto_binning_woe_categorical | auto_woe_binning_categorical:825 | INFO |   minBinPct: Is minimum pct of each bin > 0.05? -> False
2026-06-20 21:47:40,164 | [None] | mlops.auto_binning_woe_categorical | auto_woe_binning_categorical:825 | INFO |   goodBadExist: Do good and bad exist in every bin? -> False
2026-06-20 21:47:40,165 | [None] | mlops.auto_binning_woe_categorical | auto_woe_binning_categorical:825 | INFO |   badRateMonotonic: Is Bad Rate monotonic? -> True
2026-06-20 21:47:40,165 | [None] | mlops.auto_binning_woe_categorical | auto_woe_binning_categorical:825 | INFO |   woeMonotonic: Is WoE monotonic? -> True
2026-06-20 21:47:40,165 | [None] | mlops.auto_binning_woe_categorical | auto_woe_binning_categorical:825 | INFO |   binCount: Are bins between 2 and 6? -> False
2026-06-20 21:47:40,165 | [None] | mlops.auto_binning_woe_categorical | auto_woe_binning_categorical:825 | INFO |   ivReasonable: Is IV 0.035749 reasonable? (0.02 < IV < 0.50) -> True
2026-06-20 21:47:40,165 | [None] | mlops.auto_binning_woe_categorical | auto_woe_binning_categorical:826 | INFO | --------------------------------------------------
2026-06-20 21:47:40,165 | [None] | mlops.auto_binning_woe_categorical | auto_woe_binning_categorical:828 | INFO | Auto binning completed successfully for feature: 'education'
2026-06-20 21:47:40,165 | [None] | mlops.auto_binning_woe_categorical | auto_woe_binning_categorical:829 | INFO | ==================================================
2026-06-20 21:47:40,166 | [None] | mlops.auto_binning_woe_categorical | auto_woe_binning_categorical:409 | INFO | Starting categorical WoE auto binning. Feature:marital_status, Target:TARGET
2026-06-20 21:47:40,168 | [None] | mlops.auto_binning_woe_categorical | auto_woe_binning_categorical:463 | INFO | Missing rows dropped. Before=20100, After=20100, Dropped=0
2026-06-20 21:47:40,169 | [None] | mlops.auto_binning_woe_categorical | auto_woe_binning_categorical:466 | INFO | Target variable TARGET converted to integer type.
2026-06-20 21:47:40,169 | [None] | mlops.auto_binning_woe_categorical | auto_woe_binning_categorical:470 | INFO | Distinct categories found: ['0', '1', '2', '3']
2026-06-20 21:47:40,169 | [None] | mlops.auto_binning_woe_categorical | create_initial_category_groups:182 | INFO | Creating initial category groups. Category count=4
2026-06-20 21:47:40,169 | [None] | mlops.auto_binning_woe_categorical | create_initial_category_groups:188 | INFO | Initial category groups created:
2026-06-20 21:47:40,169 | [None] | mlops.auto_binning_woe_categorical | create_initial_category_groups:190 | INFO |   - Category: '0' -> Group: 0
2026-06-20 21:47:40,169 | [None] | mlops.auto_binning_woe_categorical | create_initial_category_groups:190 | INFO |   - Category: '1' -> Group: 1
2026-06-20 21:47:40,169 | [None] | mlops.auto_binning_woe_categorical | create_initial_category_groups:190 | INFO |   - Category: '2' -> Group: 2
2026-06-20 21:47:40,169 | [None] | mlops.auto_binning_woe_categorical | create_initial_category_groups:190 | INFO |   - Category: '3' -> Group: 3
2026-06-20 21:47:40,170 | [None] | mlops.auto_binning_woe_categorical | auto_woe_binning_categorical:491 | INFO | --- Iteration 1 ---
2026-06-20 21:47:40,170 | [None] | mlops.auto_binning_woe_categorical | assign_bins_from_category_groups:226 | INFO | Assigning observations to category groups. Group count=4
2026-06-20 21:47:40,170 | [None] | mlops.auto_binning_woe_categorical | assign_bins_from_category_groups:231 | INFO | Observations assigned to groups:
2026-06-20 21:47:40,171 | [None] | mlops.auto_binning_woe_categorical | assign_bins_from_category_groups:235 | INFO | 	Group 0: 40 observations, Categories: ['0']
2026-06-20 21:47:40,171 | [None] | mlops.auto_binning_woe_categorical | assign_bins_from_category_groups:235 | INFO | 	Group 1: 9125 observations, Categories: ['1']
2026-06-20 21:47:40,171 | [None] | mlops.auto_binning_woe_categorical | assign_bins_from_category_groups:235 | INFO | 	Group 2: 10715 observations, Categories: ['2']
2026-06-20 21:47:40,171 | [None] | mlops.auto_binning_woe_categorical | assign_bins_from_category_groups:235 | INFO | 	Group 3: 220 observations, Categories: ['3']
2026-06-20 21:47:40,171 | [None] | mlops.auto_binning_woe_categorical | auto_woe_binning_categorical:500 | INFO | STEP: 1 - Bins assigned based on current category groups.
2026-06-20 21:47:40,171 | [None] | mlops.auto_binning_woe_categorical | calculate_woe_iv_table_categorical:95 | INFO | Calculating WoE / IV table for categorical binning. bin_col='_bin'
2026-06-20 21:47:40,173 | [None] | mlops.auto_binning_woe_categorical | calculate_woe_iv_table_categorical:113 | INFO | Total good: 15654, Total bad: 4446
2026-06-20 21:47:40,175 | [None] | mlops.auto_binning_woe_categorical | calculate_woe_iv_table_categorical:145 | INFO | WoE / IV table calculated. Bin count=4, Total IV=0.007165
2026-06-20 21:47:40,175 | [None] | mlops.auto_binning_woe_categorical | auto_woe_binning_categorical:509 | INFO | STEP: 1 - WoE / IV summary table calculated.
2026-06-20 21:47:40,175 | [None] | mlops.auto_binning_woe_categorical | auto_woe_binning_categorical:513 | INFO | STEP: 1 - Summary table sorted by bad_rate.
2026-06-20 21:47:40,175 | [None] | mlops.auto_binning_woe_categorical | auto_woe_binning_categorical:518 | INFO | STEP: 1 - Current bin count=4, Current IV=0.007165
2026-06-20 21:47:40,176 | [None] | mlops.auto_binning_woe_categorical | auto_woe_binning_categorical:531 | INFO | STEP: 1 - RULES CHECK START
2026-06-20 21:47:40,177 | [None] | mlops.auto_binning_woe_categorical | auto_woe_binning_categorical:555 | INFO | Rule 1 triggered: small bin merge.
2026-06-20 21:47:40,177 | [None] | mlops.auto_binning_woe_categorical | auto_woe_binning_categorical:556 | INFO | STEP: 1 - Problem bin=0, Merge with bin=0
2026-06-20 21:47:40,177 | [None] | mlops.auto_binning_woe_categorical | merge_category_groups:270 | INFO | Merging category groups. Merging group 0 into group 0
2026-06-20 21:47:40,177 | [None] | mlops.auto_binning_woe_categorical | merge_category_groups:286 | INFO | Groups merged and renumbered. New group count=4
2026-06-20 21:47:40,177 | [None] | mlops.auto_binning_woe_categorical | auto_woe_binning_categorical:564 | INFO | STEP: 1 - Category groups merged based on Rule 1.
2026-06-20 21:47:40,177 | [None] | mlops.auto_binning_woe_categorical | auto_woe_binning_categorical:491 | INFO | --- Iteration 2 ---
2026-06-20 21:47:40,177 | [None] | mlops.auto_binning_woe_categorical | assign_bins_from_category_groups:226 | INFO | Assigning observations to category groups. Group count=4
2026-06-20 21:47:40,178 | [None] | mlops.auto_binning_woe_categorical | assign_bins_from_category_groups:231 | INFO | Observations assigned to groups:
2026-06-20 21:47:40,178 | [None] | mlops.auto_binning_woe_categorical | assign_bins_from_category_groups:235 | INFO | 	Group 0: 40 observations, Categories: ['0']
2026-06-20 21:47:40,178 | [None] | mlops.auto_binning_woe_categorical | assign_bins_from_category_groups:235 | INFO | 	Group 1: 9125 observations, Categories: ['1']
2026-06-20 21:47:40,179 | [None] | mlops.auto_binning_woe_categorical | assign_bins_from_category_groups:235 | INFO | 	Group 2: 10715 observations, Categories: ['2']
2026-06-20 21:47:40,179 | [None] | mlops.auto_binning_woe_categorical | assign_bins_from_category_groups:235 | INFO | 	Group 3: 220 observations, Categories: ['3']
2026-06-20 21:47:40,179 | [None] | mlops.auto_binning_woe_categorical | auto_woe_binning_categorical:500 | INFO | STEP: 2 - Bins assigned based on current category groups.
2026-06-20 21:47:40,179 | [None] | mlops.auto_binning_woe_categorical | calculate_woe_iv_table_categorical:95 | INFO | Calculating WoE / IV table for categorical binning. bin_col='_bin'
2026-06-20 21:47:40,181 | [None] | mlops.auto_binning_woe_categorical | calculate_woe_iv_table_categorical:113 | INFO | Total good: 15654, Total bad: 4446
2026-06-20 21:47:40,182 | [None] | mlops.auto_binning_woe_categorical | calculate_woe_iv_table_categorical:145 | INFO | WoE / IV table calculated. Bin count=4, Total IV=0.007165
2026-06-20 21:47:40,183 | [None] | mlops.auto_binning_woe_categorical | auto_woe_binning_categorical:509 | INFO | STEP: 2 - WoE / IV summary table calculated.
2026-06-20 21:47:40,183 | [None] | mlops.auto_binning_woe_categorical | auto_woe_binning_categorical:513 | INFO | STEP: 2 - Summary table sorted by bad_rate.
2026-06-20 21:47:40,183 | [None] | mlops.auto_binning_woe_categorical | auto_woe_binning_categorical:518 | INFO | STEP: 2 - Current bin count=4, Current IV=0.007165
2026-06-20 21:47:40,184 | [None] | mlops.auto_binning_woe_categorical | auto_woe_binning_categorical:531 | INFO | STEP: 2 - RULES CHECK START
2026-06-20 21:47:40,184 | [None] | mlops.auto_binning_woe_categorical | auto_woe_binning_categorical:555 | INFO | Rule 1 triggered: small bin merge.
2026-06-20 21:47:40,184 | [None] | mlops.auto_binning_woe_categorical | auto_woe_binning_categorical:556 | INFO | STEP: 2 - Problem bin=0, Merge with bin=0
2026-06-20 21:47:40,185 | [None] | mlops.auto_binning_woe_categorical | merge_category_groups:270 | INFO | Merging category groups. Merging group 0 into group 0
2026-06-20 21:47:40,185 | [None] | mlops.auto_binning_woe_categorical | merge_category_groups:286 | INFO | Groups merged and renumbered. New group count=4
2026-06-20 21:47:40,185 | [None] | mlops.auto_binning_woe_categorical | auto_woe_binning_categorical:564 | INFO | STEP: 2 - Category groups merged based on Rule 1.
2026-06-20 21:47:40,185 | [None] | mlops.auto_binning_woe_categorical | auto_woe_binning_categorical:491 | INFO | --- Iteration 3 ---
2026-06-20 21:47:40,185 | [None] | mlops.auto_binning_woe_categorical | assign_bins_from_category_groups:226 | INFO | Assigning observations to category groups. Group count=4
2026-06-20 21:47:40,185 | [None] | mlops.auto_binning_woe_categorical | assign_bins_from_category_groups:231 | INFO | Observations assigned to groups:
2026-06-20 21:47:40,186 | [None] | mlops.auto_binning_woe_categorical | assign_bins_from_category_groups:235 | INFO | 	Group 0: 40 observations, Categories: ['0']
2026-06-20 21:47:40,186 | [None] | mlops.auto_binning_woe_categorical | assign_bins_from_category_groups:235 | INFO | 	Group 1: 9125 observations, Categories: ['1']
2026-06-20 21:47:40,186 | [None] | mlops.auto_binning_woe_categorical | assign_bins_from_category_groups:235 | INFO | 	Group 2: 10715 observations, Categories: ['2']
2026-06-20 21:47:40,186 | [None] | mlops.auto_binning_woe_categorical | assign_bins_from_category_groups:235 | INFO | 	Group 3: 220 observations, Categories: ['3']
2026-06-20 21:47:40,186 | [None] | mlops.auto_binning_woe_categorical | auto_woe_binning_categorical:500 | INFO | STEP: 3 - Bins assigned based on current category groups.
2026-06-20 21:47:40,186 | [None] | mlops.auto_binning_woe_categorical | calculate_woe_iv_table_categorical:95 | INFO | Calculating WoE / IV table for categorical binning. bin_col='_bin'
2026-06-20 21:47:40,188 | [None] | mlops.auto_binning_woe_categorical | calculate_woe_iv_table_categorical:113 | INFO | Total good: 15654, Total bad: 4446
2026-06-20 21:47:40,190 | [None] | mlops.auto_binning_woe_categorical | calculate_woe_iv_table_categorical:145 | INFO | WoE / IV table calculated. Bin count=4, Total IV=0.007165
2026-06-20 21:47:40,190 | [None] | mlops.auto_binning_woe_categorical | auto_woe_binning_categorical:509 | INFO | STEP: 3 - WoE / IV summary table calculated.
2026-06-20 21:47:40,190 | [None] | mlops.auto_binning_woe_categorical | auto_woe_binning_categorical:513 | INFO | STEP: 3 - Summary table sorted by bad_rate.
2026-06-20 21:47:40,190 | [None] | mlops.auto_binning_woe_categorical | auto_woe_binning_categorical:518 | INFO | STEP: 3 - Current bin count=4, Current IV=0.007165
2026-06-20 21:47:40,191 | [None] | mlops.auto_binning_woe_categorical | auto_woe_binning_categorical:531 | INFO | STEP: 3 - RULES CHECK START
2026-06-20 21:47:40,192 | [None] | mlops.auto_binning_woe_categorical | auto_woe_binning_categorical:555 | INFO | Rule 1 triggered: small bin merge.
2026-06-20 21:47:40,192 | [None] | mlops.auto_binning_woe_categorical | auto_woe_binning_categorical:556 | INFO | STEP: 3 - Problem bin=0, Merge with bin=0
2026-06-20 21:47:40,192 | [None] | mlops.auto_binning_woe_categorical | merge_category_groups:270 | INFO | Merging category groups. Merging group 0 into group 0
2026-06-20 21:47:40,192 | [None] | mlops.auto_binning_woe_categorical | merge_category_groups:286 | INFO | Groups merged and renumbered. New group count=4
2026-06-20 21:47:40,192 | [None] | mlops.auto_binning_woe_categorical | auto_woe_binning_categorical:564 | INFO | STEP: 3 - Category groups merged based on Rule 1.
2026-06-20 21:47:40,192 | [None] | mlops.auto_binning_woe_categorical | auto_woe_binning_categorical:491 | INFO | --- Iteration 4 ---
2026-06-20 21:47:40,192 | [None] | mlops.auto_binning_woe_categorical | assign_bins_from_category_groups:226 | INFO | Assigning observations to category groups. Group count=4
2026-06-20 21:47:40,193 | [None] | mlops.auto_binning_woe_categorical | assign_bins_from_category_groups:231 | INFO | Observations assigned to groups:
2026-06-20 21:47:40,193 | [None] | mlops.auto_binning_woe_categorical | assign_bins_from_category_groups:235 | INFO | 	Group 0: 40 observations, Categories: ['0']
2026-06-20 21:47:40,193 | [None] | mlops.auto_binning_woe_categorical | assign_bins_from_category_groups:235 | INFO | 	Group 1: 9125 observations, Categories: ['1']
2026-06-20 21:47:40,193 | [None] | mlops.auto_binning_woe_categorical | assign_bins_from_category_groups:235 | INFO | 	Group 2: 10715 observations, Categories: ['2']
2026-06-20 21:47:40,193 | [None] | mlops.auto_binning_woe_categorical | assign_bins_from_category_groups:235 | INFO | 	Group 3: 220 observations, Categories: ['3']
2026-06-20 21:47:40,194 | [None] | mlops.auto_binning_woe_categorical | auto_woe_binning_categorical:500 | INFO | STEP: 4 - Bins assigned based on current category groups.
2026-06-20 21:47:40,194 | [None] | mlops.auto_binning_woe_categorical | calculate_woe_iv_table_categorical:95 | INFO | Calculating WoE / IV table for categorical binning. bin_col='_bin'
2026-06-20 21:47:40,196 | [None] | mlops.auto_binning_woe_categorical | calculate_woe_iv_table_categorical:113 | INFO | Total good: 15654, Total bad: 4446
2026-06-20 21:47:40,197 | [None] | mlops.auto_binning_woe_categorical | calculate_woe_iv_table_categorical:145 | INFO | WoE / IV table calculated. Bin count=4, Total IV=0.007165
2026-06-20 21:47:40,197 | [None] | mlops.auto_binning_woe_categorical | auto_woe_binning_categorical:509 | INFO | STEP: 4 - WoE / IV summary table calculated.
2026-06-20 21:47:40,198 | [None] | mlops.auto_binning_woe_categorical | auto_woe_binning_categorical:513 | INFO | STEP: 4 - Summary table sorted by bad_rate.
2026-06-20 21:47:40,198 | [None] | mlops.auto_binning_woe_categorical | auto_woe_binning_categorical:518 | INFO | STEP: 4 - Current bin count=4, Current IV=0.007165
2026-06-20 21:47:40,199 | [None] | mlops.auto_binning_woe_categorical | auto_woe_binning_categorical:531 | INFO | STEP: 4 - RULES CHECK START
2026-06-20 21:47:40,199 | [None] | mlops.auto_binning_woe_categorical | auto_woe_binning_categorical:555 | INFO | Rule 1 triggered: small bin merge.
2026-06-20 21:47:40,199 | [None] | mlops.auto_binning_woe_categorical | auto_woe_binning_categorical:556 | INFO | STEP: 4 - Problem bin=0, Merge with bin=0
2026-06-20 21:47:40,199 | [None] | mlops.auto_binning_woe_categorical | merge_category_groups:270 | INFO | Merging category groups. Merging group 0 into group 0
2026-06-20 21:47:40,199 | [None] | mlops.auto_binning_woe_categorical | merge_category_groups:286 | INFO | Groups merged and renumbered. New group count=4
2026-06-20 21:47:40,199 | [None] | mlops.auto_binning_woe_categorical | auto_woe_binning_categorical:564 | INFO | STEP: 4 - Category groups merged based on Rule 1.
2026-06-20 21:47:40,199 | [None] | mlops.auto_binning_woe_categorical | auto_woe_binning_categorical:491 | INFO | --- Iteration 5 ---
2026-06-20 21:47:40,200 | [None] | mlops.auto_binning_woe_categorical | assign_bins_from_category_groups:226 | INFO | Assigning observations to category groups. Group count=4
2026-06-20 21:47:40,200 | [None] | mlops.auto_binning_woe_categorical | assign_bins_from_category_groups:231 | INFO | Observations assigned to groups:
2026-06-20 21:47:40,200 | [None] | mlops.auto_binning_woe_categorical | assign_bins_from_category_groups:235 | INFO | 	Group 0: 40 observations, Categories: ['0']
2026-06-20 21:47:40,201 | [None] | mlops.auto_binning_woe_categorical | assign_bins_from_category_groups:235 | INFO | 	Group 1: 9125 observations, Categories: ['1']
2026-06-20 21:47:40,201 | [None] | mlops.auto_binning_woe_categorical | assign_bins_from_category_groups:235 | INFO | 	Group 2: 10715 observations, Categories: ['2']
2026-06-20 21:47:40,201 | [None] | mlops.auto_binning_woe_categorical | assign_bins_from_category_groups:235 | INFO | 	Group 3: 220 observations, Categories: ['3']
2026-06-20 21:47:40,201 | [None] | mlops.auto_binning_woe_categorical | auto_woe_binning_categorical:500 | INFO | STEP: 5 - Bins assigned based on current category groups.
2026-06-20 21:47:40,201 | [None] | mlops.auto_binning_woe_categorical | calculate_woe_iv_table_categorical:95 | INFO | Calculating WoE / IV table for categorical binning. bin_col='_bin'
2026-06-20 21:47:40,203 | [None] | mlops.auto_binning_woe_categorical | calculate_woe_iv_table_categorical:113 | INFO | Total good: 15654, Total bad: 4446
2026-06-20 21:47:40,204 | [None] | mlops.auto_binning_woe_categorical | calculate_woe_iv_table_categorical:145 | INFO | WoE / IV table calculated. Bin count=4, Total IV=0.007165
2026-06-20 21:47:40,204 | [None] | mlops.auto_binning_woe_categorical | auto_woe_binning_categorical:509 | INFO | STEP: 5 - WoE / IV summary table calculated.
2026-06-20 21:47:40,205 | [None] | mlops.auto_binning_woe_categorical | auto_woe_binning_categorical:513 | INFO | STEP: 5 - Summary table sorted by bad_rate.
2026-06-20 21:47:40,205 | [None] | mlops.auto_binning_woe_categorical | auto_woe_binning_categorical:518 | INFO | STEP: 5 - Current bin count=4, Current IV=0.007165
2026-06-20 21:47:40,206 | [None] | mlops.auto_binning_woe_categorical | auto_woe_binning_categorical:531 | INFO | STEP: 5 - RULES CHECK START
2026-06-20 21:47:40,206 | [None] | mlops.auto_binning_woe_categorical | auto_woe_binning_categorical:555 | INFO | Rule 1 triggered: small bin merge.
2026-06-20 21:47:40,206 | [None] | mlops.auto_binning_woe_categorical | auto_woe_binning_categorical:556 | INFO | STEP: 5 - Problem bin=0, Merge with bin=0
2026-06-20 21:47:40,206 | [None] | mlops.auto_binning_woe_categorical | merge_category_groups:270 | INFO | Merging category groups. Merging group 0 into group 0
2026-06-20 21:47:40,206 | [None] | mlops.auto_binning_woe_categorical | merge_category_groups:286 | INFO | Groups merged and renumbered. New group count=4
2026-06-20 21:47:40,206 | [None] | mlops.auto_binning_woe_categorical | auto_woe_binning_categorical:564 | INFO | STEP: 5 - Category groups merged based on Rule 1.
2026-06-20 21:47:40,206 | [None] | mlops.auto_binning_woe_categorical | auto_woe_binning_categorical:491 | INFO | --- Iteration 6 ---
2026-06-20 21:47:40,207 | [None] | mlops.auto_binning_woe_categorical | assign_bins_from_category_groups:226 | INFO | Assigning observations to category groups. Group count=4
2026-06-20 21:47:40,207 | [None] | mlops.auto_binning_woe_categorical | assign_bins_from_category_groups:231 | INFO | Observations assigned to groups:
2026-06-20 21:47:40,207 | [None] | mlops.auto_binning_woe_categorical | assign_bins_from_category_groups:235 | INFO | 	Group 0: 40 observations, Categories: ['0']
2026-06-20 21:47:40,208 | [None] | mlops.auto_binning_woe_categorical | assign_bins_from_category_groups:235 | INFO | 	Group 1: 9125 observations, Categories: ['1']
2026-06-20 21:47:40,208 | [None] | mlops.auto_binning_woe_categorical | assign_bins_from_category_groups:235 | INFO | 	Group 2: 10715 observations, Categories: ['2']
2026-06-20 21:47:40,208 | [None] | mlops.auto_binning_woe_categorical | assign_bins_from_category_groups:235 | INFO | 	Group 3: 220 observations, Categories: ['3']
2026-06-20 21:47:40,208 | [None] | mlops.auto_binning_woe_categorical | auto_woe_binning_categorical:500 | INFO | STEP: 6 - Bins assigned based on current category groups.
2026-06-20 21:47:40,208 | [None] | mlops.auto_binning_woe_categorical | calculate_woe_iv_table_categorical:95 | INFO | Calculating WoE / IV table for categorical binning. bin_col='_bin'
2026-06-20 21:47:40,210 | [None] | mlops.auto_binning_woe_categorical | calculate_woe_iv_table_categorical:113 | INFO | Total good: 15654, Total bad: 4446
2026-06-20 21:47:40,212 | [None] | mlops.auto_binning_woe_categorical | calculate_woe_iv_table_categorical:145 | INFO | WoE / IV table calculated. Bin count=4, Total IV=0.007165
2026-06-20 21:47:40,212 | [None] | mlops.auto_binning_woe_categorical | auto_woe_binning_categorical:509 | INFO | STEP: 6 - WoE / IV summary table calculated.
2026-06-20 21:47:40,212 | [None] | mlops.auto_binning_woe_categorical | auto_woe_binning_categorical:513 | INFO | STEP: 6 - Summary table sorted by bad_rate.
2026-06-20 21:47:40,212 | [None] | mlops.auto_binning_woe_categorical | auto_woe_binning_categorical:518 | INFO | STEP: 6 - Current bin count=4, Current IV=0.007165
2026-06-20 21:47:40,213 | [None] | mlops.auto_binning_woe_categorical | auto_woe_binning_categorical:531 | INFO | STEP: 6 - RULES CHECK START
2026-06-20 21:47:40,214 | [None] | mlops.auto_binning_woe_categorical | auto_woe_binning_categorical:555 | INFO | Rule 1 triggered: small bin merge.
2026-06-20 21:47:40,214 | [None] | mlops.auto_binning_woe_categorical | auto_woe_binning_categorical:556 | INFO | STEP: 6 - Problem bin=0, Merge with bin=0
2026-06-20 21:47:40,214 | [None] | mlops.auto_binning_woe_categorical | merge_category_groups:270 | INFO | Merging category groups. Merging group 0 into group 0
2026-06-20 21:47:40,214 | [None] | mlops.auto_binning_woe_categorical | merge_category_groups:286 | INFO | Groups merged and renumbered. New group count=4
2026-06-20 21:47:40,214 | [None] | mlops.auto_binning_woe_categorical | auto_woe_binning_categorical:564 | INFO | STEP: 6 - Category groups merged based on Rule 1.
2026-06-20 21:47:40,214 | [None] | mlops.auto_binning_woe_categorical | auto_woe_binning_categorical:491 | INFO | --- Iteration 7 ---
2026-06-20 21:47:40,214 | [None] | mlops.auto_binning_woe_categorical | assign_bins_from_category_groups:226 | INFO | Assigning observations to category groups. Group count=4
2026-06-20 21:47:40,215 | [None] | mlops.auto_binning_woe_categorical | assign_bins_from_category_groups:231 | INFO | Observations assigned to groups:
2026-06-20 21:47:40,215 | [None] | mlops.auto_binning_woe_categorical | assign_bins_from_category_groups:235 | INFO | 	Group 0: 40 observations, Categories: ['0']
2026-06-20 21:47:40,215 | [None] | mlops.auto_binning_woe_categorical | assign_bins_from_category_groups:235 | INFO | 	Group 1: 9125 observations, Categories: ['1']
2026-06-20 21:47:40,215 | [None] | mlops.auto_binning_woe_categorical | assign_bins_from_category_groups:235 | INFO | 	Group 2: 10715 observations, Categories: ['2']
2026-06-20 21:47:40,215 | [None] | mlops.auto_binning_woe_categorical | assign_bins_from_category_groups:235 | INFO | 	Group 3: 220 observations, Categories: ['3']
2026-06-20 21:47:40,216 | [None] | mlops.auto_binning_woe_categorical | auto_woe_binning_categorical:500 | INFO | STEP: 7 - Bins assigned based on current category groups.
2026-06-20 21:47:40,216 | [None] | mlops.auto_binning_woe_categorical | calculate_woe_iv_table_categorical:95 | INFO | Calculating WoE / IV table for categorical binning. bin_col='_bin'
2026-06-20 21:47:40,217 | [None] | mlops.auto_binning_woe_categorical | calculate_woe_iv_table_categorical:113 | INFO | Total good: 15654, Total bad: 4446
2026-06-20 21:47:40,219 | [None] | mlops.auto_binning_woe_categorical | calculate_woe_iv_table_categorical:145 | INFO | WoE / IV table calculated. Bin count=4, Total IV=0.007165
2026-06-20 21:47:40,219 | [None] | mlops.auto_binning_woe_categorical | auto_woe_binning_categorical:509 | INFO | STEP: 7 - WoE / IV summary table calculated.
2026-06-20 21:47:40,220 | [None] | mlops.auto_binning_woe_categorical | auto_woe_binning_categorical:513 | INFO | STEP: 7 - Summary table sorted by bad_rate.
2026-06-20 21:47:40,220 | [None] | mlops.auto_binning_woe_categorical | auto_woe_binning_categorical:518 | INFO | STEP: 7 - Current bin count=4, Current IV=0.007165
2026-06-20 21:47:40,221 | [None] | mlops.auto_binning_woe_categorical | auto_woe_binning_categorical:531 | INFO | STEP: 7 - RULES CHECK START
2026-06-20 21:47:40,221 | [None] | mlops.auto_binning_woe_categorical | auto_woe_binning_categorical:555 | INFO | Rule 1 triggered: small bin merge.
2026-06-20 21:47:40,221 | [None] | mlops.auto_binning_woe_categorical | auto_woe_binning_categorical:556 | INFO | STEP: 7 - Problem bin=0, Merge with bin=0
2026-06-20 21:47:40,221 | [None] | mlops.auto_binning_woe_categorical | merge_category_groups:270 | INFO | Merging category groups. Merging group 0 into group 0
2026-06-20 21:47:40,221 | [None] | mlops.auto_binning_woe_categorical | merge_category_groups:286 | INFO | Groups merged and renumbered. New group count=4
2026-06-20 21:47:40,221 | [None] | mlops.auto_binning_woe_categorical | auto_woe_binning_categorical:564 | INFO | STEP: 7 - Category groups merged based on Rule 1.
2026-06-20 21:47:40,221 | [None] | mlops.auto_binning_woe_categorical | auto_woe_binning_categorical:491 | INFO | --- Iteration 8 ---
2026-06-20 21:47:40,221 | [None] | mlops.auto_binning_woe_categorical | assign_bins_from_category_groups:226 | INFO | Assigning observations to category groups. Group count=4
2026-06-20 21:47:40,222 | [None] | mlops.auto_binning_woe_categorical | assign_bins_from_category_groups:231 | INFO | Observations assigned to groups:
2026-06-20 21:47:40,222 | [None] | mlops.auto_binning_woe_categorical | assign_bins_from_category_groups:235 | INFO | 	Group 0: 40 observations, Categories: ['0']
2026-06-20 21:47:40,222 | [None] | mlops.auto_binning_woe_categorical | assign_bins_from_category_groups:235 | INFO | 	Group 1: 9125 observations, Categories: ['1']
2026-06-20 21:47:40,223 | [None] | mlops.auto_binning_woe_categorical | assign_bins_from_category_groups:235 | INFO | 	Group 2: 10715 observations, Categories: ['2']
2026-06-20 21:47:40,223 | [None] | mlops.auto_binning_woe_categorical | assign_bins_from_category_groups:235 | INFO | 	Group 3: 220 observations, Categories: ['3']
2026-06-20 21:47:40,223 | [None] | mlops.auto_binning_woe_categorical | auto_woe_binning_categorical:500 | INFO | STEP: 8 - Bins assigned based on current category groups.
2026-06-20 21:47:40,223 | [None] | mlops.auto_binning_woe_categorical | calculate_woe_iv_table_categorical:95 | INFO | Calculating WoE / IV table for categorical binning. bin_col='_bin'
2026-06-20 21:47:40,224 | [None] | mlops.auto_binning_woe_categorical | calculate_woe_iv_table_categorical:113 | INFO | Total good: 15654, Total bad: 4446
2026-06-20 21:47:40,226 | [None] | mlops.auto_binning_woe_categorical | calculate_woe_iv_table_categorical:145 | INFO | WoE / IV table calculated. Bin count=4, Total IV=0.007165
2026-06-20 21:47:40,226 | [None] | mlops.auto_binning_woe_categorical | auto_woe_binning_categorical:509 | INFO | STEP: 8 - WoE / IV summary table calculated.
2026-06-20 21:47:40,227 | [None] | mlops.auto_binning_woe_categorical | auto_woe_binning_categorical:513 | INFO | STEP: 8 - Summary table sorted by bad_rate.
2026-06-20 21:47:40,227 | [None] | mlops.auto_binning_woe_categorical | auto_woe_binning_categorical:518 | INFO | STEP: 8 - Current bin count=4, Current IV=0.007165
2026-06-20 21:47:40,228 | [None] | mlops.auto_binning_woe_categorical | auto_woe_binning_categorical:531 | INFO | STEP: 8 - RULES CHECK START
2026-06-20 21:47:40,228 | [None] | mlops.auto_binning_woe_categorical | auto_woe_binning_categorical:555 | INFO | Rule 1 triggered: small bin merge.
2026-06-20 21:47:40,228 | [None] | mlops.auto_binning_woe_categorical | auto_woe_binning_categorical:556 | INFO | STEP: 8 - Problem bin=0, Merge with bin=0
2026-06-20 21:47:40,228 | [None] | mlops.auto_binning_woe_categorical | merge_category_groups:270 | INFO | Merging category groups. Merging group 0 into group 0
2026-06-20 21:47:40,228 | [None] | mlops.auto_binning_woe_categorical | merge_category_groups:286 | INFO | Groups merged and renumbered. New group count=4
2026-06-20 21:47:40,229 | [None] | mlops.auto_binning_woe_categorical | auto_woe_binning_categorical:564 | INFO | STEP: 8 - Category groups merged based on Rule 1.
2026-06-20 21:47:40,229 | [None] | mlops.auto_binning_woe_categorical | auto_woe_binning_categorical:491 | INFO | --- Iteration 9 ---
2026-06-20 21:47:40,229 | [None] | mlops.auto_binning_woe_categorical | assign_bins_from_category_groups:226 | INFO | Assigning observations to category groups. Group count=4
2026-06-20 21:47:40,229 | [None] | mlops.auto_binning_woe_categorical | assign_bins_from_category_groups:231 | INFO | Observations assigned to groups:
2026-06-20 21:47:40,230 | [None] | mlops.auto_binning_woe_categorical | assign_bins_from_category_groups:235 | INFO | 	Group 0: 40 observations, Categories: ['0']
2026-06-20 21:47:40,230 | [None] | mlops.auto_binning_woe_categorical | assign_bins_from_category_groups:235 | INFO | 	Group 1: 9125 observations, Categories: ['1']
2026-06-20 21:47:40,230 | [None] | mlops.auto_binning_woe_categorical | assign_bins_from_category_groups:235 | INFO | 	Group 2: 10715 observations, Categories: ['2']
2026-06-20 21:47:40,230 | [None] | mlops.auto_binning_woe_categorical | assign_bins_from_category_groups:235 | INFO | 	Group 3: 220 observations, Categories: ['3']
2026-06-20 21:47:40,230 | [None] | mlops.auto_binning_woe_categorical | auto_woe_binning_categorical:500 | INFO | STEP: 9 - Bins assigned based on current category groups.
2026-06-20 21:47:40,230 | [None] | mlops.auto_binning_woe_categorical | calculate_woe_iv_table_categorical:95 | INFO | Calculating WoE / IV table for categorical binning. bin_col='_bin'
2026-06-20 21:47:40,232 | [None] | mlops.auto_binning_woe_categorical | calculate_woe_iv_table_categorical:113 | INFO | Total good: 15654, Total bad: 4446
2026-06-20 21:47:40,234 | [None] | mlops.auto_binning_woe_categorical | calculate_woe_iv_table_categorical:145 | INFO | WoE / IV table calculated. Bin count=4, Total IV=0.007165
2026-06-20 21:47:40,234 | [None] | mlops.auto_binning_woe_categorical | auto_woe_binning_categorical:509 | INFO | STEP: 9 - WoE / IV summary table calculated.
2026-06-20 21:47:40,234 | [None] | mlops.auto_binning_woe_categorical | auto_woe_binning_categorical:513 | INFO | STEP: 9 - Summary table sorted by bad_rate.
2026-06-20 21:47:40,234 | [None] | mlops.auto_binning_woe_categorical | auto_woe_binning_categorical:518 | INFO | STEP: 9 - Current bin count=4, Current IV=0.007165
2026-06-20 21:47:40,235 | [None] | mlops.auto_binning_woe_categorical | auto_woe_binning_categorical:531 | INFO | STEP: 9 - RULES CHECK START
2026-06-20 21:47:40,235 | [None] | mlops.auto_binning_woe_categorical | auto_woe_binning_categorical:555 | INFO | Rule 1 triggered: small bin merge.
2026-06-20 21:47:40,236 | [None] | mlops.auto_binning_woe_categorical | auto_woe_binning_categorical:556 | INFO | STEP: 9 - Problem bin=0, Merge with bin=0
2026-06-20 21:47:40,236 | [None] | mlops.auto_binning_woe_categorical | merge_category_groups:270 | INFO | Merging category groups. Merging group 0 into group 0
2026-06-20 21:47:40,236 | [None] | mlops.auto_binning_woe_categorical | merge_category_groups:286 | INFO | Groups merged and renumbered. New group count=4
2026-06-20 21:47:40,236 | [None] | mlops.auto_binning_woe_categorical | auto_woe_binning_categorical:564 | INFO | STEP: 9 - Category groups merged based on Rule 1.
2026-06-20 21:47:40,236 | [None] | mlops.auto_binning_woe_categorical | auto_woe_binning_categorical:491 | INFO | --- Iteration 10 ---
2026-06-20 21:47:40,236 | [None] | mlops.auto_binning_woe_categorical | assign_bins_from_category_groups:226 | INFO | Assigning observations to category groups. Group count=4
2026-06-20 21:47:40,237 | [None] | mlops.auto_binning_woe_categorical | assign_bins_from_category_groups:231 | INFO | Observations assigned to groups:
2026-06-20 21:47:40,237 | [None] | mlops.auto_binning_woe_categorical | assign_bins_from_category_groups:235 | INFO | 	Group 0: 40 observations, Categories: ['0']
2026-06-20 21:47:40,237 | [None] | mlops.auto_binning_woe_categorical | assign_bins_from_category_groups:235 | INFO | 	Group 1: 9125 observations, Categories: ['1']
2026-06-20 21:47:40,237 | [None] | mlops.auto_binning_woe_categorical | assign_bins_from_category_groups:235 | INFO | 	Group 2: 10715 observations, Categories: ['2']
2026-06-20 21:47:40,237 | [None] | mlops.auto_binning_woe_categorical | assign_bins_from_category_groups:235 | INFO | 	Group 3: 220 observations, Categories: ['3']
2026-06-20 21:47:40,237 | [None] | mlops.auto_binning_woe_categorical | auto_woe_binning_categorical:500 | INFO | STEP: 10 - Bins assigned based on current category groups.
2026-06-20 21:47:40,237 | [None] | mlops.auto_binning_woe_categorical | calculate_woe_iv_table_categorical:95 | INFO | Calculating WoE / IV table for categorical binning. bin_col='_bin'
2026-06-20 21:47:40,239 | [None] | mlops.auto_binning_woe_categorical | calculate_woe_iv_table_categorical:113 | INFO | Total good: 15654, Total bad: 4446
2026-06-20 21:47:40,241 | [None] | mlops.auto_binning_woe_categorical | calculate_woe_iv_table_categorical:145 | INFO | WoE / IV table calculated. Bin count=4, Total IV=0.007165
2026-06-20 21:47:40,241 | [None] | mlops.auto_binning_woe_categorical | auto_woe_binning_categorical:509 | INFO | STEP: 10 - WoE / IV summary table calculated.
2026-06-20 21:47:40,241 | [None] | mlops.auto_binning_woe_categorical | auto_woe_binning_categorical:513 | INFO | STEP: 10 - Summary table sorted by bad_rate.
2026-06-20 21:47:40,242 | [None] | mlops.auto_binning_woe_categorical | auto_woe_binning_categorical:518 | INFO | STEP: 10 - Current bin count=4, Current IV=0.007165
2026-06-20 21:47:40,242 | [None] | mlops.auto_binning_woe_categorical | auto_woe_binning_categorical:531 | INFO | STEP: 10 - RULES CHECK START
2026-06-20 21:47:40,243 | [None] | mlops.auto_binning_woe_categorical | auto_woe_binning_categorical:555 | INFO | Rule 1 triggered: small bin merge.
2026-06-20 21:47:40,243 | [None] | mlops.auto_binning_woe_categorical | auto_woe_binning_categorical:556 | INFO | STEP: 10 - Problem bin=0, Merge with bin=0
2026-06-20 21:47:40,243 | [None] | mlops.auto_binning_woe_categorical | merge_category_groups:270 | INFO | Merging category groups. Merging group 0 into group 0
2026-06-20 21:47:40,243 | [None] | mlops.auto_binning_woe_categorical | merge_category_groups:286 | INFO | Groups merged and renumbered. New group count=4
2026-06-20 21:47:40,243 | [None] | mlops.auto_binning_woe_categorical | auto_woe_binning_categorical:564 | INFO | STEP: 10 - Category groups merged based on Rule 1.
2026-06-20 21:47:40,243 | [None] | mlops.auto_binning_woe_categorical | auto_woe_binning_categorical:491 | INFO | --- Iteration 11 ---
2026-06-20 21:47:40,244 | [None] | mlops.auto_binning_woe_categorical | assign_bins_from_category_groups:226 | INFO | Assigning observations to category groups. Group count=4
2026-06-20 21:47:40,244 | [None] | mlops.auto_binning_woe_categorical | assign_bins_from_category_groups:231 | INFO | Observations assigned to groups:
2026-06-20 21:47:40,245 | [None] | mlops.auto_binning_woe_categorical | assign_bins_from_category_groups:235 | INFO | 	Group 0: 40 observations, Categories: ['0']
2026-06-20 21:47:40,245 | [None] | mlops.auto_binning_woe_categorical | assign_bins_from_category_groups:235 | INFO | 	Group 1: 9125 observations, Categories: ['1']
2026-06-20 21:47:40,245 | [None] | mlops.auto_binning_woe_categorical | assign_bins_from_category_groups:235 | INFO | 	Group 2: 10715 observations, Categories: ['2']
2026-06-20 21:47:40,245 | [None] | mlops.auto_binning_woe_categorical | assign_bins_from_category_groups:235 | INFO | 	Group 3: 220 observations, Categories: ['3']
2026-06-20 21:47:40,245 | [None] | mlops.auto_binning_woe_categorical | auto_woe_binning_categorical:500 | INFO | STEP: 11 - Bins assigned based on current category groups.
2026-06-20 21:47:40,245 | [None] | mlops.auto_binning_woe_categorical | calculate_woe_iv_table_categorical:95 | INFO | Calculating WoE / IV table for categorical binning. bin_col='_bin'
2026-06-20 21:47:40,247 | [None] | mlops.auto_binning_woe_categorical | calculate_woe_iv_table_categorical:113 | INFO | Total good: 15654, Total bad: 4446
2026-06-20 21:47:40,249 | [None] | mlops.auto_binning_woe_categorical | calculate_woe_iv_table_categorical:145 | INFO | WoE / IV table calculated. Bin count=4, Total IV=0.007165
2026-06-20 21:47:40,249 | [None] | mlops.auto_binning_woe_categorical | auto_woe_binning_categorical:509 | INFO | STEP: 11 - WoE / IV summary table calculated.
2026-06-20 21:47:40,249 | [None] | mlops.auto_binning_woe_categorical | auto_woe_binning_categorical:513 | INFO | STEP: 11 - Summary table sorted by bad_rate.
2026-06-20 21:47:40,250 | [None] | mlops.auto_binning_woe_categorical | auto_woe_binning_categorical:518 | INFO | STEP: 11 - Current bin count=4, Current IV=0.007165
2026-06-20 21:47:40,250 | [None] | mlops.auto_binning_woe_categorical | auto_woe_binning_categorical:531 | INFO | STEP: 11 - RULES CHECK START
2026-06-20 21:47:40,251 | [None] | mlops.auto_binning_woe_categorical | auto_woe_binning_categorical:555 | INFO | Rule 1 triggered: small bin merge.
2026-06-20 21:47:40,251 | [None] | mlops.auto_binning_woe_categorical | auto_woe_binning_categorical:556 | INFO | STEP: 11 - Problem bin=0, Merge with bin=0
2026-06-20 21:47:40,251 | [None] | mlops.auto_binning_woe_categorical | merge_category_groups:270 | INFO | Merging category groups. Merging group 0 into group 0
2026-06-20 21:47:40,251 | [None] | mlops.auto_binning_woe_categorical | merge_category_groups:286 | INFO | Groups merged and renumbered. New group count=4
2026-06-20 21:47:40,251 | [None] | mlops.auto_binning_woe_categorical | auto_woe_binning_categorical:564 | INFO | STEP: 11 - Category groups merged based on Rule 1.
2026-06-20 21:47:40,251 | [None] | mlops.auto_binning_woe_categorical | auto_woe_binning_categorical:491 | INFO | --- Iteration 12 ---
2026-06-20 21:47:40,251 | [None] | mlops.auto_binning_woe_categorical | assign_bins_from_category_groups:226 | INFO | Assigning observations to category groups. Group count=4
2026-06-20 21:47:40,252 | [None] | mlops.auto_binning_woe_categorical | assign_bins_from_category_groups:231 | INFO | Observations assigned to groups:
2026-06-20 21:47:40,252 | [None] | mlops.auto_binning_woe_categorical | assign_bins_from_category_groups:235 | INFO | 	Group 0: 40 observations, Categories: ['0']
2026-06-20 21:47:40,252 | [None] | mlops.auto_binning_woe_categorical | assign_bins_from_category_groups:235 | INFO | 	Group 1: 9125 observations, Categories: ['1']
2026-06-20 21:47:40,252 | [None] | mlops.auto_binning_woe_categorical | assign_bins_from_category_groups:235 | INFO | 	Group 2: 10715 observations, Categories: ['2']
2026-06-20 21:47:40,252 | [None] | mlops.auto_binning_woe_categorical | assign_bins_from_category_groups:235 | INFO | 	Group 3: 220 observations, Categories: ['3']
2026-06-20 21:47:40,252 | [None] | mlops.auto_binning_woe_categorical | auto_woe_binning_categorical:500 | INFO | STEP: 12 - Bins assigned based on current category groups.
2026-06-20 21:47:40,252 | [None] | mlops.auto_binning_woe_categorical | calculate_woe_iv_table_categorical:95 | INFO | Calculating WoE / IV table for categorical binning. bin_col='_bin'
2026-06-20 21:47:40,254 | [None] | mlops.auto_binning_woe_categorical | calculate_woe_iv_table_categorical:113 | INFO | Total good: 15654, Total bad: 4446
2026-06-20 21:47:40,256 | [None] | mlops.auto_binning_woe_categorical | calculate_woe_iv_table_categorical:145 | INFO | WoE / IV table calculated. Bin count=4, Total IV=0.007165
2026-06-20 21:47:40,256 | [None] | mlops.auto_binning_woe_categorical | auto_woe_binning_categorical:509 | INFO | STEP: 12 - WoE / IV summary table calculated.
2026-06-20 21:47:40,257 | [None] | mlops.auto_binning_woe_categorical | auto_woe_binning_categorical:513 | INFO | STEP: 12 - Summary table sorted by bad_rate.
2026-06-20 21:47:40,257 | [None] | mlops.auto_binning_woe_categorical | auto_woe_binning_categorical:518 | INFO | STEP: 12 - Current bin count=4, Current IV=0.007165
2026-06-20 21:47:40,257 | [None] | mlops.auto_binning_woe_categorical | auto_woe_binning_categorical:531 | INFO | STEP: 12 - RULES CHECK START
2026-06-20 21:47:40,258 | [None] | mlops.auto_binning_woe_categorical | auto_woe_binning_categorical:555 | INFO | Rule 1 triggered: small bin merge.
2026-06-20 21:47:40,258 | [None] | mlops.auto_binning_woe_categorical | auto_woe_binning_categorical:556 | INFO | STEP: 12 - Problem bin=0, Merge with bin=0
2026-06-20 21:47:40,258 | [None] | mlops.auto_binning_woe_categorical | merge_category_groups:270 | INFO | Merging category groups. Merging group 0 into group 0
2026-06-20 21:47:40,258 | [None] | mlops.auto_binning_woe_categorical | merge_category_groups:286 | INFO | Groups merged and renumbered. New group count=4
2026-06-20 21:47:40,258 | [None] | mlops.auto_binning_woe_categorical | auto_woe_binning_categorical:564 | INFO | STEP: 12 - Category groups merged based on Rule 1.
2026-06-20 21:47:40,258 | [None] | mlops.auto_binning_woe_categorical | auto_woe_binning_categorical:491 | INFO | --- Iteration 13 ---
2026-06-20 21:47:40,258 | [None] | mlops.auto_binning_woe_categorical | assign_bins_from_category_groups:226 | INFO | Assigning observations to category groups. Group count=4
2026-06-20 21:47:40,259 | [None] | mlops.auto_binning_woe_categorical | assign_bins_from_category_groups:231 | INFO | Observations assigned to groups:
2026-06-20 21:47:40,259 | [None] | mlops.auto_binning_woe_categorical | assign_bins_from_category_groups:235 | INFO | 	Group 0: 40 observations, Categories: ['0']
2026-06-20 21:47:40,259 | [None] | mlops.auto_binning_woe_categorical | assign_bins_from_category_groups:235 | INFO | 	Group 1: 9125 observations, Categories: ['1']
2026-06-20 21:47:40,259 | [None] | mlops.auto_binning_woe_categorical | assign_bins_from_category_groups:235 | INFO | 	Group 2: 10715 observations, Categories: ['2']
2026-06-20 21:47:40,260 | [None] | mlops.auto_binning_woe_categorical | assign_bins_from_category_groups:235 | INFO | 	Group 3: 220 observations, Categories: ['3']
2026-06-20 21:47:40,260 | [None] | mlops.auto_binning_woe_categorical | auto_woe_binning_categorical:500 | INFO | STEP: 13 - Bins assigned based on current category groups.
2026-06-20 21:47:40,260 | [None] | mlops.auto_binning_woe_categorical | calculate_woe_iv_table_categorical:95 | INFO | Calculating WoE / IV table for categorical binning. bin_col='_bin'
2026-06-20 21:47:40,262 | [None] | mlops.auto_binning_woe_categorical | calculate_woe_iv_table_categorical:113 | INFO | Total good: 15654, Total bad: 4446
2026-06-20 21:47:40,264 | [None] | mlops.auto_binning_woe_categorical | calculate_woe_iv_table_categorical:145 | INFO | WoE / IV table calculated. Bin count=4, Total IV=0.007165
2026-06-20 21:47:40,264 | [None] | mlops.auto_binning_woe_categorical | auto_woe_binning_categorical:509 | INFO | STEP: 13 - WoE / IV summary table calculated.
2026-06-20 21:47:40,264 | [None] | mlops.auto_binning_woe_categorical | auto_woe_binning_categorical:513 | INFO | STEP: 13 - Summary table sorted by bad_rate.
2026-06-20 21:47:40,265 | [None] | mlops.auto_binning_woe_categorical | auto_woe_binning_categorical:518 | INFO | STEP: 13 - Current bin count=4, Current IV=0.007165
2026-06-20 21:47:40,265 | [None] | mlops.auto_binning_woe_categorical | auto_woe_binning_categorical:531 | INFO | STEP: 13 - RULES CHECK START
2026-06-20 21:47:40,266 | [None] | mlops.auto_binning_woe_categorical | auto_woe_binning_categorical:555 | INFO | Rule 1 triggered: small bin merge.
2026-06-20 21:47:40,266 | [None] | mlops.auto_binning_woe_categorical | auto_woe_binning_categorical:556 | INFO | STEP: 13 - Problem bin=0, Merge with bin=0
2026-06-20 21:47:40,266 | [None] | mlops.auto_binning_woe_categorical | merge_category_groups:270 | INFO | Merging category groups. Merging group 0 into group 0
2026-06-20 21:47:40,266 | [None] | mlops.auto_binning_woe_categorical | merge_category_groups:286 | INFO | Groups merged and renumbered. New group count=4
2026-06-20 21:47:40,266 | [None] | mlops.auto_binning_woe_categorical | auto_woe_binning_categorical:564 | INFO | STEP: 13 - Category groups merged based on Rule 1.
2026-06-20 21:47:40,266 | [None] | mlops.auto_binning_woe_categorical | auto_woe_binning_categorical:491 | INFO | --- Iteration 14 ---
2026-06-20 21:47:40,266 | [None] | mlops.auto_binning_woe_categorical | assign_bins_from_category_groups:226 | INFO | Assigning observations to category groups. Group count=4
2026-06-20 21:47:40,267 | [None] | mlops.auto_binning_woe_categorical | assign_bins_from_category_groups:231 | INFO | Observations assigned to groups:
2026-06-20 21:47:40,267 | [None] | mlops.auto_binning_woe_categorical | assign_bins_from_category_groups:235 | INFO | 	Group 0: 40 observations, Categories: ['0']
2026-06-20 21:47:40,268 | [None] | mlops.auto_binning_woe_categorical | assign_bins_from_category_groups:235 | INFO | 	Group 1: 9125 observations, Categories: ['1']
2026-06-20 21:47:40,268 | [None] | mlops.auto_binning_woe_categorical | assign_bins_from_category_groups:235 | INFO | 	Group 2: 10715 observations, Categories: ['2']
2026-06-20 21:47:40,268 | [None] | mlops.auto_binning_woe_categorical | assign_bins_from_category_groups:235 | INFO | 	Group 3: 220 observations, Categories: ['3']
2026-06-20 21:47:40,268 | [None] | mlops.auto_binning_woe_categorical | auto_woe_binning_categorical:500 | INFO | STEP: 14 - Bins assigned based on current category groups.
2026-06-20 21:47:40,268 | [None] | mlops.auto_binning_woe_categorical | calculate_woe_iv_table_categorical:95 | INFO | Calculating WoE / IV table for categorical binning. bin_col='_bin'
2026-06-20 21:47:40,270 | [None] | mlops.auto_binning_woe_categorical | calculate_woe_iv_table_categorical:113 | INFO | Total good: 15654, Total bad: 4446
2026-06-20 21:47:40,271 | [None] | mlops.auto_binning_woe_categorical | calculate_woe_iv_table_categorical:145 | INFO | WoE / IV table calculated. Bin count=4, Total IV=0.007165
2026-06-20 21:47:40,272 | [None] | mlops.auto_binning_woe_categorical | auto_woe_binning_categorical:509 | INFO | STEP: 14 - WoE / IV summary table calculated.
2026-06-20 21:47:40,272 | [None] | mlops.auto_binning_woe_categorical | auto_woe_binning_categorical:513 | INFO | STEP: 14 - Summary table sorted by bad_rate.
2026-06-20 21:47:40,272 | [None] | mlops.auto_binning_woe_categorical | auto_woe_binning_categorical:518 | INFO | STEP: 14 - Current bin count=4, Current IV=0.007165
2026-06-20 21:47:40,273 | [None] | mlops.auto_binning_woe_categorical | auto_woe_binning_categorical:531 | INFO | STEP: 14 - RULES CHECK START
2026-06-20 21:47:40,273 | [None] | mlops.auto_binning_woe_categorical | auto_woe_binning_categorical:555 | INFO | Rule 1 triggered: small bin merge.
2026-06-20 21:47:40,273 | [None] | mlops.auto_binning_woe_categorical | auto_woe_binning_categorical:556 | INFO | STEP: 14 - Problem bin=0, Merge with bin=0
2026-06-20 21:47:40,273 | [None] | mlops.auto_binning_woe_categorical | merge_category_groups:270 | INFO | Merging category groups. Merging group 0 into group 0
2026-06-20 21:47:40,274 | [None] | mlops.auto_binning_woe_categorical | merge_category_groups:286 | INFO | Groups merged and renumbered. New group count=4
2026-06-20 21:47:40,274 | [None] | mlops.auto_binning_woe_categorical | auto_woe_binning_categorical:564 | INFO | STEP: 14 - Category groups merged based on Rule 1.
2026-06-20 21:47:40,274 | [None] | mlops.auto_binning_woe_categorical | auto_woe_binning_categorical:491 | INFO | --- Iteration 15 ---
2026-06-20 21:47:40,274 | [None] | mlops.auto_binning_woe_categorical | assign_bins_from_category_groups:226 | INFO | Assigning observations to category groups. Group count=4
2026-06-20 21:47:40,274 | [None] | mlops.auto_binning_woe_categorical | assign_bins_from_category_groups:231 | INFO | Observations assigned to groups:
2026-06-20 21:47:40,275 | [None] | mlops.auto_binning_woe_categorical | assign_bins_from_category_groups:235 | INFO | 	Group 0: 40 observations, Categories: ['0']
2026-06-20 21:47:40,275 | [None] | mlops.auto_binning_woe_categorical | assign_bins_from_category_groups:235 | INFO | 	Group 1: 9125 observations, Categories: ['1']
2026-06-20 21:47:40,275 | [None] | mlops.auto_binning_woe_categorical | assign_bins_from_category_groups:235 | INFO | 	Group 2: 10715 observations, Categories: ['2']
2026-06-20 21:47:40,275 | [None] | mlops.auto_binning_woe_categorical | assign_bins_from_category_groups:235 | INFO | 	Group 3: 220 observations, Categories: ['3']
2026-06-20 21:47:40,275 | [None] | mlops.auto_binning_woe_categorical | auto_woe_binning_categorical:500 | INFO | STEP: 15 - Bins assigned based on current category groups.
2026-06-20 21:47:40,275 | [None] | mlops.auto_binning_woe_categorical | calculate_woe_iv_table_categorical:95 | INFO | Calculating WoE / IV table for categorical binning. bin_col='_bin'
2026-06-20 21:47:40,277 | [None] | mlops.auto_binning_woe_categorical | calculate_woe_iv_table_categorical:113 | INFO | Total good: 15654, Total bad: 4446
2026-06-20 21:47:40,279 | [None] | mlops.auto_binning_woe_categorical | calculate_woe_iv_table_categorical:145 | INFO | WoE / IV table calculated. Bin count=4, Total IV=0.007165
2026-06-20 21:47:40,279 | [None] | mlops.auto_binning_woe_categorical | auto_woe_binning_categorical:509 | INFO | STEP: 15 - WoE / IV summary table calculated.
2026-06-20 21:47:40,279 | [None] | mlops.auto_binning_woe_categorical | auto_woe_binning_categorical:513 | INFO | STEP: 15 - Summary table sorted by bad_rate.
2026-06-20 21:47:40,280 | [None] | mlops.auto_binning_woe_categorical | auto_woe_binning_categorical:518 | INFO | STEP: 15 - Current bin count=4, Current IV=0.007165
2026-06-20 21:47:40,280 | [None] | mlops.auto_binning_woe_categorical | auto_woe_binning_categorical:531 | INFO | STEP: 15 - RULES CHECK START
2026-06-20 21:47:40,281 | [None] | mlops.auto_binning_woe_categorical | auto_woe_binning_categorical:555 | INFO | Rule 1 triggered: small bin merge.
2026-06-20 21:47:40,281 | [None] | mlops.auto_binning_woe_categorical | auto_woe_binning_categorical:556 | INFO | STEP: 15 - Problem bin=0, Merge with bin=0
2026-06-20 21:47:40,281 | [None] | mlops.auto_binning_woe_categorical | merge_category_groups:270 | INFO | Merging category groups. Merging group 0 into group 0
2026-06-20 21:47:40,281 | [None] | mlops.auto_binning_woe_categorical | merge_category_groups:286 | INFO | Groups merged and renumbered. New group count=4
2026-06-20 21:47:40,281 | [None] | mlops.auto_binning_woe_categorical | auto_woe_binning_categorical:564 | INFO | STEP: 15 - Category groups merged based on Rule 1.
2026-06-20 21:47:40,281 | [None] | mlops.auto_binning_woe_categorical | auto_woe_binning_categorical:491 | INFO | --- Iteration 16 ---
2026-06-20 21:47:40,281 | [None] | mlops.auto_binning_woe_categorical | assign_bins_from_category_groups:226 | INFO | Assigning observations to category groups. Group count=4
2026-06-20 21:47:40,282 | [None] | mlops.auto_binning_woe_categorical | assign_bins_from_category_groups:231 | INFO | Observations assigned to groups:
2026-06-20 21:47:40,282 | [None] | mlops.auto_binning_woe_categorical | assign_bins_from_category_groups:235 | INFO | 	Group 0: 40 observations, Categories: ['0']
2026-06-20 21:47:40,282 | [None] | mlops.auto_binning_woe_categorical | assign_bins_from_category_groups:235 | INFO | 	Group 1: 9125 observations, Categories: ['1']
2026-06-20 21:47:40,282 | [None] | mlops.auto_binning_woe_categorical | assign_bins_from_category_groups:235 | INFO | 	Group 2: 10715 observations, Categories: ['2']
2026-06-20 21:47:40,283 | [None] | mlops.auto_binning_woe_categorical | assign_bins_from_category_groups:235 | INFO | 	Group 3: 220 observations, Categories: ['3']
2026-06-20 21:47:40,283 | [None] | mlops.auto_binning_woe_categorical | auto_woe_binning_categorical:500 | INFO | STEP: 16 - Bins assigned based on current category groups.
2026-06-20 21:47:40,283 | [None] | mlops.auto_binning_woe_categorical | calculate_woe_iv_table_categorical:95 | INFO | Calculating WoE / IV table for categorical binning. bin_col='_bin'
2026-06-20 21:47:40,284 | [None] | mlops.auto_binning_woe_categorical | calculate_woe_iv_table_categorical:113 | INFO | Total good: 15654, Total bad: 4446
2026-06-20 21:47:40,286 | [None] | mlops.auto_binning_woe_categorical | calculate_woe_iv_table_categorical:145 | INFO | WoE / IV table calculated. Bin count=4, Total IV=0.007165
2026-06-20 21:47:40,286 | [None] | mlops.auto_binning_woe_categorical | auto_woe_binning_categorical:509 | INFO | STEP: 16 - WoE / IV summary table calculated.
2026-06-20 21:47:40,286 | [None] | mlops.auto_binning_woe_categorical | auto_woe_binning_categorical:513 | INFO | STEP: 16 - Summary table sorted by bad_rate.
2026-06-20 21:47:40,287 | [None] | mlops.auto_binning_woe_categorical | auto_woe_binning_categorical:518 | INFO | STEP: 16 - Current bin count=4, Current IV=0.007165
2026-06-20 21:47:40,287 | [None] | mlops.auto_binning_woe_categorical | auto_woe_binning_categorical:531 | INFO | STEP: 16 - RULES CHECK START
2026-06-20 21:47:40,288 | [None] | mlops.auto_binning_woe_categorical | auto_woe_binning_categorical:555 | INFO | Rule 1 triggered: small bin merge.
2026-06-20 21:47:40,288 | [None] | mlops.auto_binning_woe_categorical | auto_woe_binning_categorical:556 | INFO | STEP: 16 - Problem bin=0, Merge with bin=0
2026-06-20 21:47:40,288 | [None] | mlops.auto_binning_woe_categorical | merge_category_groups:270 | INFO | Merging category groups. Merging group 0 into group 0
2026-06-20 21:47:40,288 | [None] | mlops.auto_binning_woe_categorical | merge_category_groups:286 | INFO | Groups merged and renumbered. New group count=4
2026-06-20 21:47:40,288 | [None] | mlops.auto_binning_woe_categorical | auto_woe_binning_categorical:564 | INFO | STEP: 16 - Category groups merged based on Rule 1.
2026-06-20 21:47:40,288 | [None] | mlops.auto_binning_woe_categorical | auto_woe_binning_categorical:491 | INFO | --- Iteration 17 ---
2026-06-20 21:47:40,288 | [None] | mlops.auto_binning_woe_categorical | assign_bins_from_category_groups:226 | INFO | Assigning observations to category groups. Group count=4
2026-06-20 21:47:40,289 | [None] | mlops.auto_binning_woe_categorical | assign_bins_from_category_groups:231 | INFO | Observations assigned to groups:
2026-06-20 21:47:40,289 | [None] | mlops.auto_binning_woe_categorical | assign_bins_from_category_groups:235 | INFO | 	Group 0: 40 observations, Categories: ['0']
2026-06-20 21:47:40,289 | [None] | mlops.auto_binning_woe_categorical | assign_bins_from_category_groups:235 | INFO | 	Group 1: 9125 observations, Categories: ['1']
2026-06-20 21:47:40,289 | [None] | mlops.auto_binning_woe_categorical | assign_bins_from_category_groups:235 | INFO | 	Group 2: 10715 observations, Categories: ['2']
2026-06-20 21:47:40,289 | [None] | mlops.auto_binning_woe_categorical | assign_bins_from_category_groups:235 | INFO | 	Group 3: 220 observations, Categories: ['3']
2026-06-20 21:47:40,290 | [None] | mlops.auto_binning_woe_categorical | auto_woe_binning_categorical:500 | INFO | STEP: 17 - Bins assigned based on current category groups.
2026-06-20 21:47:40,290 | [None] | mlops.auto_binning_woe_categorical | calculate_woe_iv_table_categorical:95 | INFO | Calculating WoE / IV table for categorical binning. bin_col='_bin'
2026-06-20 21:47:40,291 | [None] | mlops.auto_binning_woe_categorical | calculate_woe_iv_table_categorical:113 | INFO | Total good: 15654, Total bad: 4446
2026-06-20 21:47:40,293 | [None] | mlops.auto_binning_woe_categorical | calculate_woe_iv_table_categorical:145 | INFO | WoE / IV table calculated. Bin count=4, Total IV=0.007165
2026-06-20 21:47:40,293 | [None] | mlops.auto_binning_woe_categorical | auto_woe_binning_categorical:509 | INFO | STEP: 17 - WoE / IV summary table calculated.
2026-06-20 21:47:40,294 | [None] | mlops.auto_binning_woe_categorical | auto_woe_binning_categorical:513 | INFO | STEP: 17 - Summary table sorted by bad_rate.
2026-06-20 21:47:40,294 | [None] | mlops.auto_binning_woe_categorical | auto_woe_binning_categorical:518 | INFO | STEP: 17 - Current bin count=4, Current IV=0.007165
2026-06-20 21:47:40,295 | [None] | mlops.auto_binning_woe_categorical | auto_woe_binning_categorical:531 | INFO | STEP: 17 - RULES CHECK START
2026-06-20 21:47:40,295 | [None] | mlops.auto_binning_woe_categorical | auto_woe_binning_categorical:555 | INFO | Rule 1 triggered: small bin merge.
2026-06-20 21:47:40,295 | [None] | mlops.auto_binning_woe_categorical | auto_woe_binning_categorical:556 | INFO | STEP: 17 - Problem bin=0, Merge with bin=0
2026-06-20 21:47:40,296 | [None] | mlops.auto_binning_woe_categorical | merge_category_groups:270 | INFO | Merging category groups. Merging group 0 into group 0
2026-06-20 21:47:40,296 | [None] | mlops.auto_binning_woe_categorical | merge_category_groups:286 | INFO | Groups merged and renumbered. New group count=4
2026-06-20 21:47:40,296 | [None] | mlops.auto_binning_woe_categorical | auto_woe_binning_categorical:564 | INFO | STEP: 17 - Category groups merged based on Rule 1.
2026-06-20 21:47:40,296 | [None] | mlops.auto_binning_woe_categorical | auto_woe_binning_categorical:491 | INFO | --- Iteration 18 ---
2026-06-20 21:47:40,296 | [None] | mlops.auto_binning_woe_categorical | assign_bins_from_category_groups:226 | INFO | Assigning observations to category groups. Group count=4
2026-06-20 21:47:40,297 | [None] | mlops.auto_binning_woe_categorical | assign_bins_from_category_groups:231 | INFO | Observations assigned to groups:
2026-06-20 21:47:40,297 | [None] | mlops.auto_binning_woe_categorical | assign_bins_from_category_groups:235 | INFO | 	Group 0: 40 observations, Categories: ['0']
2026-06-20 21:47:40,297 | [None] | mlops.auto_binning_woe_categorical | assign_bins_from_category_groups:235 | INFO | 	Group 1: 9125 observations, Categories: ['1']
2026-06-20 21:47:40,297 | [None] | mlops.auto_binning_woe_categorical | assign_bins_from_category_groups:235 | INFO | 	Group 2: 10715 observations, Categories: ['2']
2026-06-20 21:47:40,297 | [None] | mlops.auto_binning_woe_categorical | assign_bins_from_category_groups:235 | INFO | 	Group 3: 220 observations, Categories: ['3']
2026-06-20 21:47:40,297 | [None] | mlops.auto_binning_woe_categorical | auto_woe_binning_categorical:500 | INFO | STEP: 18 - Bins assigned based on current category groups.
2026-06-20 21:47:40,297 | [None] | mlops.auto_binning_woe_categorical | calculate_woe_iv_table_categorical:95 | INFO | Calculating WoE / IV table for categorical binning. bin_col='_bin'
2026-06-20 21:47:40,299 | [None] | mlops.auto_binning_woe_categorical | calculate_woe_iv_table_categorical:113 | INFO | Total good: 15654, Total bad: 4446
2026-06-20 21:47:40,301 | [None] | mlops.auto_binning_woe_categorical | calculate_woe_iv_table_categorical:145 | INFO | WoE / IV table calculated. Bin count=4, Total IV=0.007165
2026-06-20 21:47:40,301 | [None] | mlops.auto_binning_woe_categorical | auto_woe_binning_categorical:509 | INFO | STEP: 18 - WoE / IV summary table calculated.
2026-06-20 21:47:40,302 | [None] | mlops.auto_binning_woe_categorical | auto_woe_binning_categorical:513 | INFO | STEP: 18 - Summary table sorted by bad_rate.
2026-06-20 21:47:40,302 | [None] | mlops.auto_binning_woe_categorical | auto_woe_binning_categorical:518 | INFO | STEP: 18 - Current bin count=4, Current IV=0.007165
2026-06-20 21:47:40,303 | [None] | mlops.auto_binning_woe_categorical | auto_woe_binning_categorical:531 | INFO | STEP: 18 - RULES CHECK START
2026-06-20 21:47:40,303 | [None] | mlops.auto_binning_woe_categorical | auto_woe_binning_categorical:555 | INFO | Rule 1 triggered: small bin merge.
2026-06-20 21:47:40,303 | [None] | mlops.auto_binning_woe_categorical | auto_woe_binning_categorical:556 | INFO | STEP: 18 - Problem bin=0, Merge with bin=0
2026-06-20 21:47:40,303 | [None] | mlops.auto_binning_woe_categorical | merge_category_groups:270 | INFO | Merging category groups. Merging group 0 into group 0
2026-06-20 21:47:40,303 | [None] | mlops.auto_binning_woe_categorical | merge_category_groups:286 | INFO | Groups merged and renumbered. New group count=4
2026-06-20 21:47:40,304 | [None] | mlops.auto_binning_woe_categorical | auto_woe_binning_categorical:564 | INFO | STEP: 18 - Category groups merged based on Rule 1.
2026-06-20 21:47:40,304 | [None] | mlops.auto_binning_woe_categorical | auto_woe_binning_categorical:491 | INFO | --- Iteration 19 ---
2026-06-20 21:47:40,304 | [None] | mlops.auto_binning_woe_categorical | assign_bins_from_category_groups:226 | INFO | Assigning observations to category groups. Group count=4
2026-06-20 21:47:40,304 | [None] | mlops.auto_binning_woe_categorical | assign_bins_from_category_groups:231 | INFO | Observations assigned to groups:
2026-06-20 21:47:40,305 | [None] | mlops.auto_binning_woe_categorical | assign_bins_from_category_groups:235 | INFO | 	Group 0: 40 observations, Categories: ['0']
2026-06-20 21:47:40,305 | [None] | mlops.auto_binning_woe_categorical | assign_bins_from_category_groups:235 | INFO | 	Group 1: 9125 observations, Categories: ['1']
2026-06-20 21:47:40,305 | [None] | mlops.auto_binning_woe_categorical | assign_bins_from_category_groups:235 | INFO | 	Group 2: 10715 observations, Categories: ['2']
2026-06-20 21:47:40,305 | [None] | mlops.auto_binning_woe_categorical | assign_bins_from_category_groups:235 | INFO | 	Group 3: 220 observations, Categories: ['3']
2026-06-20 21:47:40,305 | [None] | mlops.auto_binning_woe_categorical | auto_woe_binning_categorical:500 | INFO | STEP: 19 - Bins assigned based on current category groups.
2026-06-20 21:47:40,305 | [None] | mlops.auto_binning_woe_categorical | calculate_woe_iv_table_categorical:95 | INFO | Calculating WoE / IV table for categorical binning. bin_col='_bin'
2026-06-20 21:47:40,307 | [None] | mlops.auto_binning_woe_categorical | calculate_woe_iv_table_categorical:113 | INFO | Total good: 15654, Total bad: 4446
2026-06-20 21:47:40,309 | [None] | mlops.auto_binning_woe_categorical | calculate_woe_iv_table_categorical:145 | INFO | WoE / IV table calculated. Bin count=4, Total IV=0.007165
2026-06-20 21:47:40,309 | [None] | mlops.auto_binning_woe_categorical | auto_woe_binning_categorical:509 | INFO | STEP: 19 - WoE / IV summary table calculated.
2026-06-20 21:47:40,309 | [None] | mlops.auto_binning_woe_categorical | auto_woe_binning_categorical:513 | INFO | STEP: 19 - Summary table sorted by bad_rate.
2026-06-20 21:47:40,309 | [None] | mlops.auto_binning_woe_categorical | auto_woe_binning_categorical:518 | INFO | STEP: 19 - Current bin count=4, Current IV=0.007165
2026-06-20 21:47:40,310 | [None] | mlops.auto_binning_woe_categorical | auto_woe_binning_categorical:531 | INFO | STEP: 19 - RULES CHECK START
2026-06-20 21:47:40,311 | [None] | mlops.auto_binning_woe_categorical | auto_woe_binning_categorical:555 | INFO | Rule 1 triggered: small bin merge.
2026-06-20 21:47:40,311 | [None] | mlops.auto_binning_woe_categorical | auto_woe_binning_categorical:556 | INFO | STEP: 19 - Problem bin=0, Merge with bin=0
2026-06-20 21:47:40,311 | [None] | mlops.auto_binning_woe_categorical | merge_category_groups:270 | INFO | Merging category groups. Merging group 0 into group 0
2026-06-20 21:47:40,311 | [None] | mlops.auto_binning_woe_categorical | merge_category_groups:286 | INFO | Groups merged and renumbered. New group count=4
2026-06-20 21:47:40,311 | [None] | mlops.auto_binning_woe_categorical | auto_woe_binning_categorical:564 | INFO | STEP: 19 - Category groups merged based on Rule 1.
2026-06-20 21:47:40,311 | [None] | mlops.auto_binning_woe_categorical | auto_woe_binning_categorical:491 | INFO | --- Iteration 20 ---
2026-06-20 21:47:40,311 | [None] | mlops.auto_binning_woe_categorical | assign_bins_from_category_groups:226 | INFO | Assigning observations to category groups. Group count=4
2026-06-20 21:47:40,312 | [None] | mlops.auto_binning_woe_categorical | assign_bins_from_category_groups:231 | INFO | Observations assigned to groups:
2026-06-20 21:47:40,312 | [None] | mlops.auto_binning_woe_categorical | assign_bins_from_category_groups:235 | INFO | 	Group 0: 40 observations, Categories: ['0']
2026-06-20 21:47:40,312 | [None] | mlops.auto_binning_woe_categorical | assign_bins_from_category_groups:235 | INFO | 	Group 1: 9125 observations, Categories: ['1']
2026-06-20 21:47:40,312 | [None] | mlops.auto_binning_woe_categorical | assign_bins_from_category_groups:235 | INFO | 	Group 2: 10715 observations, Categories: ['2']
2026-06-20 21:47:40,313 | [None] | mlops.auto_binning_woe_categorical | assign_bins_from_category_groups:235 | INFO | 	Group 3: 220 observations, Categories: ['3']
2026-06-20 21:47:40,313 | [None] | mlops.auto_binning_woe_categorical | auto_woe_binning_categorical:500 | INFO | STEP: 20 - Bins assigned based on current category groups.
2026-06-20 21:47:40,313 | [None] | mlops.auto_binning_woe_categorical | calculate_woe_iv_table_categorical:95 | INFO | Calculating WoE / IV table for categorical binning. bin_col='_bin'
2026-06-20 21:47:40,314 | [None] | mlops.auto_binning_woe_categorical | calculate_woe_iv_table_categorical:113 | INFO | Total good: 15654, Total bad: 4446
2026-06-20 21:47:40,316 | [None] | mlops.auto_binning_woe_categorical | calculate_woe_iv_table_categorical:145 | INFO | WoE / IV table calculated. Bin count=4, Total IV=0.007165
2026-06-20 21:47:40,316 | [None] | mlops.auto_binning_woe_categorical | auto_woe_binning_categorical:509 | INFO | STEP: 20 - WoE / IV summary table calculated.
2026-06-20 21:47:40,317 | [None] | mlops.auto_binning_woe_categorical | auto_woe_binning_categorical:513 | INFO | STEP: 20 - Summary table sorted by bad_rate.
2026-06-20 21:47:40,317 | [None] | mlops.auto_binning_woe_categorical | auto_woe_binning_categorical:518 | INFO | STEP: 20 - Current bin count=4, Current IV=0.007165
2026-06-20 21:47:40,318 | [None] | mlops.auto_binning_woe_categorical | auto_woe_binning_categorical:531 | INFO | STEP: 20 - RULES CHECK START
2026-06-20 21:47:40,318 | [None] | mlops.auto_binning_woe_categorical | auto_woe_binning_categorical:555 | INFO | Rule 1 triggered: small bin merge.
2026-06-20 21:47:40,318 | [None] | mlops.auto_binning_woe_categorical | auto_woe_binning_categorical:556 | INFO | STEP: 20 - Problem bin=0, Merge with bin=0
2026-06-20 21:47:40,318 | [None] | mlops.auto_binning_woe_categorical | merge_category_groups:270 | INFO | Merging category groups. Merging group 0 into group 0
2026-06-20 21:47:40,318 | [None] | mlops.auto_binning_woe_categorical | merge_category_groups:286 | INFO | Groups merged and renumbered. New group count=4
2026-06-20 21:47:40,318 | [None] | mlops.auto_binning_woe_categorical | auto_woe_binning_categorical:564 | INFO | STEP: 20 - Category groups merged based on Rule 1.
2026-06-20 21:47:40,318 | [None] | mlops.auto_binning_woe_categorical | auto_woe_binning_categorical:686 | WARNING | Auto binning did NOT converge for feature 'marital_status'. Reached max_iter=20 while rule violations were still present.
2026-06-20 21:47:40,318 | [None] | mlops.auto_binning_woe_categorical | auto_woe_binning_categorical:689 | INFO | Iterative merging process completed after 20 iterations.
2026-06-20 21:47:40,318 | [None] | mlops.auto_binning_woe_categorical | auto_woe_binning_categorical:690 | INFO | ----FINAL BINNING RESULTS----
2026-06-20 21:47:40,319 | [None] | mlops.auto_binning_woe_categorical | assign_bins_from_category_groups:226 | INFO | Assigning observations to category groups. Group count=4
2026-06-20 21:47:40,319 | [None] | mlops.auto_binning_woe_categorical | assign_bins_from_category_groups:231 | INFO | Observations assigned to groups:
2026-06-20 21:47:40,319 | [None] | mlops.auto_binning_woe_categorical | assign_bins_from_category_groups:235 | INFO | 	Group 0: 40 observations, Categories: ['0']
2026-06-20 21:47:40,319 | [None] | mlops.auto_binning_woe_categorical | assign_bins_from_category_groups:235 | INFO | 	Group 1: 9125 observations, Categories: ['1']
2026-06-20 21:47:40,320 | [None] | mlops.auto_binning_woe_categorical | assign_bins_from_category_groups:235 | INFO | 	Group 2: 10715 observations, Categories: ['2']
2026-06-20 21:47:40,320 | [None] | mlops.auto_binning_woe_categorical | assign_bins_from_category_groups:235 | INFO | 	Group 3: 220 observations, Categories: ['3']
2026-06-20 21:47:40,320 | [None] | mlops.auto_binning_woe_categorical | calculate_woe_iv_table_categorical:95 | INFO | Calculating WoE / IV table for categorical binning. bin_col='_bin'
2026-06-20 21:47:40,322 | [None] | mlops.auto_binning_woe_categorical | calculate_woe_iv_table_categorical:113 | INFO | Total good: 15654, Total bad: 4446
2026-06-20 21:47:40,323 | [None] | mlops.auto_binning_woe_categorical | calculate_woe_iv_table_categorical:145 | INFO | WoE / IV table calculated. Bin count=4, Total IV=0.007165
2026-06-20 21:47:40,326 | [None] | mlops.auto_binning_woe_categorical | auto_woe_binning_categorical:750 | WARNING | Final status: REVIEW_NOT_CONVERGED (max_iter reached)
2026-06-20 21:47:40,326 | [None] | mlops.auto_binning_woe_categorical | auto_woe_binning_categorical:764 | INFO | Feature: marital_status, Final bins=4, Total IV=0.007165, Status=REVIEW_NOT_CONVERGED
2026-06-20 21:47:40,326 | [None] | mlops.auto_binning_woe_categorical | auto_woe_binning_categorical:766 | INFO | Values to Group mapping:
2026-06-20 21:47:40,326 | [None] | mlops.auto_binning_woe_categorical | auto_woe_binning_categorical:768 | INFO |   - marital_status_grp0: ['0']
2026-06-20 21:47:40,326 | [None] | mlops.auto_binning_woe_categorical | auto_woe_binning_categorical:768 | INFO |   - marital_status_grp1: ['1']
2026-06-20 21:47:40,326 | [None] | mlops.auto_binning_woe_categorical | auto_woe_binning_categorical:768 | INFO |   - marital_status_grp2: ['2']
2026-06-20 21:47:40,326 | [None] | mlops.auto_binning_woe_categorical | auto_woe_binning_categorical:768 | INFO |   - marital_status_grp3: ['3']
2026-06-20 21:47:40,328 | [None] | mlops.auto_binning_woe_categorical | auto_woe_binning_categorical:788 | INFO | Auto binning result saved to ./outputs/auto_binning_woe/marital_status/final_auto_binning_woe.json
2026-06-20 21:47:40,329 | [None] | mlops.auto_binning_woe_categorical | auto_woe_binning_categorical:792 | INFO | Final WOE table saved to ./outputs/auto_binning_woe/marital_status/final_woe_table.csv
2026-06-20 21:47:40,329 | [None] | mlops.auto_binning_woe_categorical | auto_woe_binning_categorical:795 | INFO | ==================================================
2026-06-20 21:47:40,329 | [None] | mlops.auto_binning_woe_categorical | auto_woe_binning_categorical:796 | INFO | INITIALIZE PARAMETERS
2026-06-20 21:47:40,329 | [None] | mlops.auto_binning_woe_categorical | auto_woe_binning_categorical:797 | INFO | Feature:..................... marital_status
2026-06-20 21:47:40,329 | [None] | mlops.auto_binning_woe_categorical | auto_woe_binning_categorical:798 | INFO | Target:...................... TARGET
2026-06-20 21:47:40,330 | [None] | mlops.auto_binning_woe_categorical | auto_woe_binning_categorical:799 | INFO | Minimum Bin Percentage:...... 0.05
2026-06-20 21:47:40,330 | [None] | mlops.auto_binning_woe_categorical | auto_woe_binning_categorical:800 | INFO | Maximum Final Bins:.......... 6
2026-06-20 21:47:40,330 | [None] | mlops.auto_binning_woe_categorical | auto_woe_binning_categorical:801 | INFO | Minimum Final Bins:.......... 2
2026-06-20 21:47:40,330 | [None] | mlops.auto_binning_woe_categorical | auto_woe_binning_categorical:802 | INFO | Minimum IV:.................. 0.02
2026-06-20 21:47:40,330 | [None] | mlops.auto_binning_woe_categorical | auto_woe_binning_categorical:803 | INFO | Maximum IV:.................. 0.5
2026-06-20 21:47:40,330 | [None] | mlops.auto_binning_woe_categorical | auto_woe_binning_categorical:804 | INFO | Maximum Iterations:.......... 20
2026-06-20 21:47:40,330 | [None] | mlops.auto_binning_woe_categorical | auto_woe_binning_categorical:805 | INFO | ==================================================
2026-06-20 21:47:40,330 | [None] | mlops.auto_binning_woe_categorical | auto_woe_binning_categorical:807 | INFO | ==================================================
2026-06-20 21:47:40,330 | [None] | mlops.auto_binning_woe_categorical | auto_woe_binning_categorical:808 | INFO | AUTO BINNING RESULTS
2026-06-20 21:47:40,330 | [None] | mlops.auto_binning_woe_categorical | auto_woe_binning_categorical:809 | INFO | Stopping Iteration:............... 20
2026-06-20 21:47:40,330 | [None] | mlops.auto_binning_woe_categorical | auto_woe_binning_categorical:810 | INFO | Feature Name:..................... marital_status
2026-06-20 21:47:40,330 | [None] | mlops.auto_binning_woe_categorical | auto_woe_binning_categorical:811 | INFO | Final Bin Count:.................. 4
2026-06-20 21:47:40,330 | [None] | mlops.auto_binning_woe_categorical | auto_woe_binning_categorical:812 | INFO | Total Information Value (IV):..... 0.007165
2026-06-20 21:47:40,330 | [None] | mlops.auto_binning_woe_categorical | auto_woe_binning_categorical:813 | INFO | IV Interpretation:................ Not Predictive
2026-06-20 21:47:40,330 | [None] | mlops.auto_binning_woe_categorical | auto_woe_binning_categorical:814 | INFO | Binning Status:................... REVIEW_NOT_CONVERGED
2026-06-20 21:47:40,331 | [None] | mlops.auto_binning_woe_categorical | auto_woe_binning_categorical:815 | INFO | --------------------------------------------------
2026-06-20 21:47:40,331 | [None] | mlops.auto_binning_woe_categorical | auto_woe_binning_categorical:816 | INFO | WoE Summary Table:
2026-06-20 21:47:40,332 | [None] | mlops.auto_binning_woe_categorical | auto_woe_binning_categorical:817 | INFO | 
               _bin  total  good  bad  bad_rate  bin_pct  good_dist  bad_dist  good_dist_minus_bad_dist  odds_ratio       woe  woe_display       iv
marital_status_grp0     40    36    4  0.100000 0.001990   0.002331  0.001012                  0.001320    2.304434  0.834835    83.483519 0.001102
marital_status_grp2  10715  8464 2251  0.210079 0.533085   0.540655  0.506183                  0.034473    1.068103  0.065885     6.588461 0.002271
marital_status_grp1   9125  6998 2127  0.233096 0.453980   0.447017  0.478305                 -0.031288    0.934586 -0.067651    -6.765141 0.002117
marital_status_grp3    220   156   64  0.290909 0.010945   0.009996  0.014501                 -0.004505    0.689348 -0.372009   -37.200889 0.001676

2026-06-20 21:47:40,332 | [None] | mlops.auto_binning_woe_categorical | auto_woe_binning_categorical:818 | INFO | --------------------------------------------------
2026-06-20 21:47:40,332 | [None] | mlops.auto_binning_woe_categorical | auto_woe_binning_categorical:819 | INFO | Values to Group:
2026-06-20 21:47:40,332 | [None] | mlops.auto_binning_woe_categorical | auto_woe_binning_categorical:821 | INFO |   marital_status_grp0: ['0']
2026-06-20 21:47:40,332 | [None] | mlops.auto_binning_woe_categorical | auto_woe_binning_categorical:821 | INFO |   marital_status_grp1: ['1']
2026-06-20 21:47:40,332 | [None] | mlops.auto_binning_woe_categorical | auto_woe_binning_categorical:821 | INFO |   marital_status_grp2: ['2']
2026-06-20 21:47:40,332 | [None] | mlops.auto_binning_woe_categorical | auto_woe_binning_categorical:821 | INFO |   marital_status_grp3: ['3']
2026-06-20 21:47:40,332 | [None] | mlops.auto_binning_woe_categorical | auto_woe_binning_categorical:822 | INFO | --------------------------------------------------
2026-06-20 21:47:40,332 | [None] | mlops.auto_binning_woe_categorical | auto_woe_binning_categorical:823 | INFO | Quality Check Results:
2026-06-20 21:47:40,332 | [None] | mlops.auto_binning_woe_categorical | auto_woe_binning_categorical:825 | INFO |   minBinPct: Is minimum pct of each bin > 0.05? -> False
2026-06-20 21:47:40,332 | [None] | mlops.auto_binning_woe_categorical | auto_woe_binning_categorical:825 | INFO |   goodBadExist: Do good and bad exist in every bin? -> True
2026-06-20 21:47:40,332 | [None] | mlops.auto_binning_woe_categorical | auto_woe_binning_categorical:825 | INFO |   badRateMonotonic: Is Bad Rate monotonic? -> True
2026-06-20 21:47:40,333 | [None] | mlops.auto_binning_woe_categorical | auto_woe_binning_categorical:825 | INFO |   woeMonotonic: Is WoE monotonic? -> True
2026-06-20 21:47:40,333 | [None] | mlops.auto_binning_woe_categorical | auto_woe_binning_categorical:825 | INFO |   binCount: Are bins between 2 and 6? -> True
2026-06-20 21:47:40,333 | [None] | mlops.auto_binning_woe_categorical | auto_woe_binning_categorical:825 | INFO |   ivReasonable: Is IV 0.007165 reasonable? (0.02 < IV < 0.50) -> False
2026-06-20 21:47:40,333 | [None] | mlops.auto_binning_woe_categorical | auto_woe_binning_categorical:826 | INFO | --------------------------------------------------
2026-06-20 21:47:40,333 | [None] | mlops.auto_binning_woe_categorical | auto_woe_binning_categorical:828 | INFO | Auto binning completed successfully for feature: 'marital_status'
2026-06-20 21:47:40,333 | [None] | mlops.auto_binning_woe_categorical | auto_woe_binning_categorical:829 | INFO | ==================================================
2026-06-20 21:47:40,333 | [None] | mlops.auto_binning_woe_categorical | auto_woe_binning_categorical:409 | INFO | Starting categorical WoE auto binning. Feature:repayment_status_sep_2005, Target:TARGET
2026-06-20 21:47:40,336 | [None] | mlops.auto_binning_woe_categorical | auto_woe_binning_categorical:463 | INFO | Missing rows dropped. Before=20100, After=20100, Dropped=0
2026-06-20 21:47:40,336 | [None] | mlops.auto_binning_woe_categorical | auto_woe_binning_categorical:466 | INFO | Target variable TARGET converted to integer type.
2026-06-20 21:47:40,337 | [None] | mlops.auto_binning_woe_categorical | auto_woe_binning_categorical:470 | INFO | Distinct categories found: ['-1', '-2', '0', '1', '2', '3', 'Rare']
2026-06-20 21:47:40,337 | [None] | mlops.auto_binning_woe_categorical | create_initial_category_groups:182 | INFO | Creating initial category groups. Category count=7
2026-06-20 21:47:40,337 | [None] | mlops.auto_binning_woe_categorical | create_initial_category_groups:188 | INFO | Initial category groups created:
2026-06-20 21:47:40,337 | [None] | mlops.auto_binning_woe_categorical | create_initial_category_groups:190 | INFO |   - Category: '-1' -> Group: 0
2026-06-20 21:47:40,337 | [None] | mlops.auto_binning_woe_categorical | create_initial_category_groups:190 | INFO |   - Category: '-2' -> Group: 1
2026-06-20 21:47:40,337 | [None] | mlops.auto_binning_woe_categorical | create_initial_category_groups:190 | INFO |   - Category: '0' -> Group: 2
2026-06-20 21:47:40,337 | [None] | mlops.auto_binning_woe_categorical | create_initial_category_groups:190 | INFO |   - Category: '1' -> Group: 3
2026-06-20 21:47:40,337 | [None] | mlops.auto_binning_woe_categorical | create_initial_category_groups:190 | INFO |   - Category: '2' -> Group: 4
2026-06-20 21:47:40,338 | [None] | mlops.auto_binning_woe_categorical | create_initial_category_groups:190 | INFO |   - Category: '3' -> Group: 5
2026-06-20 21:47:40,338 | [None] | mlops.auto_binning_woe_categorical | create_initial_category_groups:190 | INFO |   - Category: 'Rare' -> Group: 6
2026-06-20 21:47:40,338 | [None] | mlops.auto_binning_woe_categorical | auto_woe_binning_categorical:491 | INFO | --- Iteration 1 ---
2026-06-20 21:47:40,338 | [None] | mlops.auto_binning_woe_categorical | assign_bins_from_category_groups:226 | INFO | Assigning observations to category groups. Group count=7
2026-06-20 21:47:40,339 | [None] | mlops.auto_binning_woe_categorical | assign_bins_from_category_groups:231 | INFO | Observations assigned to groups:
2026-06-20 21:47:40,339 | [None] | mlops.auto_binning_woe_categorical | assign_bins_from_category_groups:235 | INFO | 	Group 0: 3810 observations, Categories: ['-1']
2026-06-20 21:47:40,339 | [None] | mlops.auto_binning_woe_categorical | assign_bins_from_category_groups:235 | INFO | 	Group 1: 1851 observations, Categories: ['-2']
2026-06-20 21:47:40,339 | [None] | mlops.auto_binning_woe_categorical | assign_bins_from_category_groups:235 | INFO | 	Group 2: 9855 observations, Categories: ['0']
2026-06-20 21:47:40,339 | [None] | mlops.auto_binning_woe_categorical | assign_bins_from_category_groups:235 | INFO | 	Group 3: 2500 observations, Categories: ['1']
2026-06-20 21:47:40,339 | [None] | mlops.auto_binning_woe_categorical | assign_bins_from_category_groups:235 | INFO | 	Group 4: 1791 observations, Categories: ['2']
2026-06-20 21:47:40,340 | [None] | mlops.auto_binning_woe_categorical | assign_bins_from_category_groups:235 | INFO | 	Group 5: 202 observations, Categories: ['3']
2026-06-20 21:47:40,340 | [None] | mlops.auto_binning_woe_categorical | assign_bins_from_category_groups:235 | INFO | 	Group 6: 91 observations, Categories: ['Rare']
2026-06-20 21:47:40,340 | [None] | mlops.auto_binning_woe_categorical | auto_woe_binning_categorical:500 | INFO | STEP: 1 - Bins assigned based on current category groups.
2026-06-20 21:47:40,340 | [None] | mlops.auto_binning_woe_categorical | calculate_woe_iv_table_categorical:95 | INFO | Calculating WoE / IV table for categorical binning. bin_col='_bin'
2026-06-20 21:47:40,342 | [None] | mlops.auto_binning_woe_categorical | calculate_woe_iv_table_categorical:113 | INFO | Total good: 15654, Total bad: 4446
2026-06-20 21:47:40,344 | [None] | mlops.auto_binning_woe_categorical | calculate_woe_iv_table_categorical:145 | INFO | WoE / IV table calculated. Bin count=7, Total IV=0.893670
2026-06-20 21:47:40,344 | [None] | mlops.auto_binning_woe_categorical | auto_woe_binning_categorical:509 | INFO | STEP: 1 - WoE / IV summary table calculated.
2026-06-20 21:47:40,345 | [None] | mlops.auto_binning_woe_categorical | auto_woe_binning_categorical:513 | INFO | STEP: 1 - Summary table sorted by bad_rate.
2026-06-20 21:47:40,345 | [None] | mlops.auto_binning_woe_categorical | auto_woe_binning_categorical:518 | INFO | STEP: 1 - Current bin count=7, Current IV=0.893670
2026-06-20 21:47:40,346 | [None] | mlops.auto_binning_woe_categorical | auto_woe_binning_categorical:531 | INFO | STEP: 1 - RULES CHECK START
2026-06-20 21:47:40,347 | [None] | mlops.auto_binning_woe_categorical | auto_woe_binning_categorical:555 | INFO | Rule 1 triggered: small bin merge.
2026-06-20 21:47:40,347 | [None] | mlops.auto_binning_woe_categorical | auto_woe_binning_categorical:556 | INFO | STEP: 1 - Problem bin=6, Merge with bin=6
2026-06-20 21:47:40,347 | [None] | mlops.auto_binning_woe_categorical | merge_category_groups:270 | INFO | Merging category groups. Merging group 6 into group 6
2026-06-20 21:47:40,347 | [None] | mlops.auto_binning_woe_categorical | merge_category_groups:286 | INFO | Groups merged and renumbered. New group count=7
2026-06-20 21:47:40,347 | [None] | mlops.auto_binning_woe_categorical | auto_woe_binning_categorical:564 | INFO | STEP: 1 - Category groups merged based on Rule 1.
2026-06-20 21:47:40,347 | [None] | mlops.auto_binning_woe_categorical | auto_woe_binning_categorical:491 | INFO | --- Iteration 2 ---
2026-06-20 21:47:40,347 | [None] | mlops.auto_binning_woe_categorical | assign_bins_from_category_groups:226 | INFO | Assigning observations to category groups. Group count=7
2026-06-20 21:47:40,348 | [None] | mlops.auto_binning_woe_categorical | assign_bins_from_category_groups:231 | INFO | Observations assigned to groups:
2026-06-20 21:47:40,348 | [None] | mlops.auto_binning_woe_categorical | assign_bins_from_category_groups:235 | INFO | 	Group 0: 3810 observations, Categories: ['-1']
2026-06-20 21:47:40,348 | [None] | mlops.auto_binning_woe_categorical | assign_bins_from_category_groups:235 | INFO | 	Group 1: 1851 observations, Categories: ['-2']
2026-06-20 21:47:40,349 | [None] | mlops.auto_binning_woe_categorical | assign_bins_from_category_groups:235 | INFO | 	Group 2: 9855 observations, Categories: ['0']
2026-06-20 21:47:40,349 | [None] | mlops.auto_binning_woe_categorical | assign_bins_from_category_groups:235 | INFO | 	Group 3: 2500 observations, Categories: ['1']
2026-06-20 21:47:40,349 | [None] | mlops.auto_binning_woe_categorical | assign_bins_from_category_groups:235 | INFO | 	Group 4: 1791 observations, Categories: ['2']
2026-06-20 21:47:40,349 | [None] | mlops.auto_binning_woe_categorical | assign_bins_from_category_groups:235 | INFO | 	Group 5: 202 observations, Categories: ['3']
2026-06-20 21:47:40,349 | [None] | mlops.auto_binning_woe_categorical | assign_bins_from_category_groups:235 | INFO | 	Group 6: 91 observations, Categories: ['Rare']
2026-06-20 21:47:40,349 | [None] | mlops.auto_binning_woe_categorical | auto_woe_binning_categorical:500 | INFO | STEP: 2 - Bins assigned based on current category groups.
2026-06-20 21:47:40,349 | [None] | mlops.auto_binning_woe_categorical | calculate_woe_iv_table_categorical:95 | INFO | Calculating WoE / IV table for categorical binning. bin_col='_bin'
2026-06-20 21:47:40,351 | [None] | mlops.auto_binning_woe_categorical | calculate_woe_iv_table_categorical:113 | INFO | Total good: 15654, Total bad: 4446
2026-06-20 21:47:40,353 | [None] | mlops.auto_binning_woe_categorical | calculate_woe_iv_table_categorical:145 | INFO | WoE / IV table calculated. Bin count=7, Total IV=0.893670
2026-06-20 21:47:40,353 | [None] | mlops.auto_binning_woe_categorical | auto_woe_binning_categorical:509 | INFO | STEP: 2 - WoE / IV summary table calculated.
2026-06-20 21:47:40,353 | [None] | mlops.auto_binning_woe_categorical | auto_woe_binning_categorical:513 | INFO | STEP: 2 - Summary table sorted by bad_rate.
2026-06-20 21:47:40,353 | [None] | mlops.auto_binning_woe_categorical | auto_woe_binning_categorical:518 | INFO | STEP: 2 - Current bin count=7, Current IV=0.893670
2026-06-20 21:47:40,354 | [None] | mlops.auto_binning_woe_categorical | auto_woe_binning_categorical:531 | INFO | STEP: 2 - RULES CHECK START
2026-06-20 21:47:40,355 | [None] | mlops.auto_binning_woe_categorical | auto_woe_binning_categorical:555 | INFO | Rule 1 triggered: small bin merge.
2026-06-20 21:47:40,355 | [None] | mlops.auto_binning_woe_categorical | auto_woe_binning_categorical:556 | INFO | STEP: 2 - Problem bin=6, Merge with bin=6
2026-06-20 21:47:40,355 | [None] | mlops.auto_binning_woe_categorical | merge_category_groups:270 | INFO | Merging category groups. Merging group 6 into group 6
2026-06-20 21:47:40,355 | [None] | mlops.auto_binning_woe_categorical | merge_category_groups:286 | INFO | Groups merged and renumbered. New group count=7
2026-06-20 21:47:40,355 | [None] | mlops.auto_binning_woe_categorical | auto_woe_binning_categorical:564 | INFO | STEP: 2 - Category groups merged based on Rule 1.
2026-06-20 21:47:40,356 | [None] | mlops.auto_binning_woe_categorical | auto_woe_binning_categorical:491 | INFO | --- Iteration 3 ---
2026-06-20 21:47:40,356 | [None] | mlops.auto_binning_woe_categorical | assign_bins_from_category_groups:226 | INFO | Assigning observations to category groups. Group count=7
2026-06-20 21:47:40,356 | [None] | mlops.auto_binning_woe_categorical | assign_bins_from_category_groups:231 | INFO | Observations assigned to groups:
2026-06-20 21:47:40,357 | [None] | mlops.auto_binning_woe_categorical | assign_bins_from_category_groups:235 | INFO | 	Group 0: 3810 observations, Categories: ['-1']
2026-06-20 21:47:40,357 | [None] | mlops.auto_binning_woe_categorical | assign_bins_from_category_groups:235 | INFO | 	Group 1: 1851 observations, Categories: ['-2']
2026-06-20 21:47:40,357 | [None] | mlops.auto_binning_woe_categorical | assign_bins_from_category_groups:235 | INFO | 	Group 2: 9855 observations, Categories: ['0']
2026-06-20 21:47:40,357 | [None] | mlops.auto_binning_woe_categorical | assign_bins_from_category_groups:235 | INFO | 	Group 3: 2500 observations, Categories: ['1']
2026-06-20 21:47:40,357 | [None] | mlops.auto_binning_woe_categorical | assign_bins_from_category_groups:235 | INFO | 	Group 4: 1791 observations, Categories: ['2']
2026-06-20 21:47:40,357 | [None] | mlops.auto_binning_woe_categorical | assign_bins_from_category_groups:235 | INFO | 	Group 5: 202 observations, Categories: ['3']
2026-06-20 21:47:40,357 | [None] | mlops.auto_binning_woe_categorical | assign_bins_from_category_groups:235 | INFO | 	Group 6: 91 observations, Categories: ['Rare']
2026-06-20 21:47:40,357 | [None] | mlops.auto_binning_woe_categorical | auto_woe_binning_categorical:500 | INFO | STEP: 3 - Bins assigned based on current category groups.
2026-06-20 21:47:40,358 | [None] | mlops.auto_binning_woe_categorical | calculate_woe_iv_table_categorical:95 | INFO | Calculating WoE / IV table for categorical binning. bin_col='_bin'
2026-06-20 21:47:40,359 | [None] | mlops.auto_binning_woe_categorical | calculate_woe_iv_table_categorical:113 | INFO | Total good: 15654, Total bad: 4446
2026-06-20 21:47:40,362 | [None] | mlops.auto_binning_woe_categorical | calculate_woe_iv_table_categorical:145 | INFO | WoE / IV table calculated. Bin count=7, Total IV=0.893670
2026-06-20 21:47:40,362 | [None] | mlops.auto_binning_woe_categorical | auto_woe_binning_categorical:509 | INFO | STEP: 3 - WoE / IV summary table calculated.
2026-06-20 21:47:40,362 | [None] | mlops.auto_binning_woe_categorical | auto_woe_binning_categorical:513 | INFO | STEP: 3 - Summary table sorted by bad_rate.
2026-06-20 21:47:40,362 | [None] | mlops.auto_binning_woe_categorical | auto_woe_binning_categorical:518 | INFO | STEP: 3 - Current bin count=7, Current IV=0.893670
2026-06-20 21:47:40,363 | [None] | mlops.auto_binning_woe_categorical | auto_woe_binning_categorical:531 | INFO | STEP: 3 - RULES CHECK START
2026-06-20 21:47:40,364 | [None] | mlops.auto_binning_woe_categorical | auto_woe_binning_categorical:555 | INFO | Rule 1 triggered: small bin merge.
2026-06-20 21:47:40,364 | [None] | mlops.auto_binning_woe_categorical | auto_woe_binning_categorical:556 | INFO | STEP: 3 - Problem bin=6, Merge with bin=6
2026-06-20 21:47:40,364 | [None] | mlops.auto_binning_woe_categorical | merge_category_groups:270 | INFO | Merging category groups. Merging group 6 into group 6
2026-06-20 21:47:40,364 | [None] | mlops.auto_binning_woe_categorical | merge_category_groups:286 | INFO | Groups merged and renumbered. New group count=7
2026-06-20 21:47:40,364 | [None] | mlops.auto_binning_woe_categorical | auto_woe_binning_categorical:564 | INFO | STEP: 3 - Category groups merged based on Rule 1.
2026-06-20 21:47:40,364 | [None] | mlops.auto_binning_woe_categorical | auto_woe_binning_categorical:491 | INFO | --- Iteration 4 ---
2026-06-20 21:47:40,365 | [None] | mlops.auto_binning_woe_categorical | assign_bins_from_category_groups:226 | INFO | Assigning observations to category groups. Group count=7
2026-06-20 21:47:40,365 | [None] | mlops.auto_binning_woe_categorical | assign_bins_from_category_groups:231 | INFO | Observations assigned to groups:
2026-06-20 21:47:40,366 | [None] | mlops.auto_binning_woe_categorical | assign_bins_from_category_groups:235 | INFO | 	Group 0: 3810 observations, Categories: ['-1']
2026-06-20 21:47:40,366 | [None] | mlops.auto_binning_woe_categorical | assign_bins_from_category_groups:235 | INFO | 	Group 1: 1851 observations, Categories: ['-2']
2026-06-20 21:47:40,366 | [None] | mlops.auto_binning_woe_categorical | assign_bins_from_category_groups:235 | INFO | 	Group 2: 9855 observations, Categories: ['0']
2026-06-20 21:47:40,366 | [None] | mlops.auto_binning_woe_categorical | assign_bins_from_category_groups:235 | INFO | 	Group 3: 2500 observations, Categories: ['1']
2026-06-20 21:47:40,366 | [None] | mlops.auto_binning_woe_categorical | assign_bins_from_category_groups:235 | INFO | 	Group 4: 1791 observations, Categories: ['2']
2026-06-20 21:47:40,366 | [None] | mlops.auto_binning_woe_categorical | assign_bins_from_category_groups:235 | INFO | 	Group 5: 202 observations, Categories: ['3']
2026-06-20 21:47:40,367 | [None] | mlops.auto_binning_woe_categorical | assign_bins_from_category_groups:235 | INFO | 	Group 6: 91 observations, Categories: ['Rare']
2026-06-20 21:47:40,367 | [None] | mlops.auto_binning_woe_categorical | auto_woe_binning_categorical:500 | INFO | STEP: 4 - Bins assigned based on current category groups.
2026-06-20 21:47:40,367 | [None] | mlops.auto_binning_woe_categorical | calculate_woe_iv_table_categorical:95 | INFO | Calculating WoE / IV table for categorical binning. bin_col='_bin'
2026-06-20 21:47:40,369 | [None] | mlops.auto_binning_woe_categorical | calculate_woe_iv_table_categorical:113 | INFO | Total good: 15654, Total bad: 4446
2026-06-20 21:47:40,370 | [None] | mlops.auto_binning_woe_categorical | calculate_woe_iv_table_categorical:145 | INFO | WoE / IV table calculated. Bin count=7, Total IV=0.893670
2026-06-20 21:47:40,370 | [None] | mlops.auto_binning_woe_categorical | auto_woe_binning_categorical:509 | INFO | STEP: 4 - WoE / IV summary table calculated.
2026-06-20 21:47:40,371 | [None] | mlops.auto_binning_woe_categorical | auto_woe_binning_categorical:513 | INFO | STEP: 4 - Summary table sorted by bad_rate.
2026-06-20 21:47:40,371 | [None] | mlops.auto_binning_woe_categorical | auto_woe_binning_categorical:518 | INFO | STEP: 4 - Current bin count=7, Current IV=0.893670
2026-06-20 21:47:40,372 | [None] | mlops.auto_binning_woe_categorical | auto_woe_binning_categorical:531 | INFO | STEP: 4 - RULES CHECK START
2026-06-20 21:47:40,373 | [None] | mlops.auto_binning_woe_categorical | auto_woe_binning_categorical:555 | INFO | Rule 1 triggered: small bin merge.
2026-06-20 21:47:40,373 | [None] | mlops.auto_binning_woe_categorical | auto_woe_binning_categorical:556 | INFO | STEP: 4 - Problem bin=6, Merge with bin=6
2026-06-20 21:47:40,373 | [None] | mlops.auto_binning_woe_categorical | merge_category_groups:270 | INFO | Merging category groups. Merging group 6 into group 6
2026-06-20 21:47:40,373 | [None] | mlops.auto_binning_woe_categorical | merge_category_groups:286 | INFO | Groups merged and renumbered. New group count=7
2026-06-20 21:47:40,373 | [None] | mlops.auto_binning_woe_categorical | auto_woe_binning_categorical:564 | INFO | STEP: 4 - Category groups merged based on Rule 1.
2026-06-20 21:47:40,373 | [None] | mlops.auto_binning_woe_categorical | auto_woe_binning_categorical:491 | INFO | --- Iteration 5 ---
2026-06-20 21:47:40,373 | [None] | mlops.auto_binning_woe_categorical | assign_bins_from_category_groups:226 | INFO | Assigning observations to category groups. Group count=7
2026-06-20 21:47:40,374 | [None] | mlops.auto_binning_woe_categorical | assign_bins_from_category_groups:231 | INFO | Observations assigned to groups:
2026-06-20 21:47:40,374 | [None] | mlops.auto_binning_woe_categorical | assign_bins_from_category_groups:235 | INFO | 	Group 0: 3810 observations, Categories: ['-1']
2026-06-20 21:47:40,375 | [None] | mlops.auto_binning_woe_categorical | assign_bins_from_category_groups:235 | INFO | 	Group 1: 1851 observations, Categories: ['-2']
2026-06-20 21:47:40,375 | [None] | mlops.auto_binning_woe_categorical | assign_bins_from_category_groups:235 | INFO | 	Group 2: 9855 observations, Categories: ['0']
2026-06-20 21:47:40,375 | [None] | mlops.auto_binning_woe_categorical | assign_bins_from_category_groups:235 | INFO | 	Group 3: 2500 observations, Categories: ['1']
2026-06-20 21:47:40,375 | [None] | mlops.auto_binning_woe_categorical | assign_bins_from_category_groups:235 | INFO | 	Group 4: 1791 observations, Categories: ['2']
2026-06-20 21:47:40,375 | [None] | mlops.auto_binning_woe_categorical | assign_bins_from_category_groups:235 | INFO | 	Group 5: 202 observations, Categories: ['3']
2026-06-20 21:47:40,375 | [None] | mlops.auto_binning_woe_categorical | assign_bins_from_category_groups:235 | INFO | 	Group 6: 91 observations, Categories: ['Rare']
2026-06-20 21:47:40,375 | [None] | mlops.auto_binning_woe_categorical | auto_woe_binning_categorical:500 | INFO | STEP: 5 - Bins assigned based on current category groups.
2026-06-20 21:47:40,375 | [None] | mlops.auto_binning_woe_categorical | calculate_woe_iv_table_categorical:95 | INFO | Calculating WoE / IV table for categorical binning. bin_col='_bin'
2026-06-20 21:47:40,378 | [None] | mlops.auto_binning_woe_categorical | calculate_woe_iv_table_categorical:113 | INFO | Total good: 15654, Total bad: 4446
2026-06-20 21:47:40,379 | [None] | mlops.auto_binning_woe_categorical | calculate_woe_iv_table_categorical:145 | INFO | WoE / IV table calculated. Bin count=7, Total IV=0.893670
2026-06-20 21:47:40,379 | [None] | mlops.auto_binning_woe_categorical | auto_woe_binning_categorical:509 | INFO | STEP: 5 - WoE / IV summary table calculated.
2026-06-20 21:47:40,380 | [None] | mlops.auto_binning_woe_categorical | auto_woe_binning_categorical:513 | INFO | STEP: 5 - Summary table sorted by bad_rate.
2026-06-20 21:47:40,380 | [None] | mlops.auto_binning_woe_categorical | auto_woe_binning_categorical:518 | INFO | STEP: 5 - Current bin count=7, Current IV=0.893670
2026-06-20 21:47:40,381 | [None] | mlops.auto_binning_woe_categorical | auto_woe_binning_categorical:531 | INFO | STEP: 5 - RULES CHECK START
2026-06-20 21:47:40,382 | [None] | mlops.auto_binning_woe_categorical | auto_woe_binning_categorical:555 | INFO | Rule 1 triggered: small bin merge.
2026-06-20 21:47:40,382 | [None] | mlops.auto_binning_woe_categorical | auto_woe_binning_categorical:556 | INFO | STEP: 5 - Problem bin=6, Merge with bin=6
2026-06-20 21:47:40,382 | [None] | mlops.auto_binning_woe_categorical | merge_category_groups:270 | INFO | Merging category groups. Merging group 6 into group 6
2026-06-20 21:47:40,382 | [None] | mlops.auto_binning_woe_categorical | merge_category_groups:286 | INFO | Groups merged and renumbered. New group count=7
2026-06-20 21:47:40,382 | [None] | mlops.auto_binning_woe_categorical | auto_woe_binning_categorical:564 | INFO | STEP: 5 - Category groups merged based on Rule 1.
2026-06-20 21:47:40,382 | [None] | mlops.auto_binning_woe_categorical | auto_woe_binning_categorical:491 | INFO | --- Iteration 6 ---
2026-06-20 21:47:40,382 | [None] | mlops.auto_binning_woe_categorical | assign_bins_from_category_groups:226 | INFO | Assigning observations to category groups. Group count=7
2026-06-20 21:47:40,383 | [None] | mlops.auto_binning_woe_categorical | assign_bins_from_category_groups:231 | INFO | Observations assigned to groups:
2026-06-20 21:47:40,383 | [None] | mlops.auto_binning_woe_categorical | assign_bins_from_category_groups:235 | INFO | 	Group 0: 3810 observations, Categories: ['-1']
2026-06-20 21:47:40,383 | [None] | mlops.auto_binning_woe_categorical | assign_bins_from_category_groups:235 | INFO | 	Group 1: 1851 observations, Categories: ['-2']
2026-06-20 21:47:40,384 | [None] | mlops.auto_binning_woe_categorical | assign_bins_from_category_groups:235 | INFO | 	Group 2: 9855 observations, Categories: ['0']
2026-06-20 21:47:40,384 | [None] | mlops.auto_binning_woe_categorical | assign_bins_from_category_groups:235 | INFO | 	Group 3: 2500 observations, Categories: ['1']
2026-06-20 21:47:40,384 | [None] | mlops.auto_binning_woe_categorical | assign_bins_from_category_groups:235 | INFO | 	Group 4: 1791 observations, Categories: ['2']
2026-06-20 21:47:40,384 | [None] | mlops.auto_binning_woe_categorical | assign_bins_from_category_groups:235 | INFO | 	Group 5: 202 observations, Categories: ['3']
2026-06-20 21:47:40,384 | [None] | mlops.auto_binning_woe_categorical | assign_bins_from_category_groups:235 | INFO | 	Group 6: 91 observations, Categories: ['Rare']
2026-06-20 21:47:40,384 | [None] | mlops.auto_binning_woe_categorical | auto_woe_binning_categorical:500 | INFO | STEP: 6 - Bins assigned based on current category groups.
2026-06-20 21:47:40,384 | [None] | mlops.auto_binning_woe_categorical | calculate_woe_iv_table_categorical:95 | INFO | Calculating WoE / IV table for categorical binning. bin_col='_bin'
2026-06-20 21:47:40,386 | [None] | mlops.auto_binning_woe_categorical | calculate_woe_iv_table_categorical:113 | INFO | Total good: 15654, Total bad: 4446
2026-06-20 21:47:40,388 | [None] | mlops.auto_binning_woe_categorical | calculate_woe_iv_table_categorical:145 | INFO | WoE / IV table calculated. Bin count=7, Total IV=0.893670
2026-06-20 21:47:40,388 | [None] | mlops.auto_binning_woe_categorical | auto_woe_binning_categorical:509 | INFO | STEP: 6 - WoE / IV summary table calculated.
2026-06-20 21:47:40,388 | [None] | mlops.auto_binning_woe_categorical | auto_woe_binning_categorical:513 | INFO | STEP: 6 - Summary table sorted by bad_rate.
2026-06-20 21:47:40,388 | [None] | mlops.auto_binning_woe_categorical | auto_woe_binning_categorical:518 | INFO | STEP: 6 - Current bin count=7, Current IV=0.893670
2026-06-20 21:47:40,389 | [None] | mlops.auto_binning_woe_categorical | auto_woe_binning_categorical:531 | INFO | STEP: 6 - RULES CHECK START
2026-06-20 21:47:40,390 | [None] | mlops.auto_binning_woe_categorical | auto_woe_binning_categorical:555 | INFO | Rule 1 triggered: small bin merge.
2026-06-20 21:47:40,390 | [None] | mlops.auto_binning_woe_categorical | auto_woe_binning_categorical:556 | INFO | STEP: 6 - Problem bin=6, Merge with bin=6
2026-06-20 21:47:40,390 | [None] | mlops.auto_binning_woe_categorical | merge_category_groups:270 | INFO | Merging category groups. Merging group 6 into group 6
2026-06-20 21:47:40,390 | [None] | mlops.auto_binning_woe_categorical | merge_category_groups:286 | INFO | Groups merged and renumbered. New group count=7
2026-06-20 21:47:40,390 | [None] | mlops.auto_binning_woe_categorical | auto_woe_binning_categorical:564 | INFO | STEP: 6 - Category groups merged based on Rule 1.
2026-06-20 21:47:40,391 | [None] | mlops.auto_binning_woe_categorical | auto_woe_binning_categorical:491 | INFO | --- Iteration 7 ---
2026-06-20 21:47:40,391 | [None] | mlops.auto_binning_woe_categorical | assign_bins_from_category_groups:226 | INFO | Assigning observations to category groups. Group count=7
2026-06-20 21:47:40,391 | [None] | mlops.auto_binning_woe_categorical | assign_bins_from_category_groups:231 | INFO | Observations assigned to groups:
2026-06-20 21:47:40,392 | [None] | mlops.auto_binning_woe_categorical | assign_bins_from_category_groups:235 | INFO | 	Group 0: 3810 observations, Categories: ['-1']
2026-06-20 21:47:40,392 | [None] | mlops.auto_binning_woe_categorical | assign_bins_from_category_groups:235 | INFO | 	Group 1: 1851 observations, Categories: ['-2']
2026-06-20 21:47:40,392 | [None] | mlops.auto_binning_woe_categorical | assign_bins_from_category_groups:235 | INFO | 	Group 2: 9855 observations, Categories: ['0']
2026-06-20 21:47:40,392 | [None] | mlops.auto_binning_woe_categorical | assign_bins_from_category_groups:235 | INFO | 	Group 3: 2500 observations, Categories: ['1']
2026-06-20 21:47:40,392 | [None] | mlops.auto_binning_woe_categorical | assign_bins_from_category_groups:235 | INFO | 	Group 4: 1791 observations, Categories: ['2']
2026-06-20 21:47:40,392 | [None] | mlops.auto_binning_woe_categorical | assign_bins_from_category_groups:235 | INFO | 	Group 5: 202 observations, Categories: ['3']
2026-06-20 21:47:40,392 | [None] | mlops.auto_binning_woe_categorical | assign_bins_from_category_groups:235 | INFO | 	Group 6: 91 observations, Categories: ['Rare']
2026-06-20 21:47:40,392 | [None] | mlops.auto_binning_woe_categorical | auto_woe_binning_categorical:500 | INFO | STEP: 7 - Bins assigned based on current category groups.
2026-06-20 21:47:40,393 | [None] | mlops.auto_binning_woe_categorical | calculate_woe_iv_table_categorical:95 | INFO | Calculating WoE / IV table for categorical binning. bin_col='_bin'
2026-06-20 21:47:40,395 | [None] | mlops.auto_binning_woe_categorical | calculate_woe_iv_table_categorical:113 | INFO | Total good: 15654, Total bad: 4446
2026-06-20 21:47:40,396 | [None] | mlops.auto_binning_woe_categorical | calculate_woe_iv_table_categorical:145 | INFO | WoE / IV table calculated. Bin count=7, Total IV=0.893670
2026-06-20 21:47:40,397 | [None] | mlops.auto_binning_woe_categorical | auto_woe_binning_categorical:509 | INFO | STEP: 7 - WoE / IV summary table calculated.
2026-06-20 21:47:40,397 | [None] | mlops.auto_binning_woe_categorical | auto_woe_binning_categorical:513 | INFO | STEP: 7 - Summary table sorted by bad_rate.
2026-06-20 21:47:40,397 | [None] | mlops.auto_binning_woe_categorical | auto_woe_binning_categorical:518 | INFO | STEP: 7 - Current bin count=7, Current IV=0.893670
2026-06-20 21:47:40,398 | [None] | mlops.auto_binning_woe_categorical | auto_woe_binning_categorical:531 | INFO | STEP: 7 - RULES CHECK START
2026-06-20 21:47:40,399 | [None] | mlops.auto_binning_woe_categorical | auto_woe_binning_categorical:555 | INFO | Rule 1 triggered: small bin merge.
2026-06-20 21:47:40,399 | [None] | mlops.auto_binning_woe_categorical | auto_woe_binning_categorical:556 | INFO | STEP: 7 - Problem bin=6, Merge with bin=6
2026-06-20 21:47:40,399 | [None] | mlops.auto_binning_woe_categorical | merge_category_groups:270 | INFO | Merging category groups. Merging group 6 into group 6
2026-06-20 21:47:40,399 | [None] | mlops.auto_binning_woe_categorical | merge_category_groups:286 | INFO | Groups merged and renumbered. New group count=7
2026-06-20 21:47:40,399 | [None] | mlops.auto_binning_woe_categorical | auto_woe_binning_categorical:564 | INFO | STEP: 7 - Category groups merged based on Rule 1.
2026-06-20 21:47:40,399 | [None] | mlops.auto_binning_woe_categorical | auto_woe_binning_categorical:491 | INFO | --- Iteration 8 ---
2026-06-20 21:47:40,399 | [None] | mlops.auto_binning_woe_categorical | assign_bins_from_category_groups:226 | INFO | Assigning observations to category groups. Group count=7
2026-06-20 21:47:40,400 | [None] | mlops.auto_binning_woe_categorical | assign_bins_from_category_groups:231 | INFO | Observations assigned to groups:
2026-06-20 21:47:40,401 | [None] | mlops.auto_binning_woe_categorical | assign_bins_from_category_groups:235 | INFO | 	Group 0: 3810 observations, Categories: ['-1']
2026-06-20 21:47:40,401 | [None] | mlops.auto_binning_woe_categorical | assign_bins_from_category_groups:235 | INFO | 	Group 1: 1851 observations, Categories: ['-2']
2026-06-20 21:47:40,401 | [None] | mlops.auto_binning_woe_categorical | assign_bins_from_category_groups:235 | INFO | 	Group 2: 9855 observations, Categories: ['0']
2026-06-20 21:47:40,401 | [None] | mlops.auto_binning_woe_categorical | assign_bins_from_category_groups:235 | INFO | 	Group 3: 2500 observations, Categories: ['1']
2026-06-20 21:47:40,401 | [None] | mlops.auto_binning_woe_categorical | assign_bins_from_category_groups:235 | INFO | 	Group 4: 1791 observations, Categories: ['2']
2026-06-20 21:47:40,401 | [None] | mlops.auto_binning_woe_categorical | assign_bins_from_category_groups:235 | INFO | 	Group 5: 202 observations, Categories: ['3']
2026-06-20 21:47:40,401 | [None] | mlops.auto_binning_woe_categorical | assign_bins_from_category_groups:235 | INFO | 	Group 6: 91 observations, Categories: ['Rare']
2026-06-20 21:47:40,401 | [None] | mlops.auto_binning_woe_categorical | auto_woe_binning_categorical:500 | INFO | STEP: 8 - Bins assigned based on current category groups.
2026-06-20 21:47:40,402 | [None] | mlops.auto_binning_woe_categorical | calculate_woe_iv_table_categorical:95 | INFO | Calculating WoE / IV table for categorical binning. bin_col='_bin'
2026-06-20 21:47:40,403 | [None] | mlops.auto_binning_woe_categorical | calculate_woe_iv_table_categorical:113 | INFO | Total good: 15654, Total bad: 4446
2026-06-20 21:47:40,405 | [None] | mlops.auto_binning_woe_categorical | calculate_woe_iv_table_categorical:145 | INFO | WoE / IV table calculated. Bin count=7, Total IV=0.893670
2026-06-20 21:47:40,405 | [None] | mlops.auto_binning_woe_categorical | auto_woe_binning_categorical:509 | INFO | STEP: 8 - WoE / IV summary table calculated.
2026-06-20 21:47:40,405 | [None] | mlops.auto_binning_woe_categorical | auto_woe_binning_categorical:513 | INFO | STEP: 8 - Summary table sorted by bad_rate.
2026-06-20 21:47:40,406 | [None] | mlops.auto_binning_woe_categorical | auto_woe_binning_categorical:518 | INFO | STEP: 8 - Current bin count=7, Current IV=0.893670
2026-06-20 21:47:40,406 | [None] | mlops.auto_binning_woe_categorical | auto_woe_binning_categorical:531 | INFO | STEP: 8 - RULES CHECK START
2026-06-20 21:47:40,407 | [None] | mlops.auto_binning_woe_categorical | auto_woe_binning_categorical:555 | INFO | Rule 1 triggered: small bin merge.
2026-06-20 21:47:40,407 | [None] | mlops.auto_binning_woe_categorical | auto_woe_binning_categorical:556 | INFO | STEP: 8 - Problem bin=6, Merge with bin=6
2026-06-20 21:47:40,407 | [None] | mlops.auto_binning_woe_categorical | merge_category_groups:270 | INFO | Merging category groups. Merging group 6 into group 6
2026-06-20 21:47:40,407 | [None] | mlops.auto_binning_woe_categorical | merge_category_groups:286 | INFO | Groups merged and renumbered. New group count=7
2026-06-20 21:47:40,407 | [None] | mlops.auto_binning_woe_categorical | auto_woe_binning_categorical:564 | INFO | STEP: 8 - Category groups merged based on Rule 1.
2026-06-20 21:47:40,407 | [None] | mlops.auto_binning_woe_categorical | auto_woe_binning_categorical:491 | INFO | --- Iteration 9 ---
2026-06-20 21:47:40,408 | [None] | mlops.auto_binning_woe_categorical | assign_bins_from_category_groups:226 | INFO | Assigning observations to category groups. Group count=7
2026-06-20 21:47:40,408 | [None] | mlops.auto_binning_woe_categorical | assign_bins_from_category_groups:231 | INFO | Observations assigned to groups:
2026-06-20 21:47:40,409 | [None] | mlops.auto_binning_woe_categorical | assign_bins_from_category_groups:235 | INFO | 	Group 0: 3810 observations, Categories: ['-1']
2026-06-20 21:47:40,409 | [None] | mlops.auto_binning_woe_categorical | assign_bins_from_category_groups:235 | INFO | 	Group 1: 1851 observations, Categories: ['-2']
2026-06-20 21:47:40,409 | [None] | mlops.auto_binning_woe_categorical | assign_bins_from_category_groups:235 | INFO | 	Group 2: 9855 observations, Categories: ['0']
2026-06-20 21:47:40,409 | [None] | mlops.auto_binning_woe_categorical | assign_bins_from_category_groups:235 | INFO | 	Group 3: 2500 observations, Categories: ['1']
2026-06-20 21:47:40,409 | [None] | mlops.auto_binning_woe_categorical | assign_bins_from_category_groups:235 | INFO | 	Group 4: 1791 observations, Categories: ['2']
2026-06-20 21:47:40,409 | [None] | mlops.auto_binning_woe_categorical | assign_bins_from_category_groups:235 | INFO | 	Group 5: 202 observations, Categories: ['3']
2026-06-20 21:47:40,409 | [None] | mlops.auto_binning_woe_categorical | assign_bins_from_category_groups:235 | INFO | 	Group 6: 91 observations, Categories: ['Rare']
2026-06-20 21:47:40,410 | [None] | mlops.auto_binning_woe_categorical | auto_woe_binning_categorical:500 | INFO | STEP: 9 - Bins assigned based on current category groups.
2026-06-20 21:47:40,410 | [None] | mlops.auto_binning_woe_categorical | calculate_woe_iv_table_categorical:95 | INFO | Calculating WoE / IV table for categorical binning. bin_col='_bin'
2026-06-20 21:47:40,412 | [None] | mlops.auto_binning_woe_categorical | calculate_woe_iv_table_categorical:113 | INFO | Total good: 15654, Total bad: 4446
2026-06-20 21:47:40,414 | [None] | mlops.auto_binning_woe_categorical | calculate_woe_iv_table_categorical:145 | INFO | WoE / IV table calculated. Bin count=7, Total IV=0.893670
2026-06-20 21:47:40,414 | [None] | mlops.auto_binning_woe_categorical | auto_woe_binning_categorical:509 | INFO | STEP: 9 - WoE / IV summary table calculated.
2026-06-20 21:47:40,414 | [None] | mlops.auto_binning_woe_categorical | auto_woe_binning_categorical:513 | INFO | STEP: 9 - Summary table sorted by bad_rate.
2026-06-20 21:47:40,414 | [None] | mlops.auto_binning_woe_categorical | auto_woe_binning_categorical:518 | INFO | STEP: 9 - Current bin count=7, Current IV=0.893670
2026-06-20 21:47:40,415 | [None] | mlops.auto_binning_woe_categorical | auto_woe_binning_categorical:531 | INFO | STEP: 9 - RULES CHECK START
2026-06-20 21:47:40,416 | [None] | mlops.auto_binning_woe_categorical | auto_woe_binning_categorical:555 | INFO | Rule 1 triggered: small bin merge.
2026-06-20 21:47:40,416 | [None] | mlops.auto_binning_woe_categorical | auto_woe_binning_categorical:556 | INFO | STEP: 9 - Problem bin=6, Merge with bin=6
2026-06-20 21:47:40,416 | [None] | mlops.auto_binning_woe_categorical | merge_category_groups:270 | INFO | Merging category groups. Merging group 6 into group 6
2026-06-20 21:47:40,416 | [None] | mlops.auto_binning_woe_categorical | merge_category_groups:286 | INFO | Groups merged and renumbered. New group count=7
2026-06-20 21:47:40,416 | [None] | mlops.auto_binning_woe_categorical | auto_woe_binning_categorical:564 | INFO | STEP: 9 - Category groups merged based on Rule 1.
2026-06-20 21:47:40,416 | [None] | mlops.auto_binning_woe_categorical | auto_woe_binning_categorical:491 | INFO | --- Iteration 10 ---
2026-06-20 21:47:40,417 | [None] | mlops.auto_binning_woe_categorical | assign_bins_from_category_groups:226 | INFO | Assigning observations to category groups. Group count=7
2026-06-20 21:47:40,417 | [None] | mlops.auto_binning_woe_categorical | assign_bins_from_category_groups:231 | INFO | Observations assigned to groups:
2026-06-20 21:47:40,418 | [None] | mlops.auto_binning_woe_categorical | assign_bins_from_category_groups:235 | INFO | 	Group 0: 3810 observations, Categories: ['-1']
2026-06-20 21:47:40,418 | [None] | mlops.auto_binning_woe_categorical | assign_bins_from_category_groups:235 | INFO | 	Group 1: 1851 observations, Categories: ['-2']
2026-06-20 21:47:40,418 | [None] | mlops.auto_binning_woe_categorical | assign_bins_from_category_groups:235 | INFO | 	Group 2: 9855 observations, Categories: ['0']
2026-06-20 21:47:40,418 | [None] | mlops.auto_binning_woe_categorical | assign_bins_from_category_groups:235 | INFO | 	Group 3: 2500 observations, Categories: ['1']
2026-06-20 21:47:40,418 | [None] | mlops.auto_binning_woe_categorical | assign_bins_from_category_groups:235 | INFO | 	Group 4: 1791 observations, Categories: ['2']
2026-06-20 21:47:40,418 | [None] | mlops.auto_binning_woe_categorical | assign_bins_from_category_groups:235 | INFO | 	Group 5: 202 observations, Categories: ['3']
2026-06-20 21:47:40,418 | [None] | mlops.auto_binning_woe_categorical | assign_bins_from_category_groups:235 | INFO | 	Group 6: 91 observations, Categories: ['Rare']
2026-06-20 21:47:40,419 | [None] | mlops.auto_binning_woe_categorical | auto_woe_binning_categorical:500 | INFO | STEP: 10 - Bins assigned based on current category groups.
2026-06-20 21:47:40,419 | [None] | mlops.auto_binning_woe_categorical | calculate_woe_iv_table_categorical:95 | INFO | Calculating WoE / IV table for categorical binning. bin_col='_bin'
2026-06-20 21:47:40,420 | [None] | mlops.auto_binning_woe_categorical | calculate_woe_iv_table_categorical:113 | INFO | Total good: 15654, Total bad: 4446
2026-06-20 21:47:40,422 | [None] | mlops.auto_binning_woe_categorical | calculate_woe_iv_table_categorical:145 | INFO | WoE / IV table calculated. Bin count=7, Total IV=0.893670
2026-06-20 21:47:40,422 | [None] | mlops.auto_binning_woe_categorical | auto_woe_binning_categorical:509 | INFO | STEP: 10 - WoE / IV summary table calculated.
2026-06-20 21:47:40,423 | [None] | mlops.auto_binning_woe_categorical | auto_woe_binning_categorical:513 | INFO | STEP: 10 - Summary table sorted by bad_rate.
2026-06-20 21:47:40,423 | [None] | mlops.auto_binning_woe_categorical | auto_woe_binning_categorical:518 | INFO | STEP: 10 - Current bin count=7, Current IV=0.893670
2026-06-20 21:47:40,423 | [None] | mlops.auto_binning_woe_categorical | auto_woe_binning_categorical:531 | INFO | STEP: 10 - RULES CHECK START
2026-06-20 21:47:40,424 | [None] | mlops.auto_binning_woe_categorical | auto_woe_binning_categorical:555 | INFO | Rule 1 triggered: small bin merge.
2026-06-20 21:47:40,424 | [None] | mlops.auto_binning_woe_categorical | auto_woe_binning_categorical:556 | INFO | STEP: 10 - Problem bin=6, Merge with bin=6
2026-06-20 21:47:40,425 | [None] | mlops.auto_binning_woe_categorical | merge_category_groups:270 | INFO | Merging category groups. Merging group 6 into group 6
2026-06-20 21:47:40,425 | [None] | mlops.auto_binning_woe_categorical | merge_category_groups:286 | INFO | Groups merged and renumbered. New group count=7
2026-06-20 21:47:40,425 | [None] | mlops.auto_binning_woe_categorical | auto_woe_binning_categorical:564 | INFO | STEP: 10 - Category groups merged based on Rule 1.
2026-06-20 21:47:40,425 | [None] | mlops.auto_binning_woe_categorical | auto_woe_binning_categorical:491 | INFO | --- Iteration 11 ---
2026-06-20 21:47:40,425 | [None] | mlops.auto_binning_woe_categorical | assign_bins_from_category_groups:226 | INFO | Assigning observations to category groups. Group count=7
2026-06-20 21:47:40,426 | [None] | mlops.auto_binning_woe_categorical | assign_bins_from_category_groups:231 | INFO | Observations assigned to groups:
2026-06-20 21:47:40,426 | [None] | mlops.auto_binning_woe_categorical | assign_bins_from_category_groups:235 | INFO | 	Group 0: 3810 observations, Categories: ['-1']
2026-06-20 21:47:40,426 | [None] | mlops.auto_binning_woe_categorical | assign_bins_from_category_groups:235 | INFO | 	Group 1: 1851 observations, Categories: ['-2']
2026-06-20 21:47:40,426 | [None] | mlops.auto_binning_woe_categorical | assign_bins_from_category_groups:235 | INFO | 	Group 2: 9855 observations, Categories: ['0']
2026-06-20 21:47:40,427 | [None] | mlops.auto_binning_woe_categorical | assign_bins_from_category_groups:235 | INFO | 	Group 3: 2500 observations, Categories: ['1']
2026-06-20 21:47:40,427 | [None] | mlops.auto_binning_woe_categorical | assign_bins_from_category_groups:235 | INFO | 	Group 4: 1791 observations, Categories: ['2']
2026-06-20 21:47:40,427 | [None] | mlops.auto_binning_woe_categorical | assign_bins_from_category_groups:235 | INFO | 	Group 5: 202 observations, Categories: ['3']
2026-06-20 21:47:40,427 | [None] | mlops.auto_binning_woe_categorical | assign_bins_from_category_groups:235 | INFO | 	Group 6: 91 observations, Categories: ['Rare']
2026-06-20 21:47:40,428 | [None] | mlops.auto_binning_woe_categorical | auto_woe_binning_categorical:500 | INFO | STEP: 11 - Bins assigned based on current category groups.
2026-06-20 21:47:40,428 | [None] | mlops.auto_binning_woe_categorical | calculate_woe_iv_table_categorical:95 | INFO | Calculating WoE / IV table for categorical binning. bin_col='_bin'
2026-06-20 21:47:40,430 | [None] | mlops.auto_binning_woe_categorical | calculate_woe_iv_table_categorical:113 | INFO | Total good: 15654, Total bad: 4446
2026-06-20 21:47:40,431 | [None] | mlops.auto_binning_woe_categorical | calculate_woe_iv_table_categorical:145 | INFO | WoE / IV table calculated. Bin count=7, Total IV=0.893670
2026-06-20 21:47:40,431 | [None] | mlops.auto_binning_woe_categorical | auto_woe_binning_categorical:509 | INFO | STEP: 11 - WoE / IV summary table calculated.
2026-06-20 21:47:40,431 | [None] | mlops.auto_binning_woe_categorical | auto_woe_binning_categorical:513 | INFO | STEP: 11 - Summary table sorted by bad_rate.
2026-06-20 21:47:40,432 | [None] | mlops.auto_binning_woe_categorical | auto_woe_binning_categorical:518 | INFO | STEP: 11 - Current bin count=7, Current IV=0.893670
2026-06-20 21:47:40,433 | [None] | mlops.auto_binning_woe_categorical | auto_woe_binning_categorical:531 | INFO | STEP: 11 - RULES CHECK START
2026-06-20 21:47:40,434 | [None] | mlops.auto_binning_woe_categorical | auto_woe_binning_categorical:555 | INFO | Rule 1 triggered: small bin merge.
2026-06-20 21:47:40,434 | [None] | mlops.auto_binning_woe_categorical | auto_woe_binning_categorical:556 | INFO | STEP: 11 - Problem bin=6, Merge with bin=6
2026-06-20 21:47:40,434 | [None] | mlops.auto_binning_woe_categorical | merge_category_groups:270 | INFO | Merging category groups. Merging group 6 into group 6
2026-06-20 21:47:40,434 | [None] | mlops.auto_binning_woe_categorical | merge_category_groups:286 | INFO | Groups merged and renumbered. New group count=7
2026-06-20 21:47:40,434 | [None] | mlops.auto_binning_woe_categorical | auto_woe_binning_categorical:564 | INFO | STEP: 11 - Category groups merged based on Rule 1.
2026-06-20 21:47:40,434 | [None] | mlops.auto_binning_woe_categorical | auto_woe_binning_categorical:491 | INFO | --- Iteration 12 ---
2026-06-20 21:47:40,434 | [None] | mlops.auto_binning_woe_categorical | assign_bins_from_category_groups:226 | INFO | Assigning observations to category groups. Group count=7
2026-06-20 21:47:40,435 | [None] | mlops.auto_binning_woe_categorical | assign_bins_from_category_groups:231 | INFO | Observations assigned to groups:
2026-06-20 21:47:40,435 | [None] | mlops.auto_binning_woe_categorical | assign_bins_from_category_groups:235 | INFO | 	Group 0: 3810 observations, Categories: ['-1']
2026-06-20 21:47:40,435 | [None] | mlops.auto_binning_woe_categorical | assign_bins_from_category_groups:235 | INFO | 	Group 1: 1851 observations, Categories: ['-2']
2026-06-20 21:47:40,435 | [None] | mlops.auto_binning_woe_categorical | assign_bins_from_category_groups:235 | INFO | 	Group 2: 9855 observations, Categories: ['0']
2026-06-20 21:47:40,435 | [None] | mlops.auto_binning_woe_categorical | assign_bins_from_category_groups:235 | INFO | 	Group 3: 2500 observations, Categories: ['1']
2026-06-20 21:47:40,436 | [None] | mlops.auto_binning_woe_categorical | assign_bins_from_category_groups:235 | INFO | 	Group 4: 1791 observations, Categories: ['2']
2026-06-20 21:47:40,436 | [None] | mlops.auto_binning_woe_categorical | assign_bins_from_category_groups:235 | INFO | 	Group 5: 202 observations, Categories: ['3']
2026-06-20 21:47:40,436 | [None] | mlops.auto_binning_woe_categorical | assign_bins_from_category_groups:235 | INFO | 	Group 6: 91 observations, Categories: ['Rare']
2026-06-20 21:47:40,436 | [None] | mlops.auto_binning_woe_categorical | auto_woe_binning_categorical:500 | INFO | STEP: 12 - Bins assigned based on current category groups.
2026-06-20 21:47:40,436 | [None] | mlops.auto_binning_woe_categorical | calculate_woe_iv_table_categorical:95 | INFO | Calculating WoE / IV table for categorical binning. bin_col='_bin'
2026-06-20 21:47:40,438 | [None] | mlops.auto_binning_woe_categorical | calculate_woe_iv_table_categorical:113 | INFO | Total good: 15654, Total bad: 4446
2026-06-20 21:47:40,439 | [None] | mlops.auto_binning_woe_categorical | calculate_woe_iv_table_categorical:145 | INFO | WoE / IV table calculated. Bin count=7, Total IV=0.893670
2026-06-20 21:47:40,439 | [None] | mlops.auto_binning_woe_categorical | auto_woe_binning_categorical:509 | INFO | STEP: 12 - WoE / IV summary table calculated.
2026-06-20 21:47:40,440 | [None] | mlops.auto_binning_woe_categorical | auto_woe_binning_categorical:513 | INFO | STEP: 12 - Summary table sorted by bad_rate.
2026-06-20 21:47:40,440 | [None] | mlops.auto_binning_woe_categorical | auto_woe_binning_categorical:518 | INFO | STEP: 12 - Current bin count=7, Current IV=0.893670
2026-06-20 21:47:40,441 | [None] | mlops.auto_binning_woe_categorical | auto_woe_binning_categorical:531 | INFO | STEP: 12 - RULES CHECK START
2026-06-20 21:47:40,442 | [None] | mlops.auto_binning_woe_categorical | auto_woe_binning_categorical:555 | INFO | Rule 1 triggered: small bin merge.
2026-06-20 21:47:40,442 | [None] | mlops.auto_binning_woe_categorical | auto_woe_binning_categorical:556 | INFO | STEP: 12 - Problem bin=6, Merge with bin=6
2026-06-20 21:47:40,442 | [None] | mlops.auto_binning_woe_categorical | merge_category_groups:270 | INFO | Merging category groups. Merging group 6 into group 6
2026-06-20 21:47:40,442 | [None] | mlops.auto_binning_woe_categorical | merge_category_groups:286 | INFO | Groups merged and renumbered. New group count=7
2026-06-20 21:47:40,442 | [None] | mlops.auto_binning_woe_categorical | auto_woe_binning_categorical:564 | INFO | STEP: 12 - Category groups merged based on Rule 1.
2026-06-20 21:47:40,442 | [None] | mlops.auto_binning_woe_categorical | auto_woe_binning_categorical:491 | INFO | --- Iteration 13 ---
2026-06-20 21:47:40,442 | [None] | mlops.auto_binning_woe_categorical | assign_bins_from_category_groups:226 | INFO | Assigning observations to category groups. Group count=7
2026-06-20 21:47:40,443 | [None] | mlops.auto_binning_woe_categorical | assign_bins_from_category_groups:231 | INFO | Observations assigned to groups:
2026-06-20 21:47:40,443 | [None] | mlops.auto_binning_woe_categorical | assign_bins_from_category_groups:235 | INFO | 	Group 0: 3810 observations, Categories: ['-1']
2026-06-20 21:47:40,444 | [None] | mlops.auto_binning_woe_categorical | assign_bins_from_category_groups:235 | INFO | 	Group 1: 1851 observations, Categories: ['-2']
2026-06-20 21:47:40,444 | [None] | mlops.auto_binning_woe_categorical | assign_bins_from_category_groups:235 | INFO | 	Group 2: 9855 observations, Categories: ['0']
2026-06-20 21:47:40,444 | [None] | mlops.auto_binning_woe_categorical | assign_bins_from_category_groups:235 | INFO | 	Group 3: 2500 observations, Categories: ['1']
2026-06-20 21:47:40,444 | [None] | mlops.auto_binning_woe_categorical | assign_bins_from_category_groups:235 | INFO | 	Group 4: 1791 observations, Categories: ['2']
2026-06-20 21:47:40,445 | [None] | mlops.auto_binning_woe_categorical | assign_bins_from_category_groups:235 | INFO | 	Group 5: 202 observations, Categories: ['3']
2026-06-20 21:47:40,445 | [None] | mlops.auto_binning_woe_categorical | assign_bins_from_category_groups:235 | INFO | 	Group 6: 91 observations, Categories: ['Rare']
2026-06-20 21:47:40,445 | [None] | mlops.auto_binning_woe_categorical | auto_woe_binning_categorical:500 | INFO | STEP: 13 - Bins assigned based on current category groups.
2026-06-20 21:47:40,445 | [None] | mlops.auto_binning_woe_categorical | calculate_woe_iv_table_categorical:95 | INFO | Calculating WoE / IV table for categorical binning. bin_col='_bin'
2026-06-20 21:47:40,447 | [None] | mlops.auto_binning_woe_categorical | calculate_woe_iv_table_categorical:113 | INFO | Total good: 15654, Total bad: 4446
2026-06-20 21:47:40,448 | [None] | mlops.auto_binning_woe_categorical | calculate_woe_iv_table_categorical:145 | INFO | WoE / IV table calculated. Bin count=7, Total IV=0.893670
2026-06-20 21:47:40,448 | [None] | mlops.auto_binning_woe_categorical | auto_woe_binning_categorical:509 | INFO | STEP: 13 - WoE / IV summary table calculated.
2026-06-20 21:47:40,449 | [None] | mlops.auto_binning_woe_categorical | auto_woe_binning_categorical:513 | INFO | STEP: 13 - Summary table sorted by bad_rate.
2026-06-20 21:47:40,449 | [None] | mlops.auto_binning_woe_categorical | auto_woe_binning_categorical:518 | INFO | STEP: 13 - Current bin count=7, Current IV=0.893670
2026-06-20 21:47:40,450 | [None] | mlops.auto_binning_woe_categorical | auto_woe_binning_categorical:531 | INFO | STEP: 13 - RULES CHECK START
2026-06-20 21:47:40,451 | [None] | mlops.auto_binning_woe_categorical | auto_woe_binning_categorical:555 | INFO | Rule 1 triggered: small bin merge.
2026-06-20 21:47:40,451 | [None] | mlops.auto_binning_woe_categorical | auto_woe_binning_categorical:556 | INFO | STEP: 13 - Problem bin=6, Merge with bin=6
2026-06-20 21:47:40,451 | [None] | mlops.auto_binning_woe_categorical | merge_category_groups:270 | INFO | Merging category groups. Merging group 6 into group 6
2026-06-20 21:47:40,451 | [None] | mlops.auto_binning_woe_categorical | merge_category_groups:286 | INFO | Groups merged and renumbered. New group count=7
2026-06-20 21:47:40,451 | [None] | mlops.auto_binning_woe_categorical | auto_woe_binning_categorical:564 | INFO | STEP: 13 - Category groups merged based on Rule 1.
2026-06-20 21:47:40,451 | [None] | mlops.auto_binning_woe_categorical | auto_woe_binning_categorical:491 | INFO | --- Iteration 14 ---
2026-06-20 21:47:40,451 | [None] | mlops.auto_binning_woe_categorical | assign_bins_from_category_groups:226 | INFO | Assigning observations to category groups. Group count=7
2026-06-20 21:47:40,452 | [None] | mlops.auto_binning_woe_categorical | assign_bins_from_category_groups:231 | INFO | Observations assigned to groups:
2026-06-20 21:47:40,452 | [None] | mlops.auto_binning_woe_categorical | assign_bins_from_category_groups:235 | INFO | 	Group 0: 3810 observations, Categories: ['-1']
2026-06-20 21:47:40,452 | [None] | mlops.auto_binning_woe_categorical | assign_bins_from_category_groups:235 | INFO | 	Group 1: 1851 observations, Categories: ['-2']
2026-06-20 21:47:40,453 | [None] | mlops.auto_binning_woe_categorical | assign_bins_from_category_groups:235 | INFO | 	Group 2: 9855 observations, Categories: ['0']
2026-06-20 21:47:40,453 | [None] | mlops.auto_binning_woe_categorical | assign_bins_from_category_groups:235 | INFO | 	Group 3: 2500 observations, Categories: ['1']
2026-06-20 21:47:40,453 | [None] | mlops.auto_binning_woe_categorical | assign_bins_from_category_groups:235 | INFO | 	Group 4: 1791 observations, Categories: ['2']
2026-06-20 21:47:40,453 | [None] | mlops.auto_binning_woe_categorical | assign_bins_from_category_groups:235 | INFO | 	Group 5: 202 observations, Categories: ['3']
2026-06-20 21:47:40,453 | [None] | mlops.auto_binning_woe_categorical | assign_bins_from_category_groups:235 | INFO | 	Group 6: 91 observations, Categories: ['Rare']
2026-06-20 21:47:40,453 | [None] | mlops.auto_binning_woe_categorical | auto_woe_binning_categorical:500 | INFO | STEP: 14 - Bins assigned based on current category groups.
2026-06-20 21:47:40,453 | [None] | mlops.auto_binning_woe_categorical | calculate_woe_iv_table_categorical:95 | INFO | Calculating WoE / IV table for categorical binning. bin_col='_bin'
2026-06-20 21:47:40,455 | [None] | mlops.auto_binning_woe_categorical | calculate_woe_iv_table_categorical:113 | INFO | Total good: 15654, Total bad: 4446
2026-06-20 21:47:40,457 | [None] | mlops.auto_binning_woe_categorical | calculate_woe_iv_table_categorical:145 | INFO | WoE / IV table calculated. Bin count=7, Total IV=0.893670
2026-06-20 21:47:40,457 | [None] | mlops.auto_binning_woe_categorical | auto_woe_binning_categorical:509 | INFO | STEP: 14 - WoE / IV summary table calculated.
2026-06-20 21:47:40,457 | [None] | mlops.auto_binning_woe_categorical | auto_woe_binning_categorical:513 | INFO | STEP: 14 - Summary table sorted by bad_rate.
2026-06-20 21:47:40,457 | [None] | mlops.auto_binning_woe_categorical | auto_woe_binning_categorical:518 | INFO | STEP: 14 - Current bin count=7, Current IV=0.893670
2026-06-20 21:47:40,458 | [None] | mlops.auto_binning_woe_categorical | auto_woe_binning_categorical:531 | INFO | STEP: 14 - RULES CHECK START
2026-06-20 21:47:40,459 | [None] | mlops.auto_binning_woe_categorical | auto_woe_binning_categorical:555 | INFO | Rule 1 triggered: small bin merge.
2026-06-20 21:47:40,459 | [None] | mlops.auto_binning_woe_categorical | auto_woe_binning_categorical:556 | INFO | STEP: 14 - Problem bin=6, Merge with bin=6
2026-06-20 21:47:40,459 | [None] | mlops.auto_binning_woe_categorical | merge_category_groups:270 | INFO | Merging category groups. Merging group 6 into group 6
2026-06-20 21:47:40,459 | [None] | mlops.auto_binning_woe_categorical | merge_category_groups:286 | INFO | Groups merged and renumbered. New group count=7
2026-06-20 21:47:40,459 | [None] | mlops.auto_binning_woe_categorical | auto_woe_binning_categorical:564 | INFO | STEP: 14 - Category groups merged based on Rule 1.
2026-06-20 21:47:40,459 | [None] | mlops.auto_binning_woe_categorical | auto_woe_binning_categorical:491 | INFO | --- Iteration 15 ---
2026-06-20 21:47:40,460 | [None] | mlops.auto_binning_woe_categorical | assign_bins_from_category_groups:226 | INFO | Assigning observations to category groups. Group count=7
2026-06-20 21:47:40,461 | [None] | mlops.auto_binning_woe_categorical | assign_bins_from_category_groups:231 | INFO | Observations assigned to groups:
2026-06-20 21:47:40,461 | [None] | mlops.auto_binning_woe_categorical | assign_bins_from_category_groups:235 | INFO | 	Group 0: 3810 observations, Categories: ['-1']
2026-06-20 21:47:40,461 | [None] | mlops.auto_binning_woe_categorical | assign_bins_from_category_groups:235 | INFO | 	Group 1: 1851 observations, Categories: ['-2']
2026-06-20 21:47:40,461 | [None] | mlops.auto_binning_woe_categorical | assign_bins_from_category_groups:235 | INFO | 	Group 2: 9855 observations, Categories: ['0']
2026-06-20 21:47:40,461 | [None] | mlops.auto_binning_woe_categorical | assign_bins_from_category_groups:235 | INFO | 	Group 3: 2500 observations, Categories: ['1']
2026-06-20 21:47:40,462 | [None] | mlops.auto_binning_woe_categorical | assign_bins_from_category_groups:235 | INFO | 	Group 4: 1791 observations, Categories: ['2']
2026-06-20 21:47:40,462 | [None] | mlops.auto_binning_woe_categorical | assign_bins_from_category_groups:235 | INFO | 	Group 5: 202 observations, Categories: ['3']
2026-06-20 21:47:40,462 | [None] | mlops.auto_binning_woe_categorical | assign_bins_from_category_groups:235 | INFO | 	Group 6: 91 observations, Categories: ['Rare']
2026-06-20 21:47:40,462 | [None] | mlops.auto_binning_woe_categorical | auto_woe_binning_categorical:500 | INFO | STEP: 15 - Bins assigned based on current category groups.
2026-06-20 21:47:40,462 | [None] | mlops.auto_binning_woe_categorical | calculate_woe_iv_table_categorical:95 | INFO | Calculating WoE / IV table for categorical binning. bin_col='_bin'
2026-06-20 21:47:40,464 | [None] | mlops.auto_binning_woe_categorical | calculate_woe_iv_table_categorical:113 | INFO | Total good: 15654, Total bad: 4446
2026-06-20 21:47:40,465 | [None] | mlops.auto_binning_woe_categorical | calculate_woe_iv_table_categorical:145 | INFO | WoE / IV table calculated. Bin count=7, Total IV=0.893670
2026-06-20 21:47:40,466 | [None] | mlops.auto_binning_woe_categorical | auto_woe_binning_categorical:509 | INFO | STEP: 15 - WoE / IV summary table calculated.
2026-06-20 21:47:40,466 | [None] | mlops.auto_binning_woe_categorical | auto_woe_binning_categorical:513 | INFO | STEP: 15 - Summary table sorted by bad_rate.
2026-06-20 21:47:40,466 | [None] | mlops.auto_binning_woe_categorical | auto_woe_binning_categorical:518 | INFO | STEP: 15 - Current bin count=7, Current IV=0.893670
2026-06-20 21:47:40,467 | [None] | mlops.auto_binning_woe_categorical | auto_woe_binning_categorical:531 | INFO | STEP: 15 - RULES CHECK START
2026-06-20 21:47:40,469 | [None] | mlops.auto_binning_woe_categorical | auto_woe_binning_categorical:555 | INFO | Rule 1 triggered: small bin merge.
2026-06-20 21:47:40,469 | [None] | mlops.auto_binning_woe_categorical | auto_woe_binning_categorical:556 | INFO | STEP: 15 - Problem bin=6, Merge with bin=6
2026-06-20 21:47:40,469 | [None] | mlops.auto_binning_woe_categorical | merge_category_groups:270 | INFO | Merging category groups. Merging group 6 into group 6
2026-06-20 21:47:40,469 | [None] | mlops.auto_binning_woe_categorical | merge_category_groups:286 | INFO | Groups merged and renumbered. New group count=7
2026-06-20 21:47:40,469 | [None] | mlops.auto_binning_woe_categorical | auto_woe_binning_categorical:564 | INFO | STEP: 15 - Category groups merged based on Rule 1.
2026-06-20 21:47:40,469 | [None] | mlops.auto_binning_woe_categorical | auto_woe_binning_categorical:491 | INFO | --- Iteration 16 ---
2026-06-20 21:47:40,469 | [None] | mlops.auto_binning_woe_categorical | assign_bins_from_category_groups:226 | INFO | Assigning observations to category groups. Group count=7
2026-06-20 21:47:40,470 | [None] | mlops.auto_binning_woe_categorical | assign_bins_from_category_groups:231 | INFO | Observations assigned to groups:
2026-06-20 21:47:40,470 | [None] | mlops.auto_binning_woe_categorical | assign_bins_from_category_groups:235 | INFO | 	Group 0: 3810 observations, Categories: ['-1']
2026-06-20 21:47:40,470 | [None] | mlops.auto_binning_woe_categorical | assign_bins_from_category_groups:235 | INFO | 	Group 1: 1851 observations, Categories: ['-2']
2026-06-20 21:47:40,470 | [None] | mlops.auto_binning_woe_categorical | assign_bins_from_category_groups:235 | INFO | 	Group 2: 9855 observations, Categories: ['0']
2026-06-20 21:47:40,471 | [None] | mlops.auto_binning_woe_categorical | assign_bins_from_category_groups:235 | INFO | 	Group 3: 2500 observations, Categories: ['1']
2026-06-20 21:47:40,471 | [None] | mlops.auto_binning_woe_categorical | assign_bins_from_category_groups:235 | INFO | 	Group 4: 1791 observations, Categories: ['2']
2026-06-20 21:47:40,471 | [None] | mlops.auto_binning_woe_categorical | assign_bins_from_category_groups:235 | INFO | 	Group 5: 202 observations, Categories: ['3']
2026-06-20 21:47:40,471 | [None] | mlops.auto_binning_woe_categorical | assign_bins_from_category_groups:235 | INFO | 	Group 6: 91 observations, Categories: ['Rare']
2026-06-20 21:47:40,471 | [None] | mlops.auto_binning_woe_categorical | auto_woe_binning_categorical:500 | INFO | STEP: 16 - Bins assigned based on current category groups.
2026-06-20 21:47:40,471 | [None] | mlops.auto_binning_woe_categorical | calculate_woe_iv_table_categorical:95 | INFO | Calculating WoE / IV table for categorical binning. bin_col='_bin'
2026-06-20 21:47:40,474 | [None] | mlops.auto_binning_woe_categorical | calculate_woe_iv_table_categorical:113 | INFO | Total good: 15654, Total bad: 4446
2026-06-20 21:47:40,475 | [None] | mlops.auto_binning_woe_categorical | calculate_woe_iv_table_categorical:145 | INFO | WoE / IV table calculated. Bin count=7, Total IV=0.893670
2026-06-20 21:47:40,475 | [None] | mlops.auto_binning_woe_categorical | auto_woe_binning_categorical:509 | INFO | STEP: 16 - WoE / IV summary table calculated.
2026-06-20 21:47:40,476 | [None] | mlops.auto_binning_woe_categorical | auto_woe_binning_categorical:513 | INFO | STEP: 16 - Summary table sorted by bad_rate.
2026-06-20 21:47:40,476 | [None] | mlops.auto_binning_woe_categorical | auto_woe_binning_categorical:518 | INFO | STEP: 16 - Current bin count=7, Current IV=0.893670
2026-06-20 21:47:40,477 | [None] | mlops.auto_binning_woe_categorical | auto_woe_binning_categorical:531 | INFO | STEP: 16 - RULES CHECK START
2026-06-20 21:47:40,478 | [None] | mlops.auto_binning_woe_categorical | auto_woe_binning_categorical:555 | INFO | Rule 1 triggered: small bin merge.
2026-06-20 21:47:40,478 | [None] | mlops.auto_binning_woe_categorical | auto_woe_binning_categorical:556 | INFO | STEP: 16 - Problem bin=6, Merge with bin=6
2026-06-20 21:47:40,478 | [None] | mlops.auto_binning_woe_categorical | merge_category_groups:270 | INFO | Merging category groups. Merging group 6 into group 6
2026-06-20 21:47:40,478 | [None] | mlops.auto_binning_woe_categorical | merge_category_groups:286 | INFO | Groups merged and renumbered. New group count=7
2026-06-20 21:47:40,478 | [None] | mlops.auto_binning_woe_categorical | auto_woe_binning_categorical:564 | INFO | STEP: 16 - Category groups merged based on Rule 1.
2026-06-20 21:47:40,479 | [None] | mlops.auto_binning_woe_categorical | auto_woe_binning_categorical:491 | INFO | --- Iteration 17 ---
2026-06-20 21:47:40,479 | [None] | mlops.auto_binning_woe_categorical | assign_bins_from_category_groups:226 | INFO | Assigning observations to category groups. Group count=7
2026-06-20 21:47:40,479 | [None] | mlops.auto_binning_woe_categorical | assign_bins_from_category_groups:231 | INFO | Observations assigned to groups:
2026-06-20 21:47:40,480 | [None] | mlops.auto_binning_woe_categorical | assign_bins_from_category_groups:235 | INFO | 	Group 0: 3810 observations, Categories: ['-1']
2026-06-20 21:47:40,480 | [None] | mlops.auto_binning_woe_categorical | assign_bins_from_category_groups:235 | INFO | 	Group 1: 1851 observations, Categories: ['-2']
2026-06-20 21:47:40,480 | [None] | mlops.auto_binning_woe_categorical | assign_bins_from_category_groups:235 | INFO | 	Group 2: 9855 observations, Categories: ['0']
2026-06-20 21:47:40,480 | [None] | mlops.auto_binning_woe_categorical | assign_bins_from_category_groups:235 | INFO | 	Group 3: 2500 observations, Categories: ['1']
2026-06-20 21:47:40,480 | [None] | mlops.auto_binning_woe_categorical | assign_bins_from_category_groups:235 | INFO | 	Group 4: 1791 observations, Categories: ['2']
2026-06-20 21:47:40,480 | [None] | mlops.auto_binning_woe_categorical | assign_bins_from_category_groups:235 | INFO | 	Group 5: 202 observations, Categories: ['3']
2026-06-20 21:47:40,480 | [None] | mlops.auto_binning_woe_categorical | assign_bins_from_category_groups:235 | INFO | 	Group 6: 91 observations, Categories: ['Rare']
2026-06-20 21:47:40,481 | [None] | mlops.auto_binning_woe_categorical | auto_woe_binning_categorical:500 | INFO | STEP: 17 - Bins assigned based on current category groups.
2026-06-20 21:47:40,481 | [None] | mlops.auto_binning_woe_categorical | calculate_woe_iv_table_categorical:95 | INFO | Calculating WoE / IV table for categorical binning. bin_col='_bin'
2026-06-20 21:47:40,482 | [None] | mlops.auto_binning_woe_categorical | calculate_woe_iv_table_categorical:113 | INFO | Total good: 15654, Total bad: 4446
2026-06-20 21:47:40,484 | [None] | mlops.auto_binning_woe_categorical | calculate_woe_iv_table_categorical:145 | INFO | WoE / IV table calculated. Bin count=7, Total IV=0.893670
2026-06-20 21:47:40,484 | [None] | mlops.auto_binning_woe_categorical | auto_woe_binning_categorical:509 | INFO | STEP: 17 - WoE / IV summary table calculated.
2026-06-20 21:47:40,485 | [None] | mlops.auto_binning_woe_categorical | auto_woe_binning_categorical:513 | INFO | STEP: 17 - Summary table sorted by bad_rate.
2026-06-20 21:47:40,485 | [None] | mlops.auto_binning_woe_categorical | auto_woe_binning_categorical:518 | INFO | STEP: 17 - Current bin count=7, Current IV=0.893670
2026-06-20 21:47:40,486 | [None] | mlops.auto_binning_woe_categorical | auto_woe_binning_categorical:531 | INFO | STEP: 17 - RULES CHECK START
2026-06-20 21:47:40,487 | [None] | mlops.auto_binning_woe_categorical | auto_woe_binning_categorical:555 | INFO | Rule 1 triggered: small bin merge.
2026-06-20 21:47:40,487 | [None] | mlops.auto_binning_woe_categorical | auto_woe_binning_categorical:556 | INFO | STEP: 17 - Problem bin=6, Merge with bin=6
2026-06-20 21:47:40,487 | [None] | mlops.auto_binning_woe_categorical | merge_category_groups:270 | INFO | Merging category groups. Merging group 6 into group 6
2026-06-20 21:47:40,487 | [None] | mlops.auto_binning_woe_categorical | merge_category_groups:286 | INFO | Groups merged and renumbered. New group count=7
2026-06-20 21:47:40,487 | [None] | mlops.auto_binning_woe_categorical | auto_woe_binning_categorical:564 | INFO | STEP: 17 - Category groups merged based on Rule 1.
2026-06-20 21:47:40,487 | [None] | mlops.auto_binning_woe_categorical | auto_woe_binning_categorical:491 | INFO | --- Iteration 18 ---
2026-06-20 21:47:40,487 | [None] | mlops.auto_binning_woe_categorical | assign_bins_from_category_groups:226 | INFO | Assigning observations to category groups. Group count=7
2026-06-20 21:47:40,488 | [None] | mlops.auto_binning_woe_categorical | assign_bins_from_category_groups:231 | INFO | Observations assigned to groups:
2026-06-20 21:47:40,488 | [None] | mlops.auto_binning_woe_categorical | assign_bins_from_category_groups:235 | INFO | 	Group 0: 3810 observations, Categories: ['-1']
2026-06-20 21:47:40,488 | [None] | mlops.auto_binning_woe_categorical | assign_bins_from_category_groups:235 | INFO | 	Group 1: 1851 observations, Categories: ['-2']
2026-06-20 21:47:40,488 | [None] | mlops.auto_binning_woe_categorical | assign_bins_from_category_groups:235 | INFO | 	Group 2: 9855 observations, Categories: ['0']
2026-06-20 21:47:40,488 | [None] | mlops.auto_binning_woe_categorical | assign_bins_from_category_groups:235 | INFO | 	Group 3: 2500 observations, Categories: ['1']
2026-06-20 21:47:40,489 | [None] | mlops.auto_binning_woe_categorical | assign_bins_from_category_groups:235 | INFO | 	Group 4: 1791 observations, Categories: ['2']
2026-06-20 21:47:40,489 | [None] | mlops.auto_binning_woe_categorical | assign_bins_from_category_groups:235 | INFO | 	Group 5: 202 observations, Categories: ['3']
2026-06-20 21:47:40,489 | [None] | mlops.auto_binning_woe_categorical | assign_bins_from_category_groups:235 | INFO | 	Group 6: 91 observations, Categories: ['Rare']
2026-06-20 21:47:40,489 | [None] | mlops.auto_binning_woe_categorical | auto_woe_binning_categorical:500 | INFO | STEP: 18 - Bins assigned based on current category groups.
2026-06-20 21:47:40,489 | [None] | mlops.auto_binning_woe_categorical | calculate_woe_iv_table_categorical:95 | INFO | Calculating WoE / IV table for categorical binning. bin_col='_bin'
2026-06-20 21:47:40,491 | [None] | mlops.auto_binning_woe_categorical | calculate_woe_iv_table_categorical:113 | INFO | Total good: 15654, Total bad: 4446
2026-06-20 21:47:40,492 | [None] | mlops.auto_binning_woe_categorical | calculate_woe_iv_table_categorical:145 | INFO | WoE / IV table calculated. Bin count=7, Total IV=0.893670
2026-06-20 21:47:40,492 | [None] | mlops.auto_binning_woe_categorical | auto_woe_binning_categorical:509 | INFO | STEP: 18 - WoE / IV summary table calculated.
2026-06-20 21:47:40,493 | [None] | mlops.auto_binning_woe_categorical | auto_woe_binning_categorical:513 | INFO | STEP: 18 - Summary table sorted by bad_rate.
2026-06-20 21:47:40,493 | [None] | mlops.auto_binning_woe_categorical | auto_woe_binning_categorical:518 | INFO | STEP: 18 - Current bin count=7, Current IV=0.893670
2026-06-20 21:47:40,494 | [None] | mlops.auto_binning_woe_categorical | auto_woe_binning_categorical:531 | INFO | STEP: 18 - RULES CHECK START
2026-06-20 21:47:40,495 | [None] | mlops.auto_binning_woe_categorical | auto_woe_binning_categorical:555 | INFO | Rule 1 triggered: small bin merge.
2026-06-20 21:47:40,495 | [None] | mlops.auto_binning_woe_categorical | auto_woe_binning_categorical:556 | INFO | STEP: 18 - Problem bin=6, Merge with bin=6
2026-06-20 21:47:40,495 | [None] | mlops.auto_binning_woe_categorical | merge_category_groups:270 | INFO | Merging category groups. Merging group 6 into group 6
2026-06-20 21:47:40,495 | [None] | mlops.auto_binning_woe_categorical | merge_category_groups:286 | INFO | Groups merged and renumbered. New group count=7
2026-06-20 21:47:40,495 | [None] | mlops.auto_binning_woe_categorical | auto_woe_binning_categorical:564 | INFO | STEP: 18 - Category groups merged based on Rule 1.
2026-06-20 21:47:40,495 | [None] | mlops.auto_binning_woe_categorical | auto_woe_binning_categorical:491 | INFO | --- Iteration 19 ---
2026-06-20 21:47:40,496 | [None] | mlops.auto_binning_woe_categorical | assign_bins_from_category_groups:226 | INFO | Assigning observations to category groups. Group count=7
2026-06-20 21:47:40,496 | [None] | mlops.auto_binning_woe_categorical | assign_bins_from_category_groups:231 | INFO | Observations assigned to groups:
2026-06-20 21:47:40,497 | [None] | mlops.auto_binning_woe_categorical | assign_bins_from_category_groups:235 | INFO | 	Group 0: 3810 observations, Categories: ['-1']
2026-06-20 21:47:40,497 | [None] | mlops.auto_binning_woe_categorical | assign_bins_from_category_groups:235 | INFO | 	Group 1: 1851 observations, Categories: ['-2']
2026-06-20 21:47:40,497 | [None] | mlops.auto_binning_woe_categorical | assign_bins_from_category_groups:235 | INFO | 	Group 2: 9855 observations, Categories: ['0']
2026-06-20 21:47:40,497 | [None] | mlops.auto_binning_woe_categorical | assign_bins_from_category_groups:235 | INFO | 	Group 3: 2500 observations, Categories: ['1']
2026-06-20 21:47:40,497 | [None] | mlops.auto_binning_woe_categorical | assign_bins_from_category_groups:235 | INFO | 	Group 4: 1791 observations, Categories: ['2']
2026-06-20 21:47:40,498 | [None] | mlops.auto_binning_woe_categorical | assign_bins_from_category_groups:235 | INFO | 	Group 5: 202 observations, Categories: ['3']
2026-06-20 21:47:40,498 | [None] | mlops.auto_binning_woe_categorical | assign_bins_from_category_groups:235 | INFO | 	Group 6: 91 observations, Categories: ['Rare']
2026-06-20 21:47:40,498 | [None] | mlops.auto_binning_woe_categorical | auto_woe_binning_categorical:500 | INFO | STEP: 19 - Bins assigned based on current category groups.
2026-06-20 21:47:40,498 | [None] | mlops.auto_binning_woe_categorical | calculate_woe_iv_table_categorical:95 | INFO | Calculating WoE / IV table for categorical binning. bin_col='_bin'
2026-06-20 21:47:40,500 | [None] | mlops.auto_binning_woe_categorical | calculate_woe_iv_table_categorical:113 | INFO | Total good: 15654, Total bad: 4446
2026-06-20 21:47:40,501 | [None] | mlops.auto_binning_woe_categorical | calculate_woe_iv_table_categorical:145 | INFO | WoE / IV table calculated. Bin count=7, Total IV=0.893670
2026-06-20 21:47:40,501 | [None] | mlops.auto_binning_woe_categorical | auto_woe_binning_categorical:509 | INFO | STEP: 19 - WoE / IV summary table calculated.
2026-06-20 21:47:40,502 | [None] | mlops.auto_binning_woe_categorical | auto_woe_binning_categorical:513 | INFO | STEP: 19 - Summary table sorted by bad_rate.
2026-06-20 21:47:40,502 | [None] | mlops.auto_binning_woe_categorical | auto_woe_binning_categorical:518 | INFO | STEP: 19 - Current bin count=7, Current IV=0.893670
2026-06-20 21:47:40,503 | [None] | mlops.auto_binning_woe_categorical | auto_woe_binning_categorical:531 | INFO | STEP: 19 - RULES CHECK START
2026-06-20 21:47:40,504 | [None] | mlops.auto_binning_woe_categorical | auto_woe_binning_categorical:555 | INFO | Rule 1 triggered: small bin merge.
2026-06-20 21:47:40,504 | [None] | mlops.auto_binning_woe_categorical | auto_woe_binning_categorical:556 | INFO | STEP: 19 - Problem bin=6, Merge with bin=6
2026-06-20 21:47:40,504 | [None] | mlops.auto_binning_woe_categorical | merge_category_groups:270 | INFO | Merging category groups. Merging group 6 into group 6
2026-06-20 21:47:40,504 | [None] | mlops.auto_binning_woe_categorical | merge_category_groups:286 | INFO | Groups merged and renumbered. New group count=7
2026-06-20 21:47:40,504 | [None] | mlops.auto_binning_woe_categorical | auto_woe_binning_categorical:564 | INFO | STEP: 19 - Category groups merged based on Rule 1.
2026-06-20 21:47:40,504 | [None] | mlops.auto_binning_woe_categorical | auto_woe_binning_categorical:491 | INFO | --- Iteration 20 ---
2026-06-20 21:47:40,504 | [None] | mlops.auto_binning_woe_categorical | assign_bins_from_category_groups:226 | INFO | Assigning observations to category groups. Group count=7
2026-06-20 21:47:40,505 | [None] | mlops.auto_binning_woe_categorical | assign_bins_from_category_groups:231 | INFO | Observations assigned to groups:
2026-06-20 21:47:40,505 | [None] | mlops.auto_binning_woe_categorical | assign_bins_from_category_groups:235 | INFO | 	Group 0: 3810 observations, Categories: ['-1']
2026-06-20 21:47:40,505 | [None] | mlops.auto_binning_woe_categorical | assign_bins_from_category_groups:235 | INFO | 	Group 1: 1851 observations, Categories: ['-2']
2026-06-20 21:47:40,505 | [None] | mlops.auto_binning_woe_categorical | assign_bins_from_category_groups:235 | INFO | 	Group 2: 9855 observations, Categories: ['0']
2026-06-20 21:47:40,506 | [None] | mlops.auto_binning_woe_categorical | assign_bins_from_category_groups:235 | INFO | 	Group 3: 2500 observations, Categories: ['1']
2026-06-20 21:47:40,506 | [None] | mlops.auto_binning_woe_categorical | assign_bins_from_category_groups:235 | INFO | 	Group 4: 1791 observations, Categories: ['2']
2026-06-20 21:47:40,506 | [None] | mlops.auto_binning_woe_categorical | assign_bins_from_category_groups:235 | INFO | 	Group 5: 202 observations, Categories: ['3']
2026-06-20 21:47:40,506 | [None] | mlops.auto_binning_woe_categorical | assign_bins_from_category_groups:235 | INFO | 	Group 6: 91 observations, Categories: ['Rare']
2026-06-20 21:47:40,506 | [None] | mlops.auto_binning_woe_categorical | auto_woe_binning_categorical:500 | INFO | STEP: 20 - Bins assigned based on current category groups.
2026-06-20 21:47:40,506 | [None] | mlops.auto_binning_woe_categorical | calculate_woe_iv_table_categorical:95 | INFO | Calculating WoE / IV table for categorical binning. bin_col='_bin'
2026-06-20 21:47:40,508 | [None] | mlops.auto_binning_woe_categorical | calculate_woe_iv_table_categorical:113 | INFO | Total good: 15654, Total bad: 4446
2026-06-20 21:47:40,510 | [None] | mlops.auto_binning_woe_categorical | calculate_woe_iv_table_categorical:145 | INFO | WoE / IV table calculated. Bin count=7, Total IV=0.893670
2026-06-20 21:47:40,510 | [None] | mlops.auto_binning_woe_categorical | auto_woe_binning_categorical:509 | INFO | STEP: 20 - WoE / IV summary table calculated.
2026-06-20 21:47:40,511 | [None] | mlops.auto_binning_woe_categorical | auto_woe_binning_categorical:513 | INFO | STEP: 20 - Summary table sorted by bad_rate.
2026-06-20 21:47:40,511 | [None] | mlops.auto_binning_woe_categorical | auto_woe_binning_categorical:518 | INFO | STEP: 20 - Current bin count=7, Current IV=0.893670
2026-06-20 21:47:40,512 | [None] | mlops.auto_binning_woe_categorical | auto_woe_binning_categorical:531 | INFO | STEP: 20 - RULES CHECK START
2026-06-20 21:47:40,513 | [None] | mlops.auto_binning_woe_categorical | auto_woe_binning_categorical:555 | INFO | Rule 1 triggered: small bin merge.
2026-06-20 21:47:40,513 | [None] | mlops.auto_binning_woe_categorical | auto_woe_binning_categorical:556 | INFO | STEP: 20 - Problem bin=6, Merge with bin=6
2026-06-20 21:47:40,513 | [None] | mlops.auto_binning_woe_categorical | merge_category_groups:270 | INFO | Merging category groups. Merging group 6 into group 6
2026-06-20 21:47:40,513 | [None] | mlops.auto_binning_woe_categorical | merge_category_groups:286 | INFO | Groups merged and renumbered. New group count=7
2026-06-20 21:47:40,513 | [None] | mlops.auto_binning_woe_categorical | auto_woe_binning_categorical:564 | INFO | STEP: 20 - Category groups merged based on Rule 1.
2026-06-20 21:47:40,513 | [None] | mlops.auto_binning_woe_categorical | auto_woe_binning_categorical:686 | WARNING | Auto binning did NOT converge for feature 'repayment_status_sep_2005'. Reached max_iter=20 while rule violations were still present.
2026-06-20 21:47:40,513 | [None] | mlops.auto_binning_woe_categorical | auto_woe_binning_categorical:689 | INFO | Iterative merging process completed after 20 iterations.
2026-06-20 21:47:40,513 | [None] | mlops.auto_binning_woe_categorical | auto_woe_binning_categorical:690 | INFO | ----FINAL BINNING RESULTS----
2026-06-20 21:47:40,513 | [None] | mlops.auto_binning_woe_categorical | assign_bins_from_category_groups:226 | INFO | Assigning observations to category groups. Group count=7
2026-06-20 21:47:40,514 | [None] | mlops.auto_binning_woe_categorical | assign_bins_from_category_groups:231 | INFO | Observations assigned to groups:
2026-06-20 21:47:40,514 | [None] | mlops.auto_binning_woe_categorical | assign_bins_from_category_groups:235 | INFO | 	Group 0: 3810 observations, Categories: ['-1']
2026-06-20 21:47:40,514 | [None] | mlops.auto_binning_woe_categorical | assign_bins_from_category_groups:235 | INFO | 	Group 1: 1851 observations, Categories: ['-2']
2026-06-20 21:47:40,514 | [None] | mlops.auto_binning_woe_categorical | assign_bins_from_category_groups:235 | INFO | 	Group 2: 9855 observations, Categories: ['0']
2026-06-20 21:47:40,515 | [None] | mlops.auto_binning_woe_categorical | assign_bins_from_category_groups:235 | INFO | 	Group 3: 2500 observations, Categories: ['1']
2026-06-20 21:47:40,515 | [None] | mlops.auto_binning_woe_categorical | assign_bins_from_category_groups:235 | INFO | 	Group 4: 1791 observations, Categories: ['2']
2026-06-20 21:47:40,515 | [None] | mlops.auto_binning_woe_categorical | assign_bins_from_category_groups:235 | INFO | 	Group 5: 202 observations, Categories: ['3']
2026-06-20 21:47:40,515 | [None] | mlops.auto_binning_woe_categorical | assign_bins_from_category_groups:235 | INFO | 	Group 6: 91 observations, Categories: ['Rare']
2026-06-20 21:47:40,515 | [None] | mlops.auto_binning_woe_categorical | calculate_woe_iv_table_categorical:95 | INFO | Calculating WoE / IV table for categorical binning. bin_col='_bin'
2026-06-20 21:47:40,517 | [None] | mlops.auto_binning_woe_categorical | calculate_woe_iv_table_categorical:113 | INFO | Total good: 15654, Total bad: 4446
2026-06-20 21:47:40,519 | [None] | mlops.auto_binning_woe_categorical | calculate_woe_iv_table_categorical:145 | INFO | WoE / IV table calculated. Bin count=7, Total IV=0.893670
2026-06-20 21:47:40,522 | [None] | mlops.auto_binning_woe_categorical | auto_woe_binning_categorical:750 | WARNING | Final status: REVIEW_NOT_CONVERGED (max_iter reached)
2026-06-20 21:47:40,522 | [None] | mlops.auto_binning_woe_categorical | auto_woe_binning_categorical:764 | INFO | Feature: repayment_status_sep_2005, Final bins=7, Total IV=0.893670, Status=REVIEW_NOT_CONVERGED
2026-06-20 21:47:40,522 | [None] | mlops.auto_binning_woe_categorical | auto_woe_binning_categorical:766 | INFO | Values to Group mapping:
2026-06-20 21:47:40,522 | [None] | mlops.auto_binning_woe_categorical | auto_woe_binning_categorical:768 | INFO |   - repayment_status_sep_2005_grp0: ['-1']
2026-06-20 21:47:40,522 | [None] | mlops.auto_binning_woe_categorical | auto_woe_binning_categorical:768 | INFO |   - repayment_status_sep_2005_grp1: ['-2']
2026-06-20 21:47:40,522 | [None] | mlops.auto_binning_woe_categorical | auto_woe_binning_categorical:768 | INFO |   - repayment_status_sep_2005_grp2: ['0']
2026-06-20 21:47:40,522 | [None] | mlops.auto_binning_woe_categorical | auto_woe_binning_categorical:768 | INFO |   - repayment_status_sep_2005_grp3: ['1']
2026-06-20 21:47:40,522 | [None] | mlops.auto_binning_woe_categorical | auto_woe_binning_categorical:768 | INFO |   - repayment_status_sep_2005_grp4: ['2']
2026-06-20 21:47:40,522 | [None] | mlops.auto_binning_woe_categorical | auto_woe_binning_categorical:768 | INFO |   - repayment_status_sep_2005_grp5: ['3']
2026-06-20 21:47:40,522 | [None] | mlops.auto_binning_woe_categorical | auto_woe_binning_categorical:768 | INFO |   - repayment_status_sep_2005_grp6: ['Rare']
2026-06-20 21:47:40,524 | [None] | mlops.auto_binning_woe_categorical | auto_woe_binning_categorical:788 | INFO | Auto binning result saved to ./outputs/auto_binning_woe/repayment_status_sep_2005/final_auto_binning_woe.json
2026-06-20 21:47:40,525 | [None] | mlops.auto_binning_woe_categorical | auto_woe_binning_categorical:792 | INFO | Final WOE table saved to ./outputs/auto_binning_woe/repayment_status_sep_2005/final_woe_table.csv
2026-06-20 21:47:40,526 | [None] | mlops.auto_binning_woe_categorical | auto_woe_binning_categorical:795 | INFO | ==================================================
2026-06-20 21:47:40,526 | [None] | mlops.auto_binning_woe_categorical | auto_woe_binning_categorical:796 | INFO | INITIALIZE PARAMETERS
2026-06-20 21:47:40,526 | [None] | mlops.auto_binning_woe_categorical | auto_woe_binning_categorical:797 | INFO | Feature:..................... repayment_status_sep_2005
2026-06-20 21:47:40,526 | [None] | mlops.auto_binning_woe_categorical | auto_woe_binning_categorical:798 | INFO | Target:...................... TARGET
2026-06-20 21:47:40,526 | [None] | mlops.auto_binning_woe_categorical | auto_woe_binning_categorical:799 | INFO | Minimum Bin Percentage:...... 0.05
2026-06-20 21:47:40,526 | [None] | mlops.auto_binning_woe_categorical | auto_woe_binning_categorical:800 | INFO | Maximum Final Bins:.......... 6
2026-06-20 21:47:40,526 | [None] | mlops.auto_binning_woe_categorical | auto_woe_binning_categorical:801 | INFO | Minimum Final Bins:.......... 2
2026-06-20 21:47:40,526 | [None] | mlops.auto_binning_woe_categorical | auto_woe_binning_categorical:802 | INFO | Minimum IV:.................. 0.02
2026-06-20 21:47:40,526 | [None] | mlops.auto_binning_woe_categorical | auto_woe_binning_categorical:803 | INFO | Maximum IV:.................. 0.5
2026-06-20 21:47:40,526 | [None] | mlops.auto_binning_woe_categorical | auto_woe_binning_categorical:804 | INFO | Maximum Iterations:.......... 20
2026-06-20 21:47:40,526 | [None] | mlops.auto_binning_woe_categorical | auto_woe_binning_categorical:805 | INFO | ==================================================
2026-06-20 21:47:40,527 | [None] | mlops.auto_binning_woe_categorical | auto_woe_binning_categorical:807 | INFO | ==================================================
2026-06-20 21:47:40,527 | [None] | mlops.auto_binning_woe_categorical | auto_woe_binning_categorical:808 | INFO | AUTO BINNING RESULTS
2026-06-20 21:47:40,527 | [None] | mlops.auto_binning_woe_categorical | auto_woe_binning_categorical:809 | INFO | Stopping Iteration:............... 20
2026-06-20 21:47:40,527 | [None] | mlops.auto_binning_woe_categorical | auto_woe_binning_categorical:810 | INFO | Feature Name:..................... repayment_status_sep_2005
2026-06-20 21:47:40,527 | [None] | mlops.auto_binning_woe_categorical | auto_woe_binning_categorical:811 | INFO | Final Bin Count:.................. 7
2026-06-20 21:47:40,527 | [None] | mlops.auto_binning_woe_categorical | auto_woe_binning_categorical:812 | INFO | Total Information Value (IV):..... 0.893670
2026-06-20 21:47:40,527 | [None] | mlops.auto_binning_woe_categorical | auto_woe_binning_categorical:813 | INFO | IV Interpretation:................ Suspiciously High Predictive Power (Potential Data Leakage or Overfitting)
2026-06-20 21:47:40,527 | [None] | mlops.auto_binning_woe_categorical | auto_woe_binning_categorical:814 | INFO | Binning Status:................... REVIEW_NOT_CONVERGED
2026-06-20 21:47:40,527 | [None] | mlops.auto_binning_woe_categorical | auto_woe_binning_categorical:815 | INFO | --------------------------------------------------
2026-06-20 21:47:40,527 | [None] | mlops.auto_binning_woe_categorical | auto_woe_binning_categorical:816 | INFO | WoE Summary Table:
2026-06-20 21:47:40,528 | [None] | mlops.auto_binning_woe_categorical | auto_woe_binning_categorical:817 | INFO | 
                          _bin  total  good  bad  bad_rate  bin_pct  good_dist  bad_dist  good_dist_minus_bad_dist  odds_ratio       woe  woe_display       iv
repayment_status_sep_2005_grp1   1851  1620  231  0.124797 0.092090   0.103497  0.052028                  0.051468    1.989238  0.687752    68.775184 0.035397
repayment_status_sep_2005_grp2   9855  8609 1246  0.126433 0.490299   0.549864  0.280144                  0.269720    1.962793  0.674368    67.436832 0.181891
repayment_status_sep_2005_grp0   3810  3157  653  0.171391 0.189552   0.201661  0.146870                  0.054790    1.373051  0.317035    31.703502 0.017370
repayment_status_sep_2005_grp3   2500  1639  861  0.344400 0.124378   0.104710  0.193617                 -0.088907    0.540810 -0.614687   -61.468676 0.054650
repayment_status_sep_2005_grp6     91    33   58  0.637363 0.004527   0.002140  0.013148                 -0.011008    0.162734 -1.815640  -181.563962 0.019987
repayment_status_sep_2005_grp4   1791   549 1242  0.693467 0.089104   0.035095  0.279245                 -0.244150    0.125678 -2.074030  -207.403029 0.506374
repayment_status_sep_2005_grp5    202    47  155  0.767327 0.010050   0.003034  0.034948                 -0.031914    0.086806 -2.444074  -244.407433 0.078000

2026-06-20 21:47:40,529 | [None] | mlops.auto_binning_woe_categorical | auto_woe_binning_categorical:818 | INFO | --------------------------------------------------
2026-06-20 21:47:40,529 | [None] | mlops.auto_binning_woe_categorical | auto_woe_binning_categorical:819 | INFO | Values to Group:
2026-06-20 21:47:40,529 | [None] | mlops.auto_binning_woe_categorical | auto_woe_binning_categorical:821 | INFO |   repayment_status_sep_2005_grp0: ['-1']
2026-06-20 21:47:40,529 | [None] | mlops.auto_binning_woe_categorical | auto_woe_binning_categorical:821 | INFO |   repayment_status_sep_2005_grp1: ['-2']
2026-06-20 21:47:40,529 | [None] | mlops.auto_binning_woe_categorical | auto_woe_binning_categorical:821 | INFO |   repayment_status_sep_2005_grp2: ['0']
2026-06-20 21:47:40,529 | [None] | mlops.auto_binning_woe_categorical | auto_woe_binning_categorical:821 | INFO |   repayment_status_sep_2005_grp3: ['1']
2026-06-20 21:47:40,529 | [None] | mlops.auto_binning_woe_categorical | auto_woe_binning_categorical:821 | INFO |   repayment_status_sep_2005_grp4: ['2']
2026-06-20 21:47:40,529 | [None] | mlops.auto_binning_woe_categorical | auto_woe_binning_categorical:821 | INFO |   repayment_status_sep_2005_grp5: ['3']
2026-06-20 21:47:40,529 | [None] | mlops.auto_binning_woe_categorical | auto_woe_binning_categorical:821 | INFO |   repayment_status_sep_2005_grp6: ['Rare']
2026-06-20 21:47:40,529 | [None] | mlops.auto_binning_woe_categorical | auto_woe_binning_categorical:822 | INFO | --------------------------------------------------
2026-06-20 21:47:40,529 | [None] | mlops.auto_binning_woe_categorical | auto_woe_binning_categorical:823 | INFO | Quality Check Results:
2026-06-20 21:47:40,530 | [None] | mlops.auto_binning_woe_categorical | auto_woe_binning_categorical:825 | INFO |   minBinPct: Is minimum pct of each bin > 0.05? -> False
2026-06-20 21:47:40,530 | [None] | mlops.auto_binning_woe_categorical | auto_woe_binning_categorical:825 | INFO |   goodBadExist: Do good and bad exist in every bin? -> True
2026-06-20 21:47:40,530 | [None] | mlops.auto_binning_woe_categorical | auto_woe_binning_categorical:825 | INFO |   badRateMonotonic: Is Bad Rate monotonic? -> True
2026-06-20 21:47:40,530 | [None] | mlops.auto_binning_woe_categorical | auto_woe_binning_categorical:825 | INFO |   woeMonotonic: Is WoE monotonic? -> True
2026-06-20 21:47:40,530 | [None] | mlops.auto_binning_woe_categorical | auto_woe_binning_categorical:825 | INFO |   binCount: Are bins between 2 and 6? -> False
2026-06-20 21:47:40,530 | [None] | mlops.auto_binning_woe_categorical | auto_woe_binning_categorical:825 | INFO |   ivReasonable: Is IV 0.893670 reasonable? (0.02 < IV < 0.50) -> False
2026-06-20 21:47:40,530 | [None] | mlops.auto_binning_woe_categorical | auto_woe_binning_categorical:826 | INFO | --------------------------------------------------
2026-06-20 21:47:40,530 | [None] | mlops.auto_binning_woe_categorical | auto_woe_binning_categorical:828 | INFO | Auto binning completed successfully for feature: 'repayment_status_sep_2005'
2026-06-20 21:47:40,530 | [None] | mlops.auto_binning_woe_categorical | auto_woe_binning_categorical:829 | INFO | ==================================================
2026-06-20 21:47:40,531 | [None] | mlops.auto_binning_woe_categorical | auto_woe_binning_categorical:409 | INFO | Starting categorical WoE auto binning. Feature:repayment_status_aug_2005, Target:TARGET
2026-06-20 21:47:40,534 | [None] | mlops.auto_binning_woe_categorical | auto_woe_binning_categorical:463 | INFO | Missing rows dropped. Before=20100, After=20100, Dropped=0
2026-06-20 21:47:40,534 | [None] | mlops.auto_binning_woe_categorical | auto_woe_binning_categorical:466 | INFO | Target variable TARGET converted to integer type.
2026-06-20 21:47:40,535 | [None] | mlops.auto_binning_woe_categorical | auto_woe_binning_categorical:470 | INFO | Distinct categories found: ['-1', '-2', '0', '1', '2', '3', '4', '5', '6', '7']
2026-06-20 21:47:40,535 | [None] | mlops.auto_binning_woe_categorical | create_initial_category_groups:182 | INFO | Creating initial category groups. Category count=10
2026-06-20 21:47:40,535 | [None] | mlops.auto_binning_woe_categorical | create_initial_category_groups:188 | INFO | Initial category groups created:
2026-06-20 21:47:40,535 | [None] | mlops.auto_binning_woe_categorical | create_initial_category_groups:190 | INFO |   - Category: '-1' -> Group: 0
2026-06-20 21:47:40,535 | [None] | mlops.auto_binning_woe_categorical | create_initial_category_groups:190 | INFO |   - Category: '-2' -> Group: 1
2026-06-20 21:47:40,535 | [None] | mlops.auto_binning_woe_categorical | create_initial_category_groups:190 | INFO |   - Category: '0' -> Group: 2
2026-06-20 21:47:40,535 | [None] | mlops.auto_binning_woe_categorical | create_initial_category_groups:190 | INFO |   - Category: '1' -> Group: 3
2026-06-20 21:47:40,535 | [None] | mlops.auto_binning_woe_categorical | create_initial_category_groups:190 | INFO |   - Category: '2' -> Group: 4
2026-06-20 21:47:40,535 | [None] | mlops.auto_binning_woe_categorical | create_initial_category_groups:190 | INFO |   - Category: '3' -> Group: 5
2026-06-20 21:47:40,535 | [None] | mlops.auto_binning_woe_categorical | create_initial_category_groups:190 | INFO |   - Category: '4' -> Group: 6
2026-06-20 21:47:40,535 | [None] | mlops.auto_binning_woe_categorical | create_initial_category_groups:190 | INFO |   - Category: '5' -> Group: 7
2026-06-20 21:47:40,536 | [None] | mlops.auto_binning_woe_categorical | create_initial_category_groups:190 | INFO |   - Category: '6' -> Group: 8
2026-06-20 21:47:40,536 | [None] | mlops.auto_binning_woe_categorical | create_initial_category_groups:190 | INFO |   - Category: '7' -> Group: 9
2026-06-20 21:47:40,536 | [None] | mlops.auto_binning_woe_categorical | auto_woe_binning_categorical:491 | INFO | --- Iteration 1 ---
2026-06-20 21:47:40,536 | [None] | mlops.auto_binning_woe_categorical | assign_bins_from_category_groups:226 | INFO | Assigning observations to category groups. Group count=10
2026-06-20 21:47:40,537 | [None] | mlops.auto_binning_woe_categorical | assign_bins_from_category_groups:231 | INFO | Observations assigned to groups:
2026-06-20 21:47:40,537 | [None] | mlops.auto_binning_woe_categorical | assign_bins_from_category_groups:235 | INFO | 	Group 0: 4070 observations, Categories: ['-1']
2026-06-20 21:47:40,537 | [None] | mlops.auto_binning_woe_categorical | assign_bins_from_category_groups:235 | INFO | 	Group 1: 2535 observations, Categories: ['-2']
2026-06-20 21:47:40,537 | [None] | mlops.auto_binning_woe_categorical | assign_bins_from_category_groups:235 | INFO | 	Group 2: 10521 observations, Categories: ['0']
2026-06-20 21:47:40,537 | [None] | mlops.auto_binning_woe_categorical | assign_bins_from_category_groups:235 | INFO | 	Group 3: 24 observations, Categories: ['1']
2026-06-20 21:47:40,538 | [None] | mlops.auto_binning_woe_categorical | assign_bins_from_category_groups:235 | INFO | 	Group 4: 2626 observations, Categories: ['2']
2026-06-20 21:47:40,538 | [None] | mlops.auto_binning_woe_categorical | assign_bins_from_category_groups:235 | INFO | 	Group 5: 216 observations, Categories: ['3']
2026-06-20 21:47:40,538 | [None] | mlops.auto_binning_woe_categorical | assign_bins_from_category_groups:235 | INFO | 	Group 6: 65 observations, Categories: ['4']
2026-06-20 21:47:40,538 | [None] | mlops.auto_binning_woe_categorical | assign_bins_from_category_groups:235 | INFO | 	Group 7: 20 observations, Categories: ['5']
2026-06-20 21:47:40,538 | [None] | mlops.auto_binning_woe_categorical | assign_bins_from_category_groups:235 | INFO | 	Group 8: 9 observations, Categories: ['6']
2026-06-20 21:47:40,538 | [None] | mlops.auto_binning_woe_categorical | assign_bins_from_category_groups:235 | INFO | 	Group 9: 14 observations, Categories: ['7']
2026-06-20 21:47:40,539 | [None] | mlops.auto_binning_woe_categorical | auto_woe_binning_categorical:500 | INFO | STEP: 1 - Bins assigned based on current category groups.
2026-06-20 21:47:40,539 | [None] | mlops.auto_binning_woe_categorical | calculate_woe_iv_table_categorical:95 | INFO | Calculating WoE / IV table for categorical binning. bin_col='_bin'
2026-06-20 21:47:40,541 | [None] | mlops.auto_binning_woe_categorical | calculate_woe_iv_table_categorical:113 | INFO | Total good: 15654, Total bad: 4446
2026-06-20 21:47:40,542 | [None] | mlops.auto_binning_woe_categorical | calculate_woe_iv_table_categorical:145 | INFO | WoE / IV table calculated. Bin count=10, Total IV=0.563004
2026-06-20 21:47:40,543 | [None] | mlops.auto_binning_woe_categorical | auto_woe_binning_categorical:509 | INFO | STEP: 1 - WoE / IV summary table calculated.
2026-06-20 21:47:40,543 | [None] | mlops.auto_binning_woe_categorical | auto_woe_binning_categorical:513 | INFO | STEP: 1 - Summary table sorted by bad_rate.
2026-06-20 21:47:40,543 | [None] | mlops.auto_binning_woe_categorical | auto_woe_binning_categorical:518 | INFO | STEP: 1 - Current bin count=10, Current IV=0.563004
2026-06-20 21:47:40,544 | [None] | mlops.auto_binning_woe_categorical | auto_woe_binning_categorical:531 | INFO | STEP: 1 - RULES CHECK START
2026-06-20 21:47:40,545 | [None] | mlops.auto_binning_woe_categorical | auto_woe_binning_categorical:555 | INFO | Rule 1 triggered: small bin merge.
2026-06-20 21:47:40,545 | [None] | mlops.auto_binning_woe_categorical | auto_woe_binning_categorical:556 | INFO | STEP: 1 - Problem bin=8, Merge with bin=7
2026-06-20 21:47:40,545 | [None] | mlops.auto_binning_woe_categorical | merge_category_groups:270 | INFO | Merging category groups. Merging group 7 into group 8
2026-06-20 21:47:40,545 | [None] | mlops.auto_binning_woe_categorical | merge_category_groups:286 | INFO | Groups merged and renumbered. New group count=9
2026-06-20 21:47:40,545 | [None] | mlops.auto_binning_woe_categorical | auto_woe_binning_categorical:564 | INFO | STEP: 1 - Category groups merged based on Rule 1.
2026-06-20 21:47:40,545 | [None] | mlops.auto_binning_woe_categorical | auto_woe_binning_categorical:491 | INFO | --- Iteration 2 ---
2026-06-20 21:47:40,545 | [None] | mlops.auto_binning_woe_categorical | assign_bins_from_category_groups:226 | INFO | Assigning observations to category groups. Group count=9
2026-06-20 21:47:40,546 | [None] | mlops.auto_binning_woe_categorical | assign_bins_from_category_groups:231 | INFO | Observations assigned to groups:
2026-06-20 21:47:40,546 | [None] | mlops.auto_binning_woe_categorical | assign_bins_from_category_groups:235 | INFO | 	Group 0: 4070 observations, Categories: ['-1']
2026-06-20 21:47:40,546 | [None] | mlops.auto_binning_woe_categorical | assign_bins_from_category_groups:235 | INFO | 	Group 1: 2535 observations, Categories: ['-2']
2026-06-20 21:47:40,547 | [None] | mlops.auto_binning_woe_categorical | assign_bins_from_category_groups:235 | INFO | 	Group 2: 10521 observations, Categories: ['0']
2026-06-20 21:47:40,547 | [None] | mlops.auto_binning_woe_categorical | assign_bins_from_category_groups:235 | INFO | 	Group 3: 24 observations, Categories: ['1']
2026-06-20 21:47:40,547 | [None] | mlops.auto_binning_woe_categorical | assign_bins_from_category_groups:235 | INFO | 	Group 4: 2626 observations, Categories: ['2']
2026-06-20 21:47:40,547 | [None] | mlops.auto_binning_woe_categorical | assign_bins_from_category_groups:235 | INFO | 	Group 5: 216 observations, Categories: ['3']
2026-06-20 21:47:40,547 | [None] | mlops.auto_binning_woe_categorical | assign_bins_from_category_groups:235 | INFO | 	Group 6: 65 observations, Categories: ['4']
2026-06-20 21:47:40,548 | [None] | mlops.auto_binning_woe_categorical | assign_bins_from_category_groups:235 | INFO | 	Group 7: 29 observations, Categories: ['5', '6']
2026-06-20 21:47:40,548 | [None] | mlops.auto_binning_woe_categorical | assign_bins_from_category_groups:235 | INFO | 	Group 8: 14 observations, Categories: ['7']
2026-06-20 21:47:40,548 | [None] | mlops.auto_binning_woe_categorical | auto_woe_binning_categorical:500 | INFO | STEP: 2 - Bins assigned based on current category groups.
2026-06-20 21:47:40,548 | [None] | mlops.auto_binning_woe_categorical | calculate_woe_iv_table_categorical:95 | INFO | Calculating WoE / IV table for categorical binning. bin_col='_bin'
2026-06-20 21:47:40,550 | [None] | mlops.auto_binning_woe_categorical | calculate_woe_iv_table_categorical:113 | INFO | Total good: 15654, Total bad: 4446
2026-06-20 21:47:40,552 | [None] | mlops.auto_binning_woe_categorical | calculate_woe_iv_table_categorical:145 | INFO | WoE / IV table calculated. Bin count=9, Total IV=0.562847
2026-06-20 21:47:40,552 | [None] | mlops.auto_binning_woe_categorical | auto_woe_binning_categorical:509 | INFO | STEP: 2 - WoE / IV summary table calculated.
2026-06-20 21:47:40,552 | [None] | mlops.auto_binning_woe_categorical | auto_woe_binning_categorical:513 | INFO | STEP: 2 - Summary table sorted by bad_rate.
2026-06-20 21:47:40,552 | [None] | mlops.auto_binning_woe_categorical | auto_woe_binning_categorical:518 | INFO | STEP: 2 - Current bin count=9, Current IV=0.562847
2026-06-20 21:47:40,553 | [None] | mlops.auto_binning_woe_categorical | auto_woe_binning_categorical:531 | INFO | STEP: 2 - RULES CHECK START
2026-06-20 21:47:40,554 | [None] | mlops.auto_binning_woe_categorical | auto_woe_binning_categorical:555 | INFO | Rule 1 triggered: small bin merge.
2026-06-20 21:47:40,554 | [None] | mlops.auto_binning_woe_categorical | auto_woe_binning_categorical:556 | INFO | STEP: 2 - Problem bin=8, Merge with bin=8
2026-06-20 21:47:40,554 | [None] | mlops.auto_binning_woe_categorical | merge_category_groups:270 | INFO | Merging category groups. Merging group 8 into group 8
2026-06-20 21:47:40,554 | [None] | mlops.auto_binning_woe_categorical | merge_category_groups:286 | INFO | Groups merged and renumbered. New group count=9
2026-06-20 21:47:40,554 | [None] | mlops.auto_binning_woe_categorical | auto_woe_binning_categorical:564 | INFO | STEP: 2 - Category groups merged based on Rule 1.
2026-06-20 21:47:40,555 | [None] | mlops.auto_binning_woe_categorical | auto_woe_binning_categorical:491 | INFO | --- Iteration 3 ---
2026-06-20 21:47:40,555 | [None] | mlops.auto_binning_woe_categorical | assign_bins_from_category_groups:226 | INFO | Assigning observations to category groups. Group count=9
2026-06-20 21:47:40,555 | [None] | mlops.auto_binning_woe_categorical | assign_bins_from_category_groups:231 | INFO | Observations assigned to groups:
2026-06-20 21:47:40,556 | [None] | mlops.auto_binning_woe_categorical | assign_bins_from_category_groups:235 | INFO | 	Group 0: 4070 observations, Categories: ['-1']
2026-06-20 21:47:40,556 | [None] | mlops.auto_binning_woe_categorical | assign_bins_from_category_groups:235 | INFO | 	Group 1: 2535 observations, Categories: ['-2']
2026-06-20 21:47:40,556 | [None] | mlops.auto_binning_woe_categorical | assign_bins_from_category_groups:235 | INFO | 	Group 2: 10521 observations, Categories: ['0']
2026-06-20 21:47:40,556 | [None] | mlops.auto_binning_woe_categorical | assign_bins_from_category_groups:235 | INFO | 	Group 3: 24 observations, Categories: ['1']
2026-06-20 21:47:40,556 | [None] | mlops.auto_binning_woe_categorical | assign_bins_from_category_groups:235 | INFO | 	Group 4: 2626 observations, Categories: ['2']
2026-06-20 21:47:40,556 | [None] | mlops.auto_binning_woe_categorical | assign_bins_from_category_groups:235 | INFO | 	Group 5: 216 observations, Categories: ['3']
2026-06-20 21:47:40,556 | [None] | mlops.auto_binning_woe_categorical | assign_bins_from_category_groups:235 | INFO | 	Group 6: 65 observations, Categories: ['4']
2026-06-20 21:47:40,557 | [None] | mlops.auto_binning_woe_categorical | assign_bins_from_category_groups:235 | INFO | 	Group 7: 29 observations, Categories: ['5', '6']
2026-06-20 21:47:40,557 | [None] | mlops.auto_binning_woe_categorical | assign_bins_from_category_groups:235 | INFO | 	Group 8: 14 observations, Categories: ['7']
2026-06-20 21:47:40,557 | [None] | mlops.auto_binning_woe_categorical | auto_woe_binning_categorical:500 | INFO | STEP: 3 - Bins assigned based on current category groups.
2026-06-20 21:47:40,557 | [None] | mlops.auto_binning_woe_categorical | calculate_woe_iv_table_categorical:95 | INFO | Calculating WoE / IV table for categorical binning. bin_col='_bin'
2026-06-20 21:47:40,558 | [None] | mlops.auto_binning_woe_categorical | calculate_woe_iv_table_categorical:113 | INFO | Total good: 15654, Total bad: 4446
2026-06-20 21:47:40,561 | [None] | mlops.auto_binning_woe_categorical | calculate_woe_iv_table_categorical:145 | INFO | WoE / IV table calculated. Bin count=9, Total IV=0.562847
2026-06-20 21:47:40,561 | [None] | mlops.auto_binning_woe_categorical | auto_woe_binning_categorical:509 | INFO | STEP: 3 - WoE / IV summary table calculated.
2026-06-20 21:47:40,561 | [None] | mlops.auto_binning_woe_categorical | auto_woe_binning_categorical:513 | INFO | STEP: 3 - Summary table sorted by bad_rate.
2026-06-20 21:47:40,561 | [None] | mlops.auto_binning_woe_categorical | auto_woe_binning_categorical:518 | INFO | STEP: 3 - Current bin count=9, Current IV=0.562847
2026-06-20 21:47:40,562 | [None] | mlops.auto_binning_woe_categorical | auto_woe_binning_categorical:531 | INFO | STEP: 3 - RULES CHECK START
2026-06-20 21:47:40,563 | [None] | mlops.auto_binning_woe_categorical | auto_woe_binning_categorical:555 | INFO | Rule 1 triggered: small bin merge.
2026-06-20 21:47:40,563 | [None] | mlops.auto_binning_woe_categorical | auto_woe_binning_categorical:556 | INFO | STEP: 3 - Problem bin=8, Merge with bin=8
2026-06-20 21:47:40,563 | [None] | mlops.auto_binning_woe_categorical | merge_category_groups:270 | INFO | Merging category groups. Merging group 8 into group 8
2026-06-20 21:47:40,563 | [None] | mlops.auto_binning_woe_categorical | merge_category_groups:286 | INFO | Groups merged and renumbered. New group count=9
2026-06-20 21:47:40,563 | [None] | mlops.auto_binning_woe_categorical | auto_woe_binning_categorical:564 | INFO | STEP: 3 - Category groups merged based on Rule 1.
2026-06-20 21:47:40,563 | [None] | mlops.auto_binning_woe_categorical | auto_woe_binning_categorical:491 | INFO | --- Iteration 4 ---
2026-06-20 21:47:40,563 | [None] | mlops.auto_binning_woe_categorical | assign_bins_from_category_groups:226 | INFO | Assigning observations to category groups. Group count=9
2026-06-20 21:47:40,564 | [None] | mlops.auto_binning_woe_categorical | assign_bins_from_category_groups:231 | INFO | Observations assigned to groups:
2026-06-20 21:47:40,565 | [None] | mlops.auto_binning_woe_categorical | assign_bins_from_category_groups:235 | INFO | 	Group 0: 4070 observations, Categories: ['-1']
2026-06-20 21:47:40,565 | [None] | mlops.auto_binning_woe_categorical | assign_bins_from_category_groups:235 | INFO | 	Group 1: 2535 observations, Categories: ['-2']
2026-06-20 21:47:40,565 | [None] | mlops.auto_binning_woe_categorical | assign_bins_from_category_groups:235 | INFO | 	Group 2: 10521 observations, Categories: ['0']
2026-06-20 21:47:40,565 | [None] | mlops.auto_binning_woe_categorical | assign_bins_from_category_groups:235 | INFO | 	Group 3: 24 observations, Categories: ['1']
2026-06-20 21:47:40,565 | [None] | mlops.auto_binning_woe_categorical | assign_bins_from_category_groups:235 | INFO | 	Group 4: 2626 observations, Categories: ['2']
2026-06-20 21:47:40,565 | [None] | mlops.auto_binning_woe_categorical | assign_bins_from_category_groups:235 | INFO | 	Group 5: 216 observations, Categories: ['3']
2026-06-20 21:47:40,566 | [None] | mlops.auto_binning_woe_categorical | assign_bins_from_category_groups:235 | INFO | 	Group 6: 65 observations, Categories: ['4']
2026-06-20 21:47:40,566 | [None] | mlops.auto_binning_woe_categorical | assign_bins_from_category_groups:235 | INFO | 	Group 7: 29 observations, Categories: ['5', '6']
2026-06-20 21:47:40,566 | [None] | mlops.auto_binning_woe_categorical | assign_bins_from_category_groups:235 | INFO | 	Group 8: 14 observations, Categories: ['7']
2026-06-20 21:47:40,566 | [None] | mlops.auto_binning_woe_categorical | auto_woe_binning_categorical:500 | INFO | STEP: 4 - Bins assigned based on current category groups.
2026-06-20 21:47:40,566 | [None] | mlops.auto_binning_woe_categorical | calculate_woe_iv_table_categorical:95 | INFO | Calculating WoE / IV table for categorical binning. bin_col='_bin'
2026-06-20 21:47:40,568 | [None] | mlops.auto_binning_woe_categorical | calculate_woe_iv_table_categorical:113 | INFO | Total good: 15654, Total bad: 4446
2026-06-20 21:47:40,569 | [None] | mlops.auto_binning_woe_categorical | calculate_woe_iv_table_categorical:145 | INFO | WoE / IV table calculated. Bin count=9, Total IV=0.562847
2026-06-20 21:47:40,569 | [None] | mlops.auto_binning_woe_categorical | auto_woe_binning_categorical:509 | INFO | STEP: 4 - WoE / IV summary table calculated.
2026-06-20 21:47:40,570 | [None] | mlops.auto_binning_woe_categorical | auto_woe_binning_categorical:513 | INFO | STEP: 4 - Summary table sorted by bad_rate.
2026-06-20 21:47:40,570 | [None] | mlops.auto_binning_woe_categorical | auto_woe_binning_categorical:518 | INFO | STEP: 4 - Current bin count=9, Current IV=0.562847
2026-06-20 21:47:40,571 | [None] | mlops.auto_binning_woe_categorical | auto_woe_binning_categorical:531 | INFO | STEP: 4 - RULES CHECK START
2026-06-20 21:47:40,572 | [None] | mlops.auto_binning_woe_categorical | auto_woe_binning_categorical:555 | INFO | Rule 1 triggered: small bin merge.
2026-06-20 21:47:40,572 | [None] | mlops.auto_binning_woe_categorical | auto_woe_binning_categorical:556 | INFO | STEP: 4 - Problem bin=8, Merge with bin=8
2026-06-20 21:47:40,572 | [None] | mlops.auto_binning_woe_categorical | merge_category_groups:270 | INFO | Merging category groups. Merging group 8 into group 8
2026-06-20 21:47:40,572 | [None] | mlops.auto_binning_woe_categorical | merge_category_groups:286 | INFO | Groups merged and renumbered. New group count=9
2026-06-20 21:47:40,572 | [None] | mlops.auto_binning_woe_categorical | auto_woe_binning_categorical:564 | INFO | STEP: 4 - Category groups merged based on Rule 1.
2026-06-20 21:47:40,572 | [None] | mlops.auto_binning_woe_categorical | auto_woe_binning_categorical:491 | INFO | --- Iteration 5 ---
2026-06-20 21:47:40,572 | [None] | mlops.auto_binning_woe_categorical | assign_bins_from_category_groups:226 | INFO | Assigning observations to category groups. Group count=9
2026-06-20 21:47:40,573 | [None] | mlops.auto_binning_woe_categorical | assign_bins_from_category_groups:231 | INFO | Observations assigned to groups:
2026-06-20 21:47:40,573 | [None] | mlops.auto_binning_woe_categorical | assign_bins_from_category_groups:235 | INFO | 	Group 0: 4070 observations, Categories: ['-1']
2026-06-20 21:47:40,573 | [None] | mlops.auto_binning_woe_categorical | assign_bins_from_category_groups:235 | INFO | 	Group 1: 2535 observations, Categories: ['-2']
2026-06-20 21:47:40,573 | [None] | mlops.auto_binning_woe_categorical | assign_bins_from_category_groups:235 | INFO | 	Group 2: 10521 observations, Categories: ['0']
2026-06-20 21:47:40,574 | [None] | mlops.auto_binning_woe_categorical | assign_bins_from_category_groups:235 | INFO | 	Group 3: 24 observations, Categories: ['1']
2026-06-20 21:47:40,574 | [None] | mlops.auto_binning_woe_categorical | assign_bins_from_category_groups:235 | INFO | 	Group 4: 2626 observations, Categories: ['2']
2026-06-20 21:47:40,574 | [None] | mlops.auto_binning_woe_categorical | assign_bins_from_category_groups:235 | INFO | 	Group 5: 216 observations, Categories: ['3']
2026-06-20 21:47:40,574 | [None] | mlops.auto_binning_woe_categorical | assign_bins_from_category_groups:235 | INFO | 	Group 6: 65 observations, Categories: ['4']
2026-06-20 21:47:40,574 | [None] | mlops.auto_binning_woe_categorical | assign_bins_from_category_groups:235 | INFO | 	Group 7: 29 observations, Categories: ['5', '6']
2026-06-20 21:47:40,574 | [None] | mlops.auto_binning_woe_categorical | assign_bins_from_category_groups:235 | INFO | 	Group 8: 14 observations, Categories: ['7']
2026-06-20 21:47:40,574 | [None] | mlops.auto_binning_woe_categorical | auto_woe_binning_categorical:500 | INFO | STEP: 5 - Bins assigned based on current category groups.
2026-06-20 21:47:40,574 | [None] | mlops.auto_binning_woe_categorical | calculate_woe_iv_table_categorical:95 | INFO | Calculating WoE / IV table for categorical binning. bin_col='_bin'
2026-06-20 21:47:40,576 | [None] | mlops.auto_binning_woe_categorical | calculate_woe_iv_table_categorical:113 | INFO | Total good: 15654, Total bad: 4446
2026-06-20 21:47:40,578 | [None] | mlops.auto_binning_woe_categorical | calculate_woe_iv_table_categorical:145 | INFO | WoE / IV table calculated. Bin count=9, Total IV=0.562847
2026-06-20 21:47:40,578 | [None] | mlops.auto_binning_woe_categorical | auto_woe_binning_categorical:509 | INFO | STEP: 5 - WoE / IV summary table calculated.
2026-06-20 21:47:40,579 | [None] | mlops.auto_binning_woe_categorical | auto_woe_binning_categorical:513 | INFO | STEP: 5 - Summary table sorted by bad_rate.
2026-06-20 21:47:40,579 | [None] | mlops.auto_binning_woe_categorical | auto_woe_binning_categorical:518 | INFO | STEP: 5 - Current bin count=9, Current IV=0.562847
2026-06-20 21:47:40,580 | [None] | mlops.auto_binning_woe_categorical | auto_woe_binning_categorical:531 | INFO | STEP: 5 - RULES CHECK START
2026-06-20 21:47:40,581 | [None] | mlops.auto_binning_woe_categorical | auto_woe_binning_categorical:555 | INFO | Rule 1 triggered: small bin merge.
2026-06-20 21:47:40,581 | [None] | mlops.auto_binning_woe_categorical | auto_woe_binning_categorical:556 | INFO | STEP: 5 - Problem bin=8, Merge with bin=8
2026-06-20 21:47:40,581 | [None] | mlops.auto_binning_woe_categorical | merge_category_groups:270 | INFO | Merging category groups. Merging group 8 into group 8
2026-06-20 21:47:40,581 | [None] | mlops.auto_binning_woe_categorical | merge_category_groups:286 | INFO | Groups merged and renumbered. New group count=9
2026-06-20 21:47:40,581 | [None] | mlops.auto_binning_woe_categorical | auto_woe_binning_categorical:564 | INFO | STEP: 5 - Category groups merged based on Rule 1.
2026-06-20 21:47:40,581 | [None] | mlops.auto_binning_woe_categorical | auto_woe_binning_categorical:491 | INFO | --- Iteration 6 ---
2026-06-20 21:47:40,581 | [None] | mlops.auto_binning_woe_categorical | assign_bins_from_category_groups:226 | INFO | Assigning observations to category groups. Group count=9
2026-06-20 21:47:40,582 | [None] | mlops.auto_binning_woe_categorical | assign_bins_from_category_groups:231 | INFO | Observations assigned to groups:
2026-06-20 21:47:40,582 | [None] | mlops.auto_binning_woe_categorical | assign_bins_from_category_groups:235 | INFO | 	Group 0: 4070 observations, Categories: ['-1']
2026-06-20 21:47:40,582 | [None] | mlops.auto_binning_woe_categorical | assign_bins_from_category_groups:235 | INFO | 	Group 1: 2535 observations, Categories: ['-2']
2026-06-20 21:47:40,582 | [None] | mlops.auto_binning_woe_categorical | assign_bins_from_category_groups:235 | INFO | 	Group 2: 10521 observations, Categories: ['0']
2026-06-20 21:47:40,583 | [None] | mlops.auto_binning_woe_categorical | assign_bins_from_category_groups:235 | INFO | 	Group 3: 24 observations, Categories: ['1']
2026-06-20 21:47:40,583 | [None] | mlops.auto_binning_woe_categorical | assign_bins_from_category_groups:235 | INFO | 	Group 4: 2626 observations, Categories: ['2']
2026-06-20 21:47:40,583 | [None] | mlops.auto_binning_woe_categorical | assign_bins_from_category_groups:235 | INFO | 	Group 5: 216 observations, Categories: ['3']
2026-06-20 21:47:40,583 | [None] | mlops.auto_binning_woe_categorical | assign_bins_from_category_groups:235 | INFO | 	Group 6: 65 observations, Categories: ['4']
2026-06-20 21:47:40,583 | [None] | mlops.auto_binning_woe_categorical | assign_bins_from_category_groups:235 | INFO | 	Group 7: 29 observations, Categories: ['5', '6']
2026-06-20 21:47:40,584 | [None] | mlops.auto_binning_woe_categorical | assign_bins_from_category_groups:235 | INFO | 	Group 8: 14 observations, Categories: ['7']
2026-06-20 21:47:40,584 | [None] | mlops.auto_binning_woe_categorical | auto_woe_binning_categorical:500 | INFO | STEP: 6 - Bins assigned based on current category groups.
2026-06-20 21:47:40,584 | [None] | mlops.auto_binning_woe_categorical | calculate_woe_iv_table_categorical:95 | INFO | Calculating WoE / IV table for categorical binning. bin_col='_bin'
2026-06-20 21:47:40,586 | [None] | mlops.auto_binning_woe_categorical | calculate_woe_iv_table_categorical:113 | INFO | Total good: 15654, Total bad: 4446
2026-06-20 21:47:40,587 | [None] | mlops.auto_binning_woe_categorical | calculate_woe_iv_table_categorical:145 | INFO | WoE / IV table calculated. Bin count=9, Total IV=0.562847
2026-06-20 21:47:40,587 | [None] | mlops.auto_binning_woe_categorical | auto_woe_binning_categorical:509 | INFO | STEP: 6 - WoE / IV summary table calculated.
2026-06-20 21:47:40,588 | [None] | mlops.auto_binning_woe_categorical | auto_woe_binning_categorical:513 | INFO | STEP: 6 - Summary table sorted by bad_rate.
2026-06-20 21:47:40,588 | [None] | mlops.auto_binning_woe_categorical | auto_woe_binning_categorical:518 | INFO | STEP: 6 - Current bin count=9, Current IV=0.562847
2026-06-20 21:47:40,589 | [None] | mlops.auto_binning_woe_categorical | auto_woe_binning_categorical:531 | INFO | STEP: 6 - RULES CHECK START
2026-06-20 21:47:40,590 | [None] | mlops.auto_binning_woe_categorical | auto_woe_binning_categorical:555 | INFO | Rule 1 triggered: small bin merge.
2026-06-20 21:47:40,590 | [None] | mlops.auto_binning_woe_categorical | auto_woe_binning_categorical:556 | INFO | STEP: 6 - Problem bin=8, Merge with bin=8
2026-06-20 21:47:40,590 | [None] | mlops.auto_binning_woe_categorical | merge_category_groups:270 | INFO | Merging category groups. Merging group 8 into group 8
2026-06-20 21:47:40,590 | [None] | mlops.auto_binning_woe_categorical | merge_category_groups:286 | INFO | Groups merged and renumbered. New group count=9
2026-06-20 21:47:40,590 | [None] | mlops.auto_binning_woe_categorical | auto_woe_binning_categorical:564 | INFO | STEP: 6 - Category groups merged based on Rule 1.
2026-06-20 21:47:40,590 | [None] | mlops.auto_binning_woe_categorical | auto_woe_binning_categorical:491 | INFO | --- Iteration 7 ---
2026-06-20 21:47:40,590 | [None] | mlops.auto_binning_woe_categorical | assign_bins_from_category_groups:226 | INFO | Assigning observations to category groups. Group count=9
2026-06-20 21:47:40,591 | [None] | mlops.auto_binning_woe_categorical | assign_bins_from_category_groups:231 | INFO | Observations assigned to groups:
2026-06-20 21:47:40,591 | [None] | mlops.auto_binning_woe_categorical | assign_bins_from_category_groups:235 | INFO | 	Group 0: 4070 observations, Categories: ['-1']
2026-06-20 21:47:40,591 | [None] | mlops.auto_binning_woe_categorical | assign_bins_from_category_groups:235 | INFO | 	Group 1: 2535 observations, Categories: ['-2']
2026-06-20 21:47:40,591 | [None] | mlops.auto_binning_woe_categorical | assign_bins_from_category_groups:235 | INFO | 	Group 2: 10521 observations, Categories: ['0']
2026-06-20 21:47:40,591 | [None] | mlops.auto_binning_woe_categorical | assign_bins_from_category_groups:235 | INFO | 	Group 3: 24 observations, Categories: ['1']
2026-06-20 21:47:40,592 | [None] | mlops.auto_binning_woe_categorical | assign_bins_from_category_groups:235 | INFO | 	Group 4: 2626 observations, Categories: ['2']
2026-06-20 21:47:40,592 | [None] | mlops.auto_binning_woe_categorical | assign_bins_from_category_groups:235 | INFO | 	Group 5: 216 observations, Categories: ['3']
2026-06-20 21:47:40,592 | [None] | mlops.auto_binning_woe_categorical | assign_bins_from_category_groups:235 | INFO | 	Group 6: 65 observations, Categories: ['4']
2026-06-20 21:47:40,592 | [None] | mlops.auto_binning_woe_categorical | assign_bins_from_category_groups:235 | INFO | 	Group 7: 29 observations, Categories: ['5', '6']
2026-06-20 21:47:40,592 | [None] | mlops.auto_binning_woe_categorical | assign_bins_from_category_groups:235 | INFO | 	Group 8: 14 observations, Categories: ['7']
2026-06-20 21:47:40,592 | [None] | mlops.auto_binning_woe_categorical | auto_woe_binning_categorical:500 | INFO | STEP: 7 - Bins assigned based on current category groups.
2026-06-20 21:47:40,592 | [None] | mlops.auto_binning_woe_categorical | calculate_woe_iv_table_categorical:95 | INFO | Calculating WoE / IV table for categorical binning. bin_col='_bin'
2026-06-20 21:47:40,594 | [None] | mlops.auto_binning_woe_categorical | calculate_woe_iv_table_categorical:113 | INFO | Total good: 15654, Total bad: 4446
2026-06-20 21:47:40,596 | [None] | mlops.auto_binning_woe_categorical | calculate_woe_iv_table_categorical:145 | INFO | WoE / IV table calculated. Bin count=9, Total IV=0.562847
2026-06-20 21:47:40,596 | [None] | mlops.auto_binning_woe_categorical | auto_woe_binning_categorical:509 | INFO | STEP: 7 - WoE / IV summary table calculated.
2026-06-20 21:47:40,596 | [None] | mlops.auto_binning_woe_categorical | auto_woe_binning_categorical:513 | INFO | STEP: 7 - Summary table sorted by bad_rate.
2026-06-20 21:47:40,597 | [None] | mlops.auto_binning_woe_categorical | auto_woe_binning_categorical:518 | INFO | STEP: 7 - Current bin count=9, Current IV=0.562847
2026-06-20 21:47:40,597 | [None] | mlops.auto_binning_woe_categorical | auto_woe_binning_categorical:531 | INFO | STEP: 7 - RULES CHECK START
2026-06-20 21:47:40,598 | [None] | mlops.auto_binning_woe_categorical | auto_woe_binning_categorical:555 | INFO | Rule 1 triggered: small bin merge.
2026-06-20 21:47:40,598 | [None] | mlops.auto_binning_woe_categorical | auto_woe_binning_categorical:556 | INFO | STEP: 7 - Problem bin=8, Merge with bin=8
2026-06-20 21:47:40,598 | [None] | mlops.auto_binning_woe_categorical | merge_category_groups:270 | INFO | Merging category groups. Merging group 8 into group 8
2026-06-20 21:47:40,599 | [None] | mlops.auto_binning_woe_categorical | merge_category_groups:286 | INFO | Groups merged and renumbered. New group count=9
2026-06-20 21:47:40,599 | [None] | mlops.auto_binning_woe_categorical | auto_woe_binning_categorical:564 | INFO | STEP: 7 - Category groups merged based on Rule 1.
2026-06-20 21:47:40,599 | [None] | mlops.auto_binning_woe_categorical | auto_woe_binning_categorical:491 | INFO | --- Iteration 8 ---
2026-06-20 21:47:40,599 | [None] | mlops.auto_binning_woe_categorical | assign_bins_from_category_groups:226 | INFO | Assigning observations to category groups. Group count=9
2026-06-20 21:47:40,600 | [None] | mlops.auto_binning_woe_categorical | assign_bins_from_category_groups:231 | INFO | Observations assigned to groups:
2026-06-20 21:47:40,600 | [None] | mlops.auto_binning_woe_categorical | assign_bins_from_category_groups:235 | INFO | 	Group 0: 4070 observations, Categories: ['-1']
2026-06-20 21:47:40,600 | [None] | mlops.auto_binning_woe_categorical | assign_bins_from_category_groups:235 | INFO | 	Group 1: 2535 observations, Categories: ['-2']
2026-06-20 21:47:40,600 | [None] | mlops.auto_binning_woe_categorical | assign_bins_from_category_groups:235 | INFO | 	Group 2: 10521 observations, Categories: ['0']
2026-06-20 21:47:40,600 | [None] | mlops.auto_binning_woe_categorical | assign_bins_from_category_groups:235 | INFO | 	Group 3: 24 observations, Categories: ['1']
2026-06-20 21:47:40,601 | [None] | mlops.auto_binning_woe_categorical | assign_bins_from_category_groups:235 | INFO | 	Group 4: 2626 observations, Categories: ['2']
2026-06-20 21:47:40,601 | [None] | mlops.auto_binning_woe_categorical | assign_bins_from_category_groups:235 | INFO | 	Group 5: 216 observations, Categories: ['3']
2026-06-20 21:47:40,601 | [None] | mlops.auto_binning_woe_categorical | assign_bins_from_category_groups:235 | INFO | 	Group 6: 65 observations, Categories: ['4']
2026-06-20 21:47:40,601 | [None] | mlops.auto_binning_woe_categorical | assign_bins_from_category_groups:235 | INFO | 	Group 7: 29 observations, Categories: ['5', '6']
2026-06-20 21:47:40,601 | [None] | mlops.auto_binning_woe_categorical | assign_bins_from_category_groups:235 | INFO | 	Group 8: 14 observations, Categories: ['7']
2026-06-20 21:47:40,601 | [None] | mlops.auto_binning_woe_categorical | auto_woe_binning_categorical:500 | INFO | STEP: 8 - Bins assigned based on current category groups.
2026-06-20 21:47:40,601 | [None] | mlops.auto_binning_woe_categorical | calculate_woe_iv_table_categorical:95 | INFO | Calculating WoE / IV table for categorical binning. bin_col='_bin'
2026-06-20 21:47:40,603 | [None] | mlops.auto_binning_woe_categorical | calculate_woe_iv_table_categorical:113 | INFO | Total good: 15654, Total bad: 4446
2026-06-20 21:47:40,605 | [None] | mlops.auto_binning_woe_categorical | calculate_woe_iv_table_categorical:145 | INFO | WoE / IV table calculated. Bin count=9, Total IV=0.562847
2026-06-20 21:47:40,605 | [None] | mlops.auto_binning_woe_categorical | auto_woe_binning_categorical:509 | INFO | STEP: 8 - WoE / IV summary table calculated.
2026-06-20 21:47:40,605 | [None] | mlops.auto_binning_woe_categorical | auto_woe_binning_categorical:513 | INFO | STEP: 8 - Summary table sorted by bad_rate.
2026-06-20 21:47:40,605 | [None] | mlops.auto_binning_woe_categorical | auto_woe_binning_categorical:518 | INFO | STEP: 8 - Current bin count=9, Current IV=0.562847
2026-06-20 21:47:40,606 | [None] | mlops.auto_binning_woe_categorical | auto_woe_binning_categorical:531 | INFO | STEP: 8 - RULES CHECK START
2026-06-20 21:47:40,607 | [None] | mlops.auto_binning_woe_categorical | auto_woe_binning_categorical:555 | INFO | Rule 1 triggered: small bin merge.
2026-06-20 21:47:40,607 | [None] | mlops.auto_binning_woe_categorical | auto_woe_binning_categorical:556 | INFO | STEP: 8 - Problem bin=8, Merge with bin=8
2026-06-20 21:47:40,607 | [None] | mlops.auto_binning_woe_categorical | merge_category_groups:270 | INFO | Merging category groups. Merging group 8 into group 8
2026-06-20 21:47:40,607 | [None] | mlops.auto_binning_woe_categorical | merge_category_groups:286 | INFO | Groups merged and renumbered. New group count=9
2026-06-20 21:47:40,607 | [None] | mlops.auto_binning_woe_categorical | auto_woe_binning_categorical:564 | INFO | STEP: 8 - Category groups merged based on Rule 1.
2026-06-20 21:47:40,607 | [None] | mlops.auto_binning_woe_categorical | auto_woe_binning_categorical:491 | INFO | --- Iteration 9 ---
2026-06-20 21:47:40,607 | [None] | mlops.auto_binning_woe_categorical | assign_bins_from_category_groups:226 | INFO | Assigning observations to category groups. Group count=9
2026-06-20 21:47:40,608 | [None] | mlops.auto_binning_woe_categorical | assign_bins_from_category_groups:231 | INFO | Observations assigned to groups:
2026-06-20 21:47:40,608 | [None] | mlops.auto_binning_woe_categorical | assign_bins_from_category_groups:235 | INFO | 	Group 0: 4070 observations, Categories: ['-1']
2026-06-20 21:47:40,609 | [None] | mlops.auto_binning_woe_categorical | assign_bins_from_category_groups:235 | INFO | 	Group 1: 2535 observations, Categories: ['-2']
2026-06-20 21:47:40,609 | [None] | mlops.auto_binning_woe_categorical | assign_bins_from_category_groups:235 | INFO | 	Group 2: 10521 observations, Categories: ['0']
2026-06-20 21:47:40,609 | [None] | mlops.auto_binning_woe_categorical | assign_bins_from_category_groups:235 | INFO | 	Group 3: 24 observations, Categories: ['1']
2026-06-20 21:47:40,609 | [None] | mlops.auto_binning_woe_categorical | assign_bins_from_category_groups:235 | INFO | 	Group 4: 2626 observations, Categories: ['2']
2026-06-20 21:47:40,609 | [None] | mlops.auto_binning_woe_categorical | assign_bins_from_category_groups:235 | INFO | 	Group 5: 216 observations, Categories: ['3']
2026-06-20 21:47:40,609 | [None] | mlops.auto_binning_woe_categorical | assign_bins_from_category_groups:235 | INFO | 	Group 6: 65 observations, Categories: ['4']
2026-06-20 21:47:40,609 | [None] | mlops.auto_binning_woe_categorical | assign_bins_from_category_groups:235 | INFO | 	Group 7: 29 observations, Categories: ['5', '6']
2026-06-20 21:47:40,610 | [None] | mlops.auto_binning_woe_categorical | assign_bins_from_category_groups:235 | INFO | 	Group 8: 14 observations, Categories: ['7']
2026-06-20 21:47:40,610 | [None] | mlops.auto_binning_woe_categorical | auto_woe_binning_categorical:500 | INFO | STEP: 9 - Bins assigned based on current category groups.
2026-06-20 21:47:40,610 | [None] | mlops.auto_binning_woe_categorical | calculate_woe_iv_table_categorical:95 | INFO | Calculating WoE / IV table for categorical binning. bin_col='_bin'
2026-06-20 21:47:40,612 | [None] | mlops.auto_binning_woe_categorical | calculate_woe_iv_table_categorical:113 | INFO | Total good: 15654, Total bad: 4446
2026-06-20 21:47:40,613 | [None] | mlops.auto_binning_woe_categorical | calculate_woe_iv_table_categorical:145 | INFO | WoE / IV table calculated. Bin count=9, Total IV=0.562847
2026-06-20 21:47:40,614 | [None] | mlops.auto_binning_woe_categorical | auto_woe_binning_categorical:509 | INFO | STEP: 9 - WoE / IV summary table calculated.
2026-06-20 21:47:40,614 | [None] | mlops.auto_binning_woe_categorical | auto_woe_binning_categorical:513 | INFO | STEP: 9 - Summary table sorted by bad_rate.
2026-06-20 21:47:40,614 | [None] | mlops.auto_binning_woe_categorical | auto_woe_binning_categorical:518 | INFO | STEP: 9 - Current bin count=9, Current IV=0.562847
2026-06-20 21:47:40,615 | [None] | mlops.auto_binning_woe_categorical | auto_woe_binning_categorical:531 | INFO | STEP: 9 - RULES CHECK START
2026-06-20 21:47:40,616 | [None] | mlops.auto_binning_woe_categorical | auto_woe_binning_categorical:555 | INFO | Rule 1 triggered: small bin merge.
2026-06-20 21:47:40,616 | [None] | mlops.auto_binning_woe_categorical | auto_woe_binning_categorical:556 | INFO | STEP: 9 - Problem bin=8, Merge with bin=8
2026-06-20 21:47:40,616 | [None] | mlops.auto_binning_woe_categorical | merge_category_groups:270 | INFO | Merging category groups. Merging group 8 into group 8
2026-06-20 21:47:40,616 | [None] | mlops.auto_binning_woe_categorical | merge_category_groups:286 | INFO | Groups merged and renumbered. New group count=9
2026-06-20 21:47:40,616 | [None] | mlops.auto_binning_woe_categorical | auto_woe_binning_categorical:564 | INFO | STEP: 9 - Category groups merged based on Rule 1.
2026-06-20 21:47:40,616 | [None] | mlops.auto_binning_woe_categorical | auto_woe_binning_categorical:491 | INFO | --- Iteration 10 ---
2026-06-20 21:47:40,616 | [None] | mlops.auto_binning_woe_categorical | assign_bins_from_category_groups:226 | INFO | Assigning observations to category groups. Group count=9
2026-06-20 21:47:40,617 | [None] | mlops.auto_binning_woe_categorical | assign_bins_from_category_groups:231 | INFO | Observations assigned to groups:
2026-06-20 21:47:40,617 | [None] | mlops.auto_binning_woe_categorical | assign_bins_from_category_groups:235 | INFO | 	Group 0: 4070 observations, Categories: ['-1']
2026-06-20 21:47:40,618 | [None] | mlops.auto_binning_woe_categorical | assign_bins_from_category_groups:235 | INFO | 	Group 1: 2535 observations, Categories: ['-2']
2026-06-20 21:47:40,618 | [None] | mlops.auto_binning_woe_categorical | assign_bins_from_category_groups:235 | INFO | 	Group 2: 10521 observations, Categories: ['0']
2026-06-20 21:47:40,618 | [None] | mlops.auto_binning_woe_categorical | assign_bins_from_category_groups:235 | INFO | 	Group 3: 24 observations, Categories: ['1']
2026-06-20 21:47:40,618 | [None] | mlops.auto_binning_woe_categorical | assign_bins_from_category_groups:235 | INFO | 	Group 4: 2626 observations, Categories: ['2']
2026-06-20 21:47:40,618 | [None] | mlops.auto_binning_woe_categorical | assign_bins_from_category_groups:235 | INFO | 	Group 5: 216 observations, Categories: ['3']
2026-06-20 21:47:40,619 | [None] | mlops.auto_binning_woe_categorical | assign_bins_from_category_groups:235 | INFO | 	Group 6: 65 observations, Categories: ['4']
2026-06-20 21:47:40,619 | [None] | mlops.auto_binning_woe_categorical | assign_bins_from_category_groups:235 | INFO | 	Group 7: 29 observations, Categories: ['5', '6']
2026-06-20 21:47:40,619 | [None] | mlops.auto_binning_woe_categorical | assign_bins_from_category_groups:235 | INFO | 	Group 8: 14 observations, Categories: ['7']
2026-06-20 21:47:40,619 | [None] | mlops.auto_binning_woe_categorical | auto_woe_binning_categorical:500 | INFO | STEP: 10 - Bins assigned based on current category groups.
2026-06-20 21:47:40,619 | [None] | mlops.auto_binning_woe_categorical | calculate_woe_iv_table_categorical:95 | INFO | Calculating WoE / IV table for categorical binning. bin_col='_bin'
2026-06-20 21:47:40,621 | [None] | mlops.auto_binning_woe_categorical | calculate_woe_iv_table_categorical:113 | INFO | Total good: 15654, Total bad: 4446
2026-06-20 21:47:40,622 | [None] | mlops.auto_binning_woe_categorical | calculate_woe_iv_table_categorical:145 | INFO | WoE / IV table calculated. Bin count=9, Total IV=0.562847
2026-06-20 21:47:40,622 | [None] | mlops.auto_binning_woe_categorical | auto_woe_binning_categorical:509 | INFO | STEP: 10 - WoE / IV summary table calculated.
2026-06-20 21:47:40,623 | [None] | mlops.auto_binning_woe_categorical | auto_woe_binning_categorical:513 | INFO | STEP: 10 - Summary table sorted by bad_rate.
2026-06-20 21:47:40,623 | [None] | mlops.auto_binning_woe_categorical | auto_woe_binning_categorical:518 | INFO | STEP: 10 - Current bin count=9, Current IV=0.562847
2026-06-20 21:47:40,624 | [None] | mlops.auto_binning_woe_categorical | auto_woe_binning_categorical:531 | INFO | STEP: 10 - RULES CHECK START
2026-06-20 21:47:40,625 | [None] | mlops.auto_binning_woe_categorical | auto_woe_binning_categorical:555 | INFO | Rule 1 triggered: small bin merge.
2026-06-20 21:47:40,625 | [None] | mlops.auto_binning_woe_categorical | auto_woe_binning_categorical:556 | INFO | STEP: 10 - Problem bin=8, Merge with bin=8
2026-06-20 21:47:40,625 | [None] | mlops.auto_binning_woe_categorical | merge_category_groups:270 | INFO | Merging category groups. Merging group 8 into group 8
2026-06-20 21:47:40,625 | [None] | mlops.auto_binning_woe_categorical | merge_category_groups:286 | INFO | Groups merged and renumbered. New group count=9
2026-06-20 21:47:40,625 | [None] | mlops.auto_binning_woe_categorical | auto_woe_binning_categorical:564 | INFO | STEP: 10 - Category groups merged based on Rule 1.
2026-06-20 21:47:40,625 | [None] | mlops.auto_binning_woe_categorical | auto_woe_binning_categorical:491 | INFO | --- Iteration 11 ---
2026-06-20 21:47:40,625 | [None] | mlops.auto_binning_woe_categorical | assign_bins_from_category_groups:226 | INFO | Assigning observations to category groups. Group count=9
2026-06-20 21:47:40,626 | [None] | mlops.auto_binning_woe_categorical | assign_bins_from_category_groups:231 | INFO | Observations assigned to groups:
2026-06-20 21:47:40,626 | [None] | mlops.auto_binning_woe_categorical | assign_bins_from_category_groups:235 | INFO | 	Group 0: 4070 observations, Categories: ['-1']
2026-06-20 21:47:40,627 | [None] | mlops.auto_binning_woe_categorical | assign_bins_from_category_groups:235 | INFO | 	Group 1: 2535 observations, Categories: ['-2']
2026-06-20 21:47:40,627 | [None] | mlops.auto_binning_woe_categorical | assign_bins_from_category_groups:235 | INFO | 	Group 2: 10521 observations, Categories: ['0']
2026-06-20 21:47:40,627 | [None] | mlops.auto_binning_woe_categorical | assign_bins_from_category_groups:235 | INFO | 	Group 3: 24 observations, Categories: ['1']
2026-06-20 21:47:40,628 | [None] | mlops.auto_binning_woe_categorical | assign_bins_from_category_groups:235 | INFO | 	Group 4: 2626 observations, Categories: ['2']
2026-06-20 21:47:40,628 | [None] | mlops.auto_binning_woe_categorical | assign_bins_from_category_groups:235 | INFO | 	Group 5: 216 observations, Categories: ['3']
2026-06-20 21:47:40,628 | [None] | mlops.auto_binning_woe_categorical | assign_bins_from_category_groups:235 | INFO | 	Group 6: 65 observations, Categories: ['4']
2026-06-20 21:47:40,628 | [None] | mlops.auto_binning_woe_categorical | assign_bins_from_category_groups:235 | INFO | 	Group 7: 29 observations, Categories: ['5', '6']
2026-06-20 21:47:40,628 | [None] | mlops.auto_binning_woe_categorical | assign_bins_from_category_groups:235 | INFO | 	Group 8: 14 observations, Categories: ['7']
2026-06-20 21:47:40,628 | [None] | mlops.auto_binning_woe_categorical | auto_woe_binning_categorical:500 | INFO | STEP: 11 - Bins assigned based on current category groups.
2026-06-20 21:47:40,628 | [None] | mlops.auto_binning_woe_categorical | calculate_woe_iv_table_categorical:95 | INFO | Calculating WoE / IV table for categorical binning. bin_col='_bin'
2026-06-20 21:47:40,630 | [None] | mlops.auto_binning_woe_categorical | calculate_woe_iv_table_categorical:113 | INFO | Total good: 15654, Total bad: 4446
2026-06-20 21:47:40,632 | [None] | mlops.auto_binning_woe_categorical | calculate_woe_iv_table_categorical:145 | INFO | WoE / IV table calculated. Bin count=9, Total IV=0.562847
2026-06-20 21:47:40,632 | [None] | mlops.auto_binning_woe_categorical | auto_woe_binning_categorical:509 | INFO | STEP: 11 - WoE / IV summary table calculated.
2026-06-20 21:47:40,633 | [None] | mlops.auto_binning_woe_categorical | auto_woe_binning_categorical:513 | INFO | STEP: 11 - Summary table sorted by bad_rate.
2026-06-20 21:47:40,633 | [None] | mlops.auto_binning_woe_categorical | auto_woe_binning_categorical:518 | INFO | STEP: 11 - Current bin count=9, Current IV=0.562847
2026-06-20 21:47:40,634 | [None] | mlops.auto_binning_woe_categorical | auto_woe_binning_categorical:531 | INFO | STEP: 11 - RULES CHECK START
2026-06-20 21:47:40,635 | [None] | mlops.auto_binning_woe_categorical | auto_woe_binning_categorical:555 | INFO | Rule 1 triggered: small bin merge.
2026-06-20 21:47:40,635 | [None] | mlops.auto_binning_woe_categorical | auto_woe_binning_categorical:556 | INFO | STEP: 11 - Problem bin=8, Merge with bin=8
2026-06-20 21:47:40,635 | [None] | mlops.auto_binning_woe_categorical | merge_category_groups:270 | INFO | Merging category groups. Merging group 8 into group 8
2026-06-20 21:47:40,635 | [None] | mlops.auto_binning_woe_categorical | merge_category_groups:286 | INFO | Groups merged and renumbered. New group count=9
2026-06-20 21:47:40,635 | [None] | mlops.auto_binning_woe_categorical | auto_woe_binning_categorical:564 | INFO | STEP: 11 - Category groups merged based on Rule 1.
2026-06-20 21:47:40,635 | [None] | mlops.auto_binning_woe_categorical | auto_woe_binning_categorical:491 | INFO | --- Iteration 12 ---
2026-06-20 21:47:40,635 | [None] | mlops.auto_binning_woe_categorical | assign_bins_from_category_groups:226 | INFO | Assigning observations to category groups. Group count=9
2026-06-20 21:47:40,636 | [None] | mlops.auto_binning_woe_categorical | assign_bins_from_category_groups:231 | INFO | Observations assigned to groups:
2026-06-20 21:47:40,636 | [None] | mlops.auto_binning_woe_categorical | assign_bins_from_category_groups:235 | INFO | 	Group 0: 4070 observations, Categories: ['-1']
2026-06-20 21:47:40,636 | [None] | mlops.auto_binning_woe_categorical | assign_bins_from_category_groups:235 | INFO | 	Group 1: 2535 observations, Categories: ['-2']
2026-06-20 21:47:40,636 | [None] | mlops.auto_binning_woe_categorical | assign_bins_from_category_groups:235 | INFO | 	Group 2: 10521 observations, Categories: ['0']
2026-06-20 21:47:40,636 | [None] | mlops.auto_binning_woe_categorical | assign_bins_from_category_groups:235 | INFO | 	Group 3: 24 observations, Categories: ['1']
2026-06-20 21:47:40,637 | [None] | mlops.auto_binning_woe_categorical | assign_bins_from_category_groups:235 | INFO | 	Group 4: 2626 observations, Categories: ['2']
2026-06-20 21:47:40,637 | [None] | mlops.auto_binning_woe_categorical | assign_bins_from_category_groups:235 | INFO | 	Group 5: 216 observations, Categories: ['3']
2026-06-20 21:47:40,637 | [None] | mlops.auto_binning_woe_categorical | assign_bins_from_category_groups:235 | INFO | 	Group 6: 65 observations, Categories: ['4']
2026-06-20 21:47:40,637 | [None] | mlops.auto_binning_woe_categorical | assign_bins_from_category_groups:235 | INFO | 	Group 7: 29 observations, Categories: ['5', '6']
2026-06-20 21:47:40,637 | [None] | mlops.auto_binning_woe_categorical | assign_bins_from_category_groups:235 | INFO | 	Group 8: 14 observations, Categories: ['7']
2026-06-20 21:47:40,637 | [None] | mlops.auto_binning_woe_categorical | auto_woe_binning_categorical:500 | INFO | STEP: 12 - Bins assigned based on current category groups.
2026-06-20 21:47:40,637 | [None] | mlops.auto_binning_woe_categorical | calculate_woe_iv_table_categorical:95 | INFO | Calculating WoE / IV table for categorical binning. bin_col='_bin'
2026-06-20 21:47:40,639 | [None] | mlops.auto_binning_woe_categorical | calculate_woe_iv_table_categorical:113 | INFO | Total good: 15654, Total bad: 4446
2026-06-20 21:47:40,641 | [None] | mlops.auto_binning_woe_categorical | calculate_woe_iv_table_categorical:145 | INFO | WoE / IV table calculated. Bin count=9, Total IV=0.562847
2026-06-20 21:47:40,641 | [None] | mlops.auto_binning_woe_categorical | auto_woe_binning_categorical:509 | INFO | STEP: 12 - WoE / IV summary table calculated.
2026-06-20 21:47:40,642 | [None] | mlops.auto_binning_woe_categorical | auto_woe_binning_categorical:513 | INFO | STEP: 12 - Summary table sorted by bad_rate.
2026-06-20 21:47:40,642 | [None] | mlops.auto_binning_woe_categorical | auto_woe_binning_categorical:518 | INFO | STEP: 12 - Current bin count=9, Current IV=0.562847
2026-06-20 21:47:40,643 | [None] | mlops.auto_binning_woe_categorical | auto_woe_binning_categorical:531 | INFO | STEP: 12 - RULES CHECK START
2026-06-20 21:47:40,644 | [None] | mlops.auto_binning_woe_categorical | auto_woe_binning_categorical:555 | INFO | Rule 1 triggered: small bin merge.
2026-06-20 21:47:40,644 | [None] | mlops.auto_binning_woe_categorical | auto_woe_binning_categorical:556 | INFO | STEP: 12 - Problem bin=8, Merge with bin=8
2026-06-20 21:47:40,644 | [None] | mlops.auto_binning_woe_categorical | merge_category_groups:270 | INFO | Merging category groups. Merging group 8 into group 8
2026-06-20 21:47:40,644 | [None] | mlops.auto_binning_woe_categorical | merge_category_groups:286 | INFO | Groups merged and renumbered. New group count=9
2026-06-20 21:47:40,644 | [None] | mlops.auto_binning_woe_categorical | auto_woe_binning_categorical:564 | INFO | STEP: 12 - Category groups merged based on Rule 1.
2026-06-20 21:47:40,644 | [None] | mlops.auto_binning_woe_categorical | auto_woe_binning_categorical:491 | INFO | --- Iteration 13 ---
2026-06-20 21:47:40,644 | [None] | mlops.auto_binning_woe_categorical | assign_bins_from_category_groups:226 | INFO | Assigning observations to category groups. Group count=9
2026-06-20 21:47:40,645 | [None] | mlops.auto_binning_woe_categorical | assign_bins_from_category_groups:231 | INFO | Observations assigned to groups:
2026-06-20 21:47:40,645 | [None] | mlops.auto_binning_woe_categorical | assign_bins_from_category_groups:235 | INFO | 	Group 0: 4070 observations, Categories: ['-1']
2026-06-20 21:47:40,645 | [None] | mlops.auto_binning_woe_categorical | assign_bins_from_category_groups:235 | INFO | 	Group 1: 2535 observations, Categories: ['-2']
2026-06-20 21:47:40,646 | [None] | mlops.auto_binning_woe_categorical | assign_bins_from_category_groups:235 | INFO | 	Group 2: 10521 observations, Categories: ['0']
2026-06-20 21:47:40,646 | [None] | mlops.auto_binning_woe_categorical | assign_bins_from_category_groups:235 | INFO | 	Group 3: 24 observations, Categories: ['1']
2026-06-20 21:47:40,646 | [None] | mlops.auto_binning_woe_categorical | assign_bins_from_category_groups:235 | INFO | 	Group 4: 2626 observations, Categories: ['2']
2026-06-20 21:47:40,646 | [None] | mlops.auto_binning_woe_categorical | assign_bins_from_category_groups:235 | INFO | 	Group 5: 216 observations, Categories: ['3']
2026-06-20 21:47:40,646 | [None] | mlops.auto_binning_woe_categorical | assign_bins_from_category_groups:235 | INFO | 	Group 6: 65 observations, Categories: ['4']
2026-06-20 21:47:40,646 | [None] | mlops.auto_binning_woe_categorical | assign_bins_from_category_groups:235 | INFO | 	Group 7: 29 observations, Categories: ['5', '6']
2026-06-20 21:47:40,646 | [None] | mlops.auto_binning_woe_categorical | assign_bins_from_category_groups:235 | INFO | 	Group 8: 14 observations, Categories: ['7']
2026-06-20 21:47:40,646 | [None] | mlops.auto_binning_woe_categorical | auto_woe_binning_categorical:500 | INFO | STEP: 13 - Bins assigned based on current category groups.
2026-06-20 21:47:40,647 | [None] | mlops.auto_binning_woe_categorical | calculate_woe_iv_table_categorical:95 | INFO | Calculating WoE / IV table for categorical binning. bin_col='_bin'
2026-06-20 21:47:40,649 | [None] | mlops.auto_binning_woe_categorical | calculate_woe_iv_table_categorical:113 | INFO | Total good: 15654, Total bad: 4446
2026-06-20 21:47:40,651 | [None] | mlops.auto_binning_woe_categorical | calculate_woe_iv_table_categorical:145 | INFO | WoE / IV table calculated. Bin count=9, Total IV=0.562847
2026-06-20 21:47:40,651 | [None] | mlops.auto_binning_woe_categorical | auto_woe_binning_categorical:509 | INFO | STEP: 13 - WoE / IV summary table calculated.
2026-06-20 21:47:40,651 | [None] | mlops.auto_binning_woe_categorical | auto_woe_binning_categorical:513 | INFO | STEP: 13 - Summary table sorted by bad_rate.
2026-06-20 21:47:40,651 | [None] | mlops.auto_binning_woe_categorical | auto_woe_binning_categorical:518 | INFO | STEP: 13 - Current bin count=9, Current IV=0.562847
2026-06-20 21:47:40,652 | [None] | mlops.auto_binning_woe_categorical | auto_woe_binning_categorical:531 | INFO | STEP: 13 - RULES CHECK START
2026-06-20 21:47:40,653 | [None] | mlops.auto_binning_woe_categorical | auto_woe_binning_categorical:555 | INFO | Rule 1 triggered: small bin merge.
2026-06-20 21:47:40,653 | [None] | mlops.auto_binning_woe_categorical | auto_woe_binning_categorical:556 | INFO | STEP: 13 - Problem bin=8, Merge with bin=8
2026-06-20 21:47:40,653 | [None] | mlops.auto_binning_woe_categorical | merge_category_groups:270 | INFO | Merging category groups. Merging group 8 into group 8
2026-06-20 21:47:40,654 | [None] | mlops.auto_binning_woe_categorical | merge_category_groups:286 | INFO | Groups merged and renumbered. New group count=9
2026-06-20 21:47:40,654 | [None] | mlops.auto_binning_woe_categorical | auto_woe_binning_categorical:564 | INFO | STEP: 13 - Category groups merged based on Rule 1.
2026-06-20 21:47:40,654 | [None] | mlops.auto_binning_woe_categorical | auto_woe_binning_categorical:491 | INFO | --- Iteration 14 ---
2026-06-20 21:47:40,654 | [None] | mlops.auto_binning_woe_categorical | assign_bins_from_category_groups:226 | INFO | Assigning observations to category groups. Group count=9
2026-06-20 21:47:40,655 | [None] | mlops.auto_binning_woe_categorical | assign_bins_from_category_groups:231 | INFO | Observations assigned to groups:
2026-06-20 21:47:40,655 | [None] | mlops.auto_binning_woe_categorical | assign_bins_from_category_groups:235 | INFO | 	Group 0: 4070 observations, Categories: ['-1']
2026-06-20 21:47:40,655 | [None] | mlops.auto_binning_woe_categorical | assign_bins_from_category_groups:235 | INFO | 	Group 1: 2535 observations, Categories: ['-2']
2026-06-20 21:47:40,655 | [None] | mlops.auto_binning_woe_categorical | assign_bins_from_category_groups:235 | INFO | 	Group 2: 10521 observations, Categories: ['0']
2026-06-20 21:47:40,656 | [None] | mlops.auto_binning_woe_categorical | assign_bins_from_category_groups:235 | INFO | 	Group 3: 24 observations, Categories: ['1']
2026-06-20 21:47:40,656 | [None] | mlops.auto_binning_woe_categorical | assign_bins_from_category_groups:235 | INFO | 	Group 4: 2626 observations, Categories: ['2']
2026-06-20 21:47:40,656 | [None] | mlops.auto_binning_woe_categorical | assign_bins_from_category_groups:235 | INFO | 	Group 5: 216 observations, Categories: ['3']
2026-06-20 21:47:40,656 | [None] | mlops.auto_binning_woe_categorical | assign_bins_from_category_groups:235 | INFO | 	Group 6: 65 observations, Categories: ['4']
2026-06-20 21:47:40,656 | [None] | mlops.auto_binning_woe_categorical | assign_bins_from_category_groups:235 | INFO | 	Group 7: 29 observations, Categories: ['5', '6']
2026-06-20 21:47:40,656 | [None] | mlops.auto_binning_woe_categorical | assign_bins_from_category_groups:235 | INFO | 	Group 8: 14 observations, Categories: ['7']
2026-06-20 21:47:40,657 | [None] | mlops.auto_binning_woe_categorical | auto_woe_binning_categorical:500 | INFO | STEP: 14 - Bins assigned based on current category groups.
2026-06-20 21:47:40,657 | [None] | mlops.auto_binning_woe_categorical | calculate_woe_iv_table_categorical:95 | INFO | Calculating WoE / IV table for categorical binning. bin_col='_bin'
2026-06-20 21:47:40,659 | [None] | mlops.auto_binning_woe_categorical | calculate_woe_iv_table_categorical:113 | INFO | Total good: 15654, Total bad: 4446
2026-06-20 21:47:40,661 | [None] | mlops.auto_binning_woe_categorical | calculate_woe_iv_table_categorical:145 | INFO | WoE / IV table calculated. Bin count=9, Total IV=0.562847
2026-06-20 21:47:40,661 | [None] | mlops.auto_binning_woe_categorical | auto_woe_binning_categorical:509 | INFO | STEP: 14 - WoE / IV summary table calculated.
2026-06-20 21:47:40,661 | [None] | mlops.auto_binning_woe_categorical | auto_woe_binning_categorical:513 | INFO | STEP: 14 - Summary table sorted by bad_rate.
2026-06-20 21:47:40,661 | [None] | mlops.auto_binning_woe_categorical | auto_woe_binning_categorical:518 | INFO | STEP: 14 - Current bin count=9, Current IV=0.562847
2026-06-20 21:47:40,662 | [None] | mlops.auto_binning_woe_categorical | auto_woe_binning_categorical:531 | INFO | STEP: 14 - RULES CHECK START
2026-06-20 21:47:40,663 | [None] | mlops.auto_binning_woe_categorical | auto_woe_binning_categorical:555 | INFO | Rule 1 triggered: small bin merge.
2026-06-20 21:47:40,663 | [None] | mlops.auto_binning_woe_categorical | auto_woe_binning_categorical:556 | INFO | STEP: 14 - Problem bin=8, Merge with bin=8
2026-06-20 21:47:40,664 | [None] | mlops.auto_binning_woe_categorical | merge_category_groups:270 | INFO | Merging category groups. Merging group 8 into group 8
2026-06-20 21:47:40,664 | [None] | mlops.auto_binning_woe_categorical | merge_category_groups:286 | INFO | Groups merged and renumbered. New group count=9
2026-06-20 21:47:40,664 | [None] | mlops.auto_binning_woe_categorical | auto_woe_binning_categorical:564 | INFO | STEP: 14 - Category groups merged based on Rule 1.
2026-06-20 21:47:40,664 | [None] | mlops.auto_binning_woe_categorical | auto_woe_binning_categorical:491 | INFO | --- Iteration 15 ---
2026-06-20 21:47:40,664 | [None] | mlops.auto_binning_woe_categorical | assign_bins_from_category_groups:226 | INFO | Assigning observations to category groups. Group count=9
2026-06-20 21:47:40,665 | [None] | mlops.auto_binning_woe_categorical | assign_bins_from_category_groups:231 | INFO | Observations assigned to groups:
2026-06-20 21:47:40,665 | [None] | mlops.auto_binning_woe_categorical | assign_bins_from_category_groups:235 | INFO | 	Group 0: 4070 observations, Categories: ['-1']
2026-06-20 21:47:40,665 | [None] | mlops.auto_binning_woe_categorical | assign_bins_from_category_groups:235 | INFO | 	Group 1: 2535 observations, Categories: ['-2']
2026-06-20 21:47:40,665 | [None] | mlops.auto_binning_woe_categorical | assign_bins_from_category_groups:235 | INFO | 	Group 2: 10521 observations, Categories: ['0']
2026-06-20 21:47:40,665 | [None] | mlops.auto_binning_woe_categorical | assign_bins_from_category_groups:235 | INFO | 	Group 3: 24 observations, Categories: ['1']
2026-06-20 21:47:40,665 | [None] | mlops.auto_binning_woe_categorical | assign_bins_from_category_groups:235 | INFO | 	Group 4: 2626 observations, Categories: ['2']
2026-06-20 21:47:40,666 | [None] | mlops.auto_binning_woe_categorical | assign_bins_from_category_groups:235 | INFO | 	Group 5: 216 observations, Categories: ['3']
2026-06-20 21:47:40,666 | [None] | mlops.auto_binning_woe_categorical | assign_bins_from_category_groups:235 | INFO | 	Group 6: 65 observations, Categories: ['4']
2026-06-20 21:47:40,666 | [None] | mlops.auto_binning_woe_categorical | assign_bins_from_category_groups:235 | INFO | 	Group 7: 29 observations, Categories: ['5', '6']
2026-06-20 21:47:40,666 | [None] | mlops.auto_binning_woe_categorical | assign_bins_from_category_groups:235 | INFO | 	Group 8: 14 observations, Categories: ['7']
2026-06-20 21:47:40,666 | [None] | mlops.auto_binning_woe_categorical | auto_woe_binning_categorical:500 | INFO | STEP: 15 - Bins assigned based on current category groups.
2026-06-20 21:47:40,666 | [None] | mlops.auto_binning_woe_categorical | calculate_woe_iv_table_categorical:95 | INFO | Calculating WoE / IV table for categorical binning. bin_col='_bin'
2026-06-20 21:47:40,668 | [None] | mlops.auto_binning_woe_categorical | calculate_woe_iv_table_categorical:113 | INFO | Total good: 15654, Total bad: 4446
2026-06-20 21:47:40,670 | [None] | mlops.auto_binning_woe_categorical | calculate_woe_iv_table_categorical:145 | INFO | WoE / IV table calculated. Bin count=9, Total IV=0.562847
2026-06-20 21:47:40,670 | [None] | mlops.auto_binning_woe_categorical | auto_woe_binning_categorical:509 | INFO | STEP: 15 - WoE / IV summary table calculated.
2026-06-20 21:47:40,670 | [None] | mlops.auto_binning_woe_categorical | auto_woe_binning_categorical:513 | INFO | STEP: 15 - Summary table sorted by bad_rate.
2026-06-20 21:47:40,670 | [None] | mlops.auto_binning_woe_categorical | auto_woe_binning_categorical:518 | INFO | STEP: 15 - Current bin count=9, Current IV=0.562847
2026-06-20 21:47:40,671 | [None] | mlops.auto_binning_woe_categorical | auto_woe_binning_categorical:531 | INFO | STEP: 15 - RULES CHECK START
2026-06-20 21:47:40,672 | [None] | mlops.auto_binning_woe_categorical | auto_woe_binning_categorical:555 | INFO | Rule 1 triggered: small bin merge.
2026-06-20 21:47:40,672 | [None] | mlops.auto_binning_woe_categorical | auto_woe_binning_categorical:556 | INFO | STEP: 15 - Problem bin=8, Merge with bin=8
2026-06-20 21:47:40,672 | [None] | mlops.auto_binning_woe_categorical | merge_category_groups:270 | INFO | Merging category groups. Merging group 8 into group 8
2026-06-20 21:47:40,672 | [None] | mlops.auto_binning_woe_categorical | merge_category_groups:286 | INFO | Groups merged and renumbered. New group count=9
2026-06-20 21:47:40,672 | [None] | mlops.auto_binning_woe_categorical | auto_woe_binning_categorical:564 | INFO | STEP: 15 - Category groups merged based on Rule 1.
2026-06-20 21:47:40,672 | [None] | mlops.auto_binning_woe_categorical | auto_woe_binning_categorical:491 | INFO | --- Iteration 16 ---
2026-06-20 21:47:40,672 | [None] | mlops.auto_binning_woe_categorical | assign_bins_from_category_groups:226 | INFO | Assigning observations to category groups. Group count=9
2026-06-20 21:47:40,673 | [None] | mlops.auto_binning_woe_categorical | assign_bins_from_category_groups:231 | INFO | Observations assigned to groups:
2026-06-20 21:47:40,673 | [None] | mlops.auto_binning_woe_categorical | assign_bins_from_category_groups:235 | INFO | 	Group 0: 4070 observations, Categories: ['-1']
2026-06-20 21:47:40,674 | [None] | mlops.auto_binning_woe_categorical | assign_bins_from_category_groups:235 | INFO | 	Group 1: 2535 observations, Categories: ['-2']
2026-06-20 21:47:40,674 | [None] | mlops.auto_binning_woe_categorical | assign_bins_from_category_groups:235 | INFO | 	Group 2: 10521 observations, Categories: ['0']
2026-06-20 21:47:40,674 | [None] | mlops.auto_binning_woe_categorical | assign_bins_from_category_groups:235 | INFO | 	Group 3: 24 observations, Categories: ['1']
2026-06-20 21:47:40,674 | [None] | mlops.auto_binning_woe_categorical | assign_bins_from_category_groups:235 | INFO | 	Group 4: 2626 observations, Categories: ['2']
2026-06-20 21:47:40,674 | [None] | mlops.auto_binning_woe_categorical | assign_bins_from_category_groups:235 | INFO | 	Group 5: 216 observations, Categories: ['3']
2026-06-20 21:47:40,674 | [None] | mlops.auto_binning_woe_categorical | assign_bins_from_category_groups:235 | INFO | 	Group 6: 65 observations, Categories: ['4']
2026-06-20 21:47:40,675 | [None] | mlops.auto_binning_woe_categorical | assign_bins_from_category_groups:235 | INFO | 	Group 7: 29 observations, Categories: ['5', '6']
2026-06-20 21:47:40,675 | [None] | mlops.auto_binning_woe_categorical | assign_bins_from_category_groups:235 | INFO | 	Group 8: 14 observations, Categories: ['7']
2026-06-20 21:47:40,675 | [None] | mlops.auto_binning_woe_categorical | auto_woe_binning_categorical:500 | INFO | STEP: 16 - Bins assigned based on current category groups.
2026-06-20 21:47:40,675 | [None] | mlops.auto_binning_woe_categorical | calculate_woe_iv_table_categorical:95 | INFO | Calculating WoE / IV table for categorical binning. bin_col='_bin'
2026-06-20 21:47:40,677 | [None] | mlops.auto_binning_woe_categorical | calculate_woe_iv_table_categorical:113 | INFO | Total good: 15654, Total bad: 4446
2026-06-20 21:47:40,679 | [None] | mlops.auto_binning_woe_categorical | calculate_woe_iv_table_categorical:145 | INFO | WoE / IV table calculated. Bin count=9, Total IV=0.562847
2026-06-20 21:47:40,679 | [None] | mlops.auto_binning_woe_categorical | auto_woe_binning_categorical:509 | INFO | STEP: 16 - WoE / IV summary table calculated.
2026-06-20 21:47:40,679 | [None] | mlops.auto_binning_woe_categorical | auto_woe_binning_categorical:513 | INFO | STEP: 16 - Summary table sorted by bad_rate.
2026-06-20 21:47:40,679 | [None] | mlops.auto_binning_woe_categorical | auto_woe_binning_categorical:518 | INFO | STEP: 16 - Current bin count=9, Current IV=0.562847
2026-06-20 21:47:40,680 | [None] | mlops.auto_binning_woe_categorical | auto_woe_binning_categorical:531 | INFO | STEP: 16 - RULES CHECK START
2026-06-20 21:47:40,681 | [None] | mlops.auto_binning_woe_categorical | auto_woe_binning_categorical:555 | INFO | Rule 1 triggered: small bin merge.
2026-06-20 21:47:40,681 | [None] | mlops.auto_binning_woe_categorical | auto_woe_binning_categorical:556 | INFO | STEP: 16 - Problem bin=8, Merge with bin=8
2026-06-20 21:47:40,681 | [None] | mlops.auto_binning_woe_categorical | merge_category_groups:270 | INFO | Merging category groups. Merging group 8 into group 8
2026-06-20 21:47:40,681 | [None] | mlops.auto_binning_woe_categorical | merge_category_groups:286 | INFO | Groups merged and renumbered. New group count=9
2026-06-20 21:47:40,681 | [None] | mlops.auto_binning_woe_categorical | auto_woe_binning_categorical:564 | INFO | STEP: 16 - Category groups merged based on Rule 1.
2026-06-20 21:47:40,681 | [None] | mlops.auto_binning_woe_categorical | auto_woe_binning_categorical:491 | INFO | --- Iteration 17 ---
2026-06-20 21:47:40,681 | [None] | mlops.auto_binning_woe_categorical | assign_bins_from_category_groups:226 | INFO | Assigning observations to category groups. Group count=9
2026-06-20 21:47:40,682 | [None] | mlops.auto_binning_woe_categorical | assign_bins_from_category_groups:231 | INFO | Observations assigned to groups:
2026-06-20 21:47:40,683 | [None] | mlops.auto_binning_woe_categorical | assign_bins_from_category_groups:235 | INFO | 	Group 0: 4070 observations, Categories: ['-1']
2026-06-20 21:47:40,683 | [None] | mlops.auto_binning_woe_categorical | assign_bins_from_category_groups:235 | INFO | 	Group 1: 2535 observations, Categories: ['-2']
2026-06-20 21:47:40,683 | [None] | mlops.auto_binning_woe_categorical | assign_bins_from_category_groups:235 | INFO | 	Group 2: 10521 observations, Categories: ['0']
2026-06-20 21:47:40,683 | [None] | mlops.auto_binning_woe_categorical | assign_bins_from_category_groups:235 | INFO | 	Group 3: 24 observations, Categories: ['1']
2026-06-20 21:47:40,683 | [None] | mlops.auto_binning_woe_categorical | assign_bins_from_category_groups:235 | INFO | 	Group 4: 2626 observations, Categories: ['2']
2026-06-20 21:47:40,683 | [None] | mlops.auto_binning_woe_categorical | assign_bins_from_category_groups:235 | INFO | 	Group 5: 216 observations, Categories: ['3']
2026-06-20 21:47:40,683 | [None] | mlops.auto_binning_woe_categorical | assign_bins_from_category_groups:235 | INFO | 	Group 6: 65 observations, Categories: ['4']
2026-06-20 21:47:40,684 | [None] | mlops.auto_binning_woe_categorical | assign_bins_from_category_groups:235 | INFO | 	Group 7: 29 observations, Categories: ['5', '6']
2026-06-20 21:47:40,684 | [None] | mlops.auto_binning_woe_categorical | assign_bins_from_category_groups:235 | INFO | 	Group 8: 14 observations, Categories: ['7']
2026-06-20 21:47:40,684 | [None] | mlops.auto_binning_woe_categorical | auto_woe_binning_categorical:500 | INFO | STEP: 17 - Bins assigned based on current category groups.
2026-06-20 21:47:40,684 | [None] | mlops.auto_binning_woe_categorical | calculate_woe_iv_table_categorical:95 | INFO | Calculating WoE / IV table for categorical binning. bin_col='_bin'
2026-06-20 21:47:40,686 | [None] | mlops.auto_binning_woe_categorical | calculate_woe_iv_table_categorical:113 | INFO | Total good: 15654, Total bad: 4446
2026-06-20 21:47:40,687 | [None] | mlops.auto_binning_woe_categorical | calculate_woe_iv_table_categorical:145 | INFO | WoE / IV table calculated. Bin count=9, Total IV=0.562847
2026-06-20 21:47:40,687 | [None] | mlops.auto_binning_woe_categorical | auto_woe_binning_categorical:509 | INFO | STEP: 17 - WoE / IV summary table calculated.
2026-06-20 21:47:40,688 | [None] | mlops.auto_binning_woe_categorical | auto_woe_binning_categorical:513 | INFO | STEP: 17 - Summary table sorted by bad_rate.
2026-06-20 21:47:40,688 | [None] | mlops.auto_binning_woe_categorical | auto_woe_binning_categorical:518 | INFO | STEP: 17 - Current bin count=9, Current IV=0.562847
2026-06-20 21:47:40,689 | [None] | mlops.auto_binning_woe_categorical | auto_woe_binning_categorical:531 | INFO | STEP: 17 - RULES CHECK START
2026-06-20 21:47:40,690 | [None] | mlops.auto_binning_woe_categorical | auto_woe_binning_categorical:555 | INFO | Rule 1 triggered: small bin merge.
2026-06-20 21:47:40,690 | [None] | mlops.auto_binning_woe_categorical | auto_woe_binning_categorical:556 | INFO | STEP: 17 - Problem bin=8, Merge with bin=8
2026-06-20 21:47:40,690 | [None] | mlops.auto_binning_woe_categorical | merge_category_groups:270 | INFO | Merging category groups. Merging group 8 into group 8
2026-06-20 21:47:40,690 | [None] | mlops.auto_binning_woe_categorical | merge_category_groups:286 | INFO | Groups merged and renumbered. New group count=9
2026-06-20 21:47:40,690 | [None] | mlops.auto_binning_woe_categorical | auto_woe_binning_categorical:564 | INFO | STEP: 17 - Category groups merged based on Rule 1.
2026-06-20 21:47:40,690 | [None] | mlops.auto_binning_woe_categorical | auto_woe_binning_categorical:491 | INFO | --- Iteration 18 ---
2026-06-20 21:47:40,690 | [None] | mlops.auto_binning_woe_categorical | assign_bins_from_category_groups:226 | INFO | Assigning observations to category groups. Group count=9
2026-06-20 21:47:40,691 | [None] | mlops.auto_binning_woe_categorical | assign_bins_from_category_groups:231 | INFO | Observations assigned to groups:
2026-06-20 21:47:40,691 | [None] | mlops.auto_binning_woe_categorical | assign_bins_from_category_groups:235 | INFO | 	Group 0: 4070 observations, Categories: ['-1']
2026-06-20 21:47:40,691 | [None] | mlops.auto_binning_woe_categorical | assign_bins_from_category_groups:235 | INFO | 	Group 1: 2535 observations, Categories: ['-2']
2026-06-20 21:47:40,691 | [None] | mlops.auto_binning_woe_categorical | assign_bins_from_category_groups:235 | INFO | 	Group 2: 10521 observations, Categories: ['0']
2026-06-20 21:47:40,692 | [None] | mlops.auto_binning_woe_categorical | assign_bins_from_category_groups:235 | INFO | 	Group 3: 24 observations, Categories: ['1']
2026-06-20 21:47:40,692 | [None] | mlops.auto_binning_woe_categorical | assign_bins_from_category_groups:235 | INFO | 	Group 4: 2626 observations, Categories: ['2']
2026-06-20 21:47:40,692 | [None] | mlops.auto_binning_woe_categorical | assign_bins_from_category_groups:235 | INFO | 	Group 5: 216 observations, Categories: ['3']
2026-06-20 21:47:40,692 | [None] | mlops.auto_binning_woe_categorical | assign_bins_from_category_groups:235 | INFO | 	Group 6: 65 observations, Categories: ['4']
2026-06-20 21:47:40,692 | [None] | mlops.auto_binning_woe_categorical | assign_bins_from_category_groups:235 | INFO | 	Group 7: 29 observations, Categories: ['5', '6']
2026-06-20 21:47:40,692 | [None] | mlops.auto_binning_woe_categorical | assign_bins_from_category_groups:235 | INFO | 	Group 8: 14 observations, Categories: ['7']
2026-06-20 21:47:40,692 | [None] | mlops.auto_binning_woe_categorical | auto_woe_binning_categorical:500 | INFO | STEP: 18 - Bins assigned based on current category groups.
2026-06-20 21:47:40,693 | [None] | mlops.auto_binning_woe_categorical | calculate_woe_iv_table_categorical:95 | INFO | Calculating WoE / IV table for categorical binning. bin_col='_bin'
2026-06-20 21:47:40,695 | [None] | mlops.auto_binning_woe_categorical | calculate_woe_iv_table_categorical:113 | INFO | Total good: 15654, Total bad: 4446
2026-06-20 21:47:40,696 | [None] | mlops.auto_binning_woe_categorical | calculate_woe_iv_table_categorical:145 | INFO | WoE / IV table calculated. Bin count=9, Total IV=0.562847
2026-06-20 21:47:40,696 | [None] | mlops.auto_binning_woe_categorical | auto_woe_binning_categorical:509 | INFO | STEP: 18 - WoE / IV summary table calculated.
2026-06-20 21:47:40,697 | [None] | mlops.auto_binning_woe_categorical | auto_woe_binning_categorical:513 | INFO | STEP: 18 - Summary table sorted by bad_rate.
2026-06-20 21:47:40,697 | [None] | mlops.auto_binning_woe_categorical | auto_woe_binning_categorical:518 | INFO | STEP: 18 - Current bin count=9, Current IV=0.562847
2026-06-20 21:47:40,698 | [None] | mlops.auto_binning_woe_categorical | auto_woe_binning_categorical:531 | INFO | STEP: 18 - RULES CHECK START
2026-06-20 21:47:40,699 | [None] | mlops.auto_binning_woe_categorical | auto_woe_binning_categorical:555 | INFO | Rule 1 triggered: small bin merge.
2026-06-20 21:47:40,699 | [None] | mlops.auto_binning_woe_categorical | auto_woe_binning_categorical:556 | INFO | STEP: 18 - Problem bin=8, Merge with bin=8
2026-06-20 21:47:40,699 | [None] | mlops.auto_binning_woe_categorical | merge_category_groups:270 | INFO | Merging category groups. Merging group 8 into group 8
2026-06-20 21:47:40,699 | [None] | mlops.auto_binning_woe_categorical | merge_category_groups:286 | INFO | Groups merged and renumbered. New group count=9
2026-06-20 21:47:40,699 | [None] | mlops.auto_binning_woe_categorical | auto_woe_binning_categorical:564 | INFO | STEP: 18 - Category groups merged based on Rule 1.
2026-06-20 21:47:40,699 | [None] | mlops.auto_binning_woe_categorical | auto_woe_binning_categorical:491 | INFO | --- Iteration 19 ---
2026-06-20 21:47:40,699 | [None] | mlops.auto_binning_woe_categorical | assign_bins_from_category_groups:226 | INFO | Assigning observations to category groups. Group count=9
2026-06-20 21:47:40,700 | [None] | mlops.auto_binning_woe_categorical | assign_bins_from_category_groups:231 | INFO | Observations assigned to groups:
2026-06-20 21:47:40,700 | [None] | mlops.auto_binning_woe_categorical | assign_bins_from_category_groups:235 | INFO | 	Group 0: 4070 observations, Categories: ['-1']
2026-06-20 21:47:40,700 | [None] | mlops.auto_binning_woe_categorical | assign_bins_from_category_groups:235 | INFO | 	Group 1: 2535 observations, Categories: ['-2']
2026-06-20 21:47:40,701 | [None] | mlops.auto_binning_woe_categorical | assign_bins_from_category_groups:235 | INFO | 	Group 2: 10521 observations, Categories: ['0']
2026-06-20 21:47:40,701 | [None] | mlops.auto_binning_woe_categorical | assign_bins_from_category_groups:235 | INFO | 	Group 3: 24 observations, Categories: ['1']
2026-06-20 21:47:40,701 | [None] | mlops.auto_binning_woe_categorical | assign_bins_from_category_groups:235 | INFO | 	Group 4: 2626 observations, Categories: ['2']
2026-06-20 21:47:40,701 | [None] | mlops.auto_binning_woe_categorical | assign_bins_from_category_groups:235 | INFO | 	Group 5: 216 observations, Categories: ['3']
2026-06-20 21:47:40,701 | [None] | mlops.auto_binning_woe_categorical | assign_bins_from_category_groups:235 | INFO | 	Group 6: 65 observations, Categories: ['4']
2026-06-20 21:47:40,701 | [None] | mlops.auto_binning_woe_categorical | assign_bins_from_category_groups:235 | INFO | 	Group 7: 29 observations, Categories: ['5', '6']
2026-06-20 21:47:40,701 | [None] | mlops.auto_binning_woe_categorical | assign_bins_from_category_groups:235 | INFO | 	Group 8: 14 observations, Categories: ['7']
2026-06-20 21:47:40,701 | [None] | mlops.auto_binning_woe_categorical | auto_woe_binning_categorical:500 | INFO | STEP: 19 - Bins assigned based on current category groups.
2026-06-20 21:47:40,701 | [None] | mlops.auto_binning_woe_categorical | calculate_woe_iv_table_categorical:95 | INFO | Calculating WoE / IV table for categorical binning. bin_col='_bin'
2026-06-20 21:47:40,703 | [None] | mlops.auto_binning_woe_categorical | calculate_woe_iv_table_categorical:113 | INFO | Total good: 15654, Total bad: 4446
2026-06-20 21:47:40,705 | [None] | mlops.auto_binning_woe_categorical | calculate_woe_iv_table_categorical:145 | INFO | WoE / IV table calculated. Bin count=9, Total IV=0.562847
2026-06-20 21:47:40,705 | [None] | mlops.auto_binning_woe_categorical | auto_woe_binning_categorical:509 | INFO | STEP: 19 - WoE / IV summary table calculated.
2026-06-20 21:47:40,706 | [None] | mlops.auto_binning_woe_categorical | auto_woe_binning_categorical:513 | INFO | STEP: 19 - Summary table sorted by bad_rate.
2026-06-20 21:47:40,706 | [None] | mlops.auto_binning_woe_categorical | auto_woe_binning_categorical:518 | INFO | STEP: 19 - Current bin count=9, Current IV=0.562847
2026-06-20 21:47:40,706 | [None] | mlops.auto_binning_woe_categorical | auto_woe_binning_categorical:531 | INFO | STEP: 19 - RULES CHECK START
2026-06-20 21:47:40,707 | [None] | mlops.auto_binning_woe_categorical | auto_woe_binning_categorical:555 | INFO | Rule 1 triggered: small bin merge.
2026-06-20 21:47:40,707 | [None] | mlops.auto_binning_woe_categorical | auto_woe_binning_categorical:556 | INFO | STEP: 19 - Problem bin=8, Merge with bin=8
2026-06-20 21:47:40,707 | [None] | mlops.auto_binning_woe_categorical | merge_category_groups:270 | INFO | Merging category groups. Merging group 8 into group 8
2026-06-20 21:47:40,708 | [None] | mlops.auto_binning_woe_categorical | merge_category_groups:286 | INFO | Groups merged and renumbered. New group count=9
2026-06-20 21:47:40,708 | [None] | mlops.auto_binning_woe_categorical | auto_woe_binning_categorical:564 | INFO | STEP: 19 - Category groups merged based on Rule 1.
2026-06-20 21:47:40,708 | [None] | mlops.auto_binning_woe_categorical | auto_woe_binning_categorical:491 | INFO | --- Iteration 20 ---
2026-06-20 21:47:40,708 | [None] | mlops.auto_binning_woe_categorical | assign_bins_from_category_groups:226 | INFO | Assigning observations to category groups. Group count=9
2026-06-20 21:47:40,709 | [None] | mlops.auto_binning_woe_categorical | assign_bins_from_category_groups:231 | INFO | Observations assigned to groups:
2026-06-20 21:47:40,709 | [None] | mlops.auto_binning_woe_categorical | assign_bins_from_category_groups:235 | INFO | 	Group 0: 4070 observations, Categories: ['-1']
2026-06-20 21:47:40,709 | [None] | mlops.auto_binning_woe_categorical | assign_bins_from_category_groups:235 | INFO | 	Group 1: 2535 observations, Categories: ['-2']
2026-06-20 21:47:40,709 | [None] | mlops.auto_binning_woe_categorical | assign_bins_from_category_groups:235 | INFO | 	Group 2: 10521 observations, Categories: ['0']
2026-06-20 21:47:40,709 | [None] | mlops.auto_binning_woe_categorical | assign_bins_from_category_groups:235 | INFO | 	Group 3: 24 observations, Categories: ['1']
2026-06-20 21:47:40,710 | [None] | mlops.auto_binning_woe_categorical | assign_bins_from_category_groups:235 | INFO | 	Group 4: 2626 observations, Categories: ['2']
2026-06-20 21:47:40,710 | [None] | mlops.auto_binning_woe_categorical | assign_bins_from_category_groups:235 | INFO | 	Group 5: 216 observations, Categories: ['3']
2026-06-20 21:47:40,710 | [None] | mlops.auto_binning_woe_categorical | assign_bins_from_category_groups:235 | INFO | 	Group 6: 65 observations, Categories: ['4']
2026-06-20 21:47:40,710 | [None] | mlops.auto_binning_woe_categorical | assign_bins_from_category_groups:235 | INFO | 	Group 7: 29 observations, Categories: ['5', '6']
2026-06-20 21:47:40,711 | [None] | mlops.auto_binning_woe_categorical | assign_bins_from_category_groups:235 | INFO | 	Group 8: 14 observations, Categories: ['7']
2026-06-20 21:47:40,711 | [None] | mlops.auto_binning_woe_categorical | auto_woe_binning_categorical:500 | INFO | STEP: 20 - Bins assigned based on current category groups.
2026-06-20 21:47:40,711 | [None] | mlops.auto_binning_woe_categorical | calculate_woe_iv_table_categorical:95 | INFO | Calculating WoE / IV table for categorical binning. bin_col='_bin'
2026-06-20 21:47:40,713 | [None] | mlops.auto_binning_woe_categorical | calculate_woe_iv_table_categorical:113 | INFO | Total good: 15654, Total bad: 4446
2026-06-20 21:47:40,715 | [None] | mlops.auto_binning_woe_categorical | calculate_woe_iv_table_categorical:145 | INFO | WoE / IV table calculated. Bin count=9, Total IV=0.562847
2026-06-20 21:47:40,715 | [None] | mlops.auto_binning_woe_categorical | auto_woe_binning_categorical:509 | INFO | STEP: 20 - WoE / IV summary table calculated.
2026-06-20 21:47:40,715 | [None] | mlops.auto_binning_woe_categorical | auto_woe_binning_categorical:513 | INFO | STEP: 20 - Summary table sorted by bad_rate.
2026-06-20 21:47:40,715 | [None] | mlops.auto_binning_woe_categorical | auto_woe_binning_categorical:518 | INFO | STEP: 20 - Current bin count=9, Current IV=0.562847
2026-06-20 21:47:40,716 | [None] | mlops.auto_binning_woe_categorical | auto_woe_binning_categorical:531 | INFO | STEP: 20 - RULES CHECK START
2026-06-20 21:47:40,717 | [None] | mlops.auto_binning_woe_categorical | auto_woe_binning_categorical:555 | INFO | Rule 1 triggered: small bin merge.
2026-06-20 21:47:40,717 | [None] | mlops.auto_binning_woe_categorical | auto_woe_binning_categorical:556 | INFO | STEP: 20 - Problem bin=8, Merge with bin=8
2026-06-20 21:47:40,717 | [None] | mlops.auto_binning_woe_categorical | merge_category_groups:270 | INFO | Merging category groups. Merging group 8 into group 8
2026-06-20 21:47:40,717 | [None] | mlops.auto_binning_woe_categorical | merge_category_groups:286 | INFO | Groups merged and renumbered. New group count=9
2026-06-20 21:47:40,717 | [None] | mlops.auto_binning_woe_categorical | auto_woe_binning_categorical:564 | INFO | STEP: 20 - Category groups merged based on Rule 1.
2026-06-20 21:47:40,717 | [None] | mlops.auto_binning_woe_categorical | auto_woe_binning_categorical:686 | WARNING | Auto binning did NOT converge for feature 'repayment_status_aug_2005'. Reached max_iter=20 while rule violations were still present.
2026-06-20 21:47:40,717 | [None] | mlops.auto_binning_woe_categorical | auto_woe_binning_categorical:689 | INFO | Iterative merging process completed after 20 iterations.
2026-06-20 21:47:40,718 | [None] | mlops.auto_binning_woe_categorical | auto_woe_binning_categorical:690 | INFO | ----FINAL BINNING RESULTS----
2026-06-20 21:47:40,718 | [None] | mlops.auto_binning_woe_categorical | assign_bins_from_category_groups:226 | INFO | Assigning observations to category groups. Group count=9
2026-06-20 21:47:40,718 | [None] | mlops.auto_binning_woe_categorical | assign_bins_from_category_groups:231 | INFO | Observations assigned to groups:
2026-06-20 21:47:40,719 | [None] | mlops.auto_binning_woe_categorical | assign_bins_from_category_groups:235 | INFO | 	Group 0: 4070 observations, Categories: ['-1']
2026-06-20 21:47:40,719 | [None] | mlops.auto_binning_woe_categorical | assign_bins_from_category_groups:235 | INFO | 	Group 1: 2535 observations, Categories: ['-2']
2026-06-20 21:47:40,719 | [None] | mlops.auto_binning_woe_categorical | assign_bins_from_category_groups:235 | INFO | 	Group 2: 10521 observations, Categories: ['0']
2026-06-20 21:47:40,719 | [None] | mlops.auto_binning_woe_categorical | assign_bins_from_category_groups:235 | INFO | 	Group 3: 24 observations, Categories: ['1']
2026-06-20 21:47:40,719 | [None] | mlops.auto_binning_woe_categorical | assign_bins_from_category_groups:235 | INFO | 	Group 4: 2626 observations, Categories: ['2']
2026-06-20 21:47:40,719 | [None] | mlops.auto_binning_woe_categorical | assign_bins_from_category_groups:235 | INFO | 	Group 5: 216 observations, Categories: ['3']
2026-06-20 21:47:40,720 | [None] | mlops.auto_binning_woe_categorical | assign_bins_from_category_groups:235 | INFO | 	Group 6: 65 observations, Categories: ['4']
2026-06-20 21:47:40,720 | [None] | mlops.auto_binning_woe_categorical | assign_bins_from_category_groups:235 | INFO | 	Group 7: 29 observations, Categories: ['5', '6']
2026-06-20 21:47:40,720 | [None] | mlops.auto_binning_woe_categorical | assign_bins_from_category_groups:235 | INFO | 	Group 8: 14 observations, Categories: ['7']
2026-06-20 21:47:40,720 | [None] | mlops.auto_binning_woe_categorical | calculate_woe_iv_table_categorical:95 | INFO | Calculating WoE / IV table for categorical binning. bin_col='_bin'
2026-06-20 21:47:40,722 | [None] | mlops.auto_binning_woe_categorical | calculate_woe_iv_table_categorical:113 | INFO | Total good: 15654, Total bad: 4446
2026-06-20 21:47:40,723 | [None] | mlops.auto_binning_woe_categorical | calculate_woe_iv_table_categorical:145 | INFO | WoE / IV table calculated. Bin count=9, Total IV=0.562847
2026-06-20 21:47:40,726 | [None] | mlops.auto_binning_woe_categorical | auto_woe_binning_categorical:750 | WARNING | Final status: REVIEW_NOT_CONVERGED (max_iter reached)
2026-06-20 21:47:40,726 | [None] | mlops.auto_binning_woe_categorical | auto_woe_binning_categorical:764 | INFO | Feature: repayment_status_aug_2005, Final bins=9, Total IV=0.562847, Status=REVIEW_NOT_CONVERGED
2026-06-20 21:47:40,726 | [None] | mlops.auto_binning_woe_categorical | auto_woe_binning_categorical:766 | INFO | Values to Group mapping:
2026-06-20 21:47:40,726 | [None] | mlops.auto_binning_woe_categorical | auto_woe_binning_categorical:768 | INFO |   - repayment_status_aug_2005_grp0: ['-1']
2026-06-20 21:47:40,726 | [None] | mlops.auto_binning_woe_categorical | auto_woe_binning_categorical:768 | INFO |   - repayment_status_aug_2005_grp1: ['-2']
2026-06-20 21:47:40,726 | [None] | mlops.auto_binning_woe_categorical | auto_woe_binning_categorical:768 | INFO |   - repayment_status_aug_2005_grp2: ['0']
2026-06-20 21:47:40,726 | [None] | mlops.auto_binning_woe_categorical | auto_woe_binning_categorical:768 | INFO |   - repayment_status_aug_2005_grp3: ['1']
2026-06-20 21:47:40,726 | [None] | mlops.auto_binning_woe_categorical | auto_woe_binning_categorical:768 | INFO |   - repayment_status_aug_2005_grp4: ['2']
2026-06-20 21:47:40,726 | [None] | mlops.auto_binning_woe_categorical | auto_woe_binning_categorical:768 | INFO |   - repayment_status_aug_2005_grp5: ['3']
2026-06-20 21:47:40,727 | [None] | mlops.auto_binning_woe_categorical | auto_woe_binning_categorical:768 | INFO |   - repayment_status_aug_2005_grp6: ['4']
2026-06-20 21:47:40,727 | [None] | mlops.auto_binning_woe_categorical | auto_woe_binning_categorical:768 | INFO |   - repayment_status_aug_2005_grp7: ['5', '6']
2026-06-20 21:47:40,727 | [None] | mlops.auto_binning_woe_categorical | auto_woe_binning_categorical:768 | INFO |   - repayment_status_aug_2005_grp8: ['7']
2026-06-20 21:47:40,729 | [None] | mlops.auto_binning_woe_categorical | auto_woe_binning_categorical:788 | INFO | Auto binning result saved to ./outputs/auto_binning_woe/repayment_status_aug_2005/final_auto_binning_woe.json
2026-06-20 21:47:40,730 | [None] | mlops.auto_binning_woe_categorical | auto_woe_binning_categorical:792 | INFO | Final WOE table saved to ./outputs/auto_binning_woe/repayment_status_aug_2005/final_woe_table.csv
2026-06-20 21:47:40,730 | [None] | mlops.auto_binning_woe_categorical | auto_woe_binning_categorical:795 | INFO | ==================================================
2026-06-20 21:47:40,730 | [None] | mlops.auto_binning_woe_categorical | auto_woe_binning_categorical:796 | INFO | INITIALIZE PARAMETERS
2026-06-20 21:47:40,730 | [None] | mlops.auto_binning_woe_categorical | auto_woe_binning_categorical:797 | INFO | Feature:..................... repayment_status_aug_2005
2026-06-20 21:47:40,730 | [None] | mlops.auto_binning_woe_categorical | auto_woe_binning_categorical:798 | INFO | Target:...................... TARGET
2026-06-20 21:47:40,731 | [None] | mlops.auto_binning_woe_categorical | auto_woe_binning_categorical:799 | INFO | Minimum Bin Percentage:...... 0.05
2026-06-20 21:47:40,731 | [None] | mlops.auto_binning_woe_categorical | auto_woe_binning_categorical:800 | INFO | Maximum Final Bins:.......... 6
2026-06-20 21:47:40,731 | [None] | mlops.auto_binning_woe_categorical | auto_woe_binning_categorical:801 | INFO | Minimum Final Bins:.......... 2
2026-06-20 21:47:40,731 | [None] | mlops.auto_binning_woe_categorical | auto_woe_binning_categorical:802 | INFO | Minimum IV:.................. 0.02
2026-06-20 21:47:40,731 | [None] | mlops.auto_binning_woe_categorical | auto_woe_binning_categorical:803 | INFO | Maximum IV:.................. 0.5
2026-06-20 21:47:40,731 | [None] | mlops.auto_binning_woe_categorical | auto_woe_binning_categorical:804 | INFO | Maximum Iterations:.......... 20
2026-06-20 21:47:40,731 | [None] | mlops.auto_binning_woe_categorical | auto_woe_binning_categorical:805 | INFO | ==================================================
2026-06-20 21:47:40,731 | [None] | mlops.auto_binning_woe_categorical | auto_woe_binning_categorical:807 | INFO | ==================================================
2026-06-20 21:47:40,731 | [None] | mlops.auto_binning_woe_categorical | auto_woe_binning_categorical:808 | INFO | AUTO BINNING RESULTS
2026-06-20 21:47:40,731 | [None] | mlops.auto_binning_woe_categorical | auto_woe_binning_categorical:809 | INFO | Stopping Iteration:............... 20
2026-06-20 21:47:40,731 | [None] | mlops.auto_binning_woe_categorical | auto_woe_binning_categorical:810 | INFO | Feature Name:..................... repayment_status_aug_2005
2026-06-20 21:47:40,731 | [None] | mlops.auto_binning_woe_categorical | auto_woe_binning_categorical:811 | INFO | Final Bin Count:.................. 9
2026-06-20 21:47:40,731 | [None] | mlops.auto_binning_woe_categorical | auto_woe_binning_categorical:812 | INFO | Total Information Value (IV):..... 0.562847
2026-06-20 21:47:40,731 | [None] | mlops.auto_binning_woe_categorical | auto_woe_binning_categorical:813 | INFO | IV Interpretation:................ Suspiciously High Predictive Power (Potential Data Leakage or Overfitting)
2026-06-20 21:47:40,731 | [None] | mlops.auto_binning_woe_categorical | auto_woe_binning_categorical:814 | INFO | Binning Status:................... REVIEW_NOT_CONVERGED
2026-06-20 21:47:40,731 | [None] | mlops.auto_binning_woe_categorical | auto_woe_binning_categorical:815 | INFO | --------------------------------------------------
2026-06-20 21:47:40,732 | [None] | mlops.auto_binning_woe_categorical | auto_woe_binning_categorical:816 | INFO | WoE Summary Table:
2026-06-20 21:47:40,733 | [None] | mlops.auto_binning_woe_categorical | auto_woe_binning_categorical:817 | INFO | 
                          _bin  total  good  bad  bad_rate  bin_pct  good_dist  bad_dist  good_dist_minus_bad_dist  odds_ratio       woe  woe_display       iv
repayment_status_aug_2005_grp2  10521  8854 1667  0.158445 0.523433   0.565476  0.374677                  0.190799    1.509235  0.411603    41.160285 0.078533
repayment_status_aug_2005_grp0   4070  3404  666  0.163636 0.202488   0.217422  0.149758                  0.067663    1.451817  0.372816    37.281577 0.025226
repayment_status_aug_2005_grp1   2535  2095  440  0.173570 0.126119   0.133825  0.098978                  0.034847    1.352074  0.301640    30.163957 0.010511
repayment_status_aug_2005_grp3     24    19    5  0.208333 0.001194   0.001245  0.001236                  0.000010    1.007698  0.007669     0.766892 0.000000
repayment_status_aug_2005_grp8     14     7    7  0.500000 0.000697   0.000479  0.001685                 -0.001206    0.284223 -1.257997  -125.799745 0.001517
repayment_status_aug_2005_grp6     65    31   34  0.523077 0.003234   0.002012  0.007752                 -0.005740    0.259508 -1.348969  -134.896923 0.007743
repayment_status_aug_2005_grp4   2626  1157 1469  0.559406 0.130647   0.073922  0.330188                 -0.256266    0.223877 -1.496657  -149.665715 0.383543
repayment_status_aug_2005_grp5    216    78  138  0.638889 0.010746   0.005013  0.031120                 -0.026107    0.161094 -1.825769  -182.576915 0.047665
repayment_status_aug_2005_grp7     29     9   20  0.689655 0.001443   0.000607  0.004606                 -0.004000    0.131713 -2.027131  -202.713054 0.008108

2026-06-20 21:47:40,733 | [None] | mlops.auto_binning_woe_categorical | auto_woe_binning_categorical:818 | INFO | --------------------------------------------------
2026-06-20 21:47:40,733 | [None] | mlops.auto_binning_woe_categorical | auto_woe_binning_categorical:819 | INFO | Values to Group:
2026-06-20 21:47:40,733 | [None] | mlops.auto_binning_woe_categorical | auto_woe_binning_categorical:821 | INFO |   repayment_status_aug_2005_grp0: ['-1']
2026-06-20 21:47:40,733 | [None] | mlops.auto_binning_woe_categorical | auto_woe_binning_categorical:821 | INFO |   repayment_status_aug_2005_grp1: ['-2']
2026-06-20 21:47:40,733 | [None] | mlops.auto_binning_woe_categorical | auto_woe_binning_categorical:821 | INFO |   repayment_status_aug_2005_grp2: ['0']
2026-06-20 21:47:40,733 | [None] | mlops.auto_binning_woe_categorical | auto_woe_binning_categorical:821 | INFO |   repayment_status_aug_2005_grp3: ['1']
2026-06-20 21:47:40,733 | [None] | mlops.auto_binning_woe_categorical | auto_woe_binning_categorical:821 | INFO |   repayment_status_aug_2005_grp4: ['2']
2026-06-20 21:47:40,733 | [None] | mlops.auto_binning_woe_categorical | auto_woe_binning_categorical:821 | INFO |   repayment_status_aug_2005_grp5: ['3']
2026-06-20 21:47:40,733 | [None] | mlops.auto_binning_woe_categorical | auto_woe_binning_categorical:821 | INFO |   repayment_status_aug_2005_grp6: ['4']
2026-06-20 21:47:40,734 | [None] | mlops.auto_binning_woe_categorical | auto_woe_binning_categorical:821 | INFO |   repayment_status_aug_2005_grp7: ['5', '6']
2026-06-20 21:47:40,734 | [None] | mlops.auto_binning_woe_categorical | auto_woe_binning_categorical:821 | INFO |   repayment_status_aug_2005_grp8: ['7']
2026-06-20 21:47:40,734 | [None] | mlops.auto_binning_woe_categorical | auto_woe_binning_categorical:822 | INFO | --------------------------------------------------
2026-06-20 21:47:40,734 | [None] | mlops.auto_binning_woe_categorical | auto_woe_binning_categorical:823 | INFO | Quality Check Results:
2026-06-20 21:47:40,734 | [None] | mlops.auto_binning_woe_categorical | auto_woe_binning_categorical:825 | INFO |   minBinPct: Is minimum pct of each bin > 0.05? -> False
2026-06-20 21:47:40,734 | [None] | mlops.auto_binning_woe_categorical | auto_woe_binning_categorical:825 | INFO |   goodBadExist: Do good and bad exist in every bin? -> True
2026-06-20 21:47:40,734 | [None] | mlops.auto_binning_woe_categorical | auto_woe_binning_categorical:825 | INFO |   badRateMonotonic: Is Bad Rate monotonic? -> True
2026-06-20 21:47:40,734 | [None] | mlops.auto_binning_woe_categorical | auto_woe_binning_categorical:825 | INFO |   woeMonotonic: Is WoE monotonic? -> True
2026-06-20 21:47:40,734 | [None] | mlops.auto_binning_woe_categorical | auto_woe_binning_categorical:825 | INFO |   binCount: Are bins between 2 and 6? -> False
2026-06-20 21:47:40,734 | [None] | mlops.auto_binning_woe_categorical | auto_woe_binning_categorical:825 | INFO |   ivReasonable: Is IV 0.562847 reasonable? (0.02 < IV < 0.50) -> False
2026-06-20 21:47:40,734 | [None] | mlops.auto_binning_woe_categorical | auto_woe_binning_categorical:826 | INFO | --------------------------------------------------
2026-06-20 21:47:40,734 | [None] | mlops.auto_binning_woe_categorical | auto_woe_binning_categorical:828 | INFO | Auto binning completed successfully for feature: 'repayment_status_aug_2005'
2026-06-20 21:47:40,734 | [None] | mlops.auto_binning_woe_categorical | auto_woe_binning_categorical:829 | INFO | ==================================================
2026-06-20 21:47:40,735 | [None] | mlops.auto_binning_woe_categorical | auto_woe_binning_categorical:409 | INFO | Starting categorical WoE auto binning. Feature:repayment_status_jul_2005, Target:TARGET
2026-06-20 21:47:40,738 | [None] | mlops.auto_binning_woe_categorical | auto_woe_binning_categorical:463 | INFO | Missing rows dropped. Before=20100, After=20100, Dropped=0
2026-06-20 21:47:40,738 | [None] | mlops.auto_binning_woe_categorical | auto_woe_binning_categorical:466 | INFO | Target variable TARGET converted to integer type.
2026-06-20 21:47:40,739 | [None] | mlops.auto_binning_woe_categorical | auto_woe_binning_categorical:470 | INFO | Distinct categories found: ['-1', '-2', '0', '2', 'Rare']
2026-06-20 21:47:40,739 | [None] | mlops.auto_binning_woe_categorical | create_initial_category_groups:182 | INFO | Creating initial category groups. Category count=5
2026-06-20 21:47:40,739 | [None] | mlops.auto_binning_woe_categorical | create_initial_category_groups:188 | INFO | Initial category groups created:
2026-06-20 21:47:40,739 | [None] | mlops.auto_binning_woe_categorical | create_initial_category_groups:190 | INFO |   - Category: '-1' -> Group: 0
2026-06-20 21:47:40,739 | [None] | mlops.auto_binning_woe_categorical | create_initial_category_groups:190 | INFO |   - Category: '-2' -> Group: 1
2026-06-20 21:47:40,739 | [None] | mlops.auto_binning_woe_categorical | create_initial_category_groups:190 | INFO |   - Category: '0' -> Group: 2
2026-06-20 21:47:40,739 | [None] | mlops.auto_binning_woe_categorical | create_initial_category_groups:190 | INFO |   - Category: '2' -> Group: 3
2026-06-20 21:47:40,739 | [None] | mlops.auto_binning_woe_categorical | create_initial_category_groups:190 | INFO |   - Category: 'Rare' -> Group: 4
2026-06-20 21:47:40,739 | [None] | mlops.auto_binning_woe_categorical | auto_woe_binning_categorical:491 | INFO | --- Iteration 1 ---
2026-06-20 21:47:40,740 | [None] | mlops.auto_binning_woe_categorical | assign_bins_from_category_groups:226 | INFO | Assigning observations to category groups. Group count=5
2026-06-20 21:47:40,740 | [None] | mlops.auto_binning_woe_categorical | assign_bins_from_category_groups:231 | INFO | Observations assigned to groups:
2026-06-20 21:47:40,741 | [None] | mlops.auto_binning_woe_categorical | assign_bins_from_category_groups:235 | INFO | 	Group 0: 3968 observations, Categories: ['-1']
2026-06-20 21:47:40,741 | [None] | mlops.auto_binning_woe_categorical | assign_bins_from_category_groups:235 | INFO | 	Group 1: 2730 observations, Categories: ['-2']
2026-06-20 21:47:40,741 | [None] | mlops.auto_binning_woe_categorical | assign_bins_from_category_groups:235 | INFO | 	Group 2: 10573 observations, Categories: ['0']
2026-06-20 21:47:40,741 | [None] | mlops.auto_binning_woe_categorical | assign_bins_from_category_groups:235 | INFO | 	Group 3: 2565 observations, Categories: ['2']
2026-06-20 21:47:40,741 | [None] | mlops.auto_binning_woe_categorical | assign_bins_from_category_groups:235 | INFO | 	Group 4: 264 observations, Categories: ['Rare']
2026-06-20 21:47:40,741 | [None] | mlops.auto_binning_woe_categorical | auto_woe_binning_categorical:500 | INFO | STEP: 1 - Bins assigned based on current category groups.
2026-06-20 21:47:40,741 | [None] | mlops.auto_binning_woe_categorical | calculate_woe_iv_table_categorical:95 | INFO | Calculating WoE / IV table for categorical binning. bin_col='_bin'
2026-06-20 21:47:40,744 | [None] | mlops.auto_binning_woe_categorical | calculate_woe_iv_table_categorical:113 | INFO | Total good: 15654, Total bad: 4446
2026-06-20 21:47:40,745 | [None] | mlops.auto_binning_woe_categorical | calculate_woe_iv_table_categorical:145 | INFO | WoE / IV table calculated. Bin count=5, Total IV=0.423188
2026-06-20 21:47:40,745 | [None] | mlops.auto_binning_woe_categorical | auto_woe_binning_categorical:509 | INFO | STEP: 1 - WoE / IV summary table calculated.
2026-06-20 21:47:40,746 | [None] | mlops.auto_binning_woe_categorical | auto_woe_binning_categorical:513 | INFO | STEP: 1 - Summary table sorted by bad_rate.
2026-06-20 21:47:40,746 | [None] | mlops.auto_binning_woe_categorical | auto_woe_binning_categorical:518 | INFO | STEP: 1 - Current bin count=5, Current IV=0.423188
2026-06-20 21:47:40,747 | [None] | mlops.auto_binning_woe_categorical | auto_woe_binning_categorical:531 | INFO | STEP: 1 - RULES CHECK START
2026-06-20 21:47:40,747 | [None] | mlops.auto_binning_woe_categorical | auto_woe_binning_categorical:555 | INFO | Rule 1 triggered: small bin merge.
2026-06-20 21:47:40,747 | [None] | mlops.auto_binning_woe_categorical | auto_woe_binning_categorical:556 | INFO | STEP: 1 - Problem bin=4, Merge with bin=3
2026-06-20 21:47:40,747 | [None] | mlops.auto_binning_woe_categorical | merge_category_groups:270 | INFO | Merging category groups. Merging group 3 into group 4
2026-06-20 21:47:40,747 | [None] | mlops.auto_binning_woe_categorical | merge_category_groups:286 | INFO | Groups merged and renumbered. New group count=4
2026-06-20 21:47:40,747 | [None] | mlops.auto_binning_woe_categorical | auto_woe_binning_categorical:564 | INFO | STEP: 1 - Category groups merged based on Rule 1.
2026-06-20 21:47:40,747 | [None] | mlops.auto_binning_woe_categorical | auto_woe_binning_categorical:491 | INFO | --- Iteration 2 ---
2026-06-20 21:47:40,748 | [None] | mlops.auto_binning_woe_categorical | assign_bins_from_category_groups:226 | INFO | Assigning observations to category groups. Group count=4
2026-06-20 21:47:40,748 | [None] | mlops.auto_binning_woe_categorical | assign_bins_from_category_groups:231 | INFO | Observations assigned to groups:
2026-06-20 21:47:40,749 | [None] | mlops.auto_binning_woe_categorical | assign_bins_from_category_groups:235 | INFO | 	Group 0: 3968 observations, Categories: ['-1']
2026-06-20 21:47:40,749 | [None] | mlops.auto_binning_woe_categorical | assign_bins_from_category_groups:235 | INFO | 	Group 1: 2730 observations, Categories: ['-2']
2026-06-20 21:47:40,749 | [None] | mlops.auto_binning_woe_categorical | assign_bins_from_category_groups:235 | INFO | 	Group 2: 10573 observations, Categories: ['0']
2026-06-20 21:47:40,749 | [None] | mlops.auto_binning_woe_categorical | assign_bins_from_category_groups:235 | INFO | 	Group 3: 2829 observations, Categories: ['2', 'Rare']
2026-06-20 21:47:40,749 | [None] | mlops.auto_binning_woe_categorical | auto_woe_binning_categorical:500 | INFO | STEP: 2 - Bins assigned based on current category groups.
2026-06-20 21:47:40,749 | [None] | mlops.auto_binning_woe_categorical | calculate_woe_iv_table_categorical:95 | INFO | Calculating WoE / IV table for categorical binning. bin_col='_bin'
2026-06-20 21:47:40,751 | [None] | mlops.auto_binning_woe_categorical | calculate_woe_iv_table_categorical:113 | INFO | Total good: 15654, Total bad: 4446
2026-06-20 21:47:40,753 | [None] | mlops.auto_binning_woe_categorical | calculate_woe_iv_table_categorical:145 | INFO | WoE / IV table calculated. Bin count=4, Total IV=0.420572
2026-06-20 21:47:40,753 | [None] | mlops.auto_binning_woe_categorical | auto_woe_binning_categorical:509 | INFO | STEP: 2 - WoE / IV summary table calculated.
2026-06-20 21:47:40,753 | [None] | mlops.auto_binning_woe_categorical | auto_woe_binning_categorical:513 | INFO | STEP: 2 - Summary table sorted by bad_rate.
2026-06-20 21:47:40,753 | [None] | mlops.auto_binning_woe_categorical | auto_woe_binning_categorical:518 | INFO | STEP: 2 - Current bin count=4, Current IV=0.420572
2026-06-20 21:47:40,754 | [None] | mlops.auto_binning_woe_categorical | auto_woe_binning_categorical:531 | INFO | STEP: 2 - RULES CHECK START
2026-06-20 21:47:40,755 | [None] | mlops.auto_binning_woe_categorical | auto_woe_binning_categorical:681 | INFO | No more merge required. Stopping at iteration=2
2026-06-20 21:47:40,755 | [None] | mlops.auto_binning_woe_categorical | auto_woe_binning_categorical:689 | INFO | Iterative merging process completed after 2 iterations.
2026-06-20 21:47:40,755 | [None] | mlops.auto_binning_woe_categorical | auto_woe_binning_categorical:690 | INFO | ----FINAL BINNING RESULTS----
2026-06-20 21:47:40,755 | [None] | mlops.auto_binning_woe_categorical | assign_bins_from_category_groups:226 | INFO | Assigning observations to category groups. Group count=4
2026-06-20 21:47:40,756 | [None] | mlops.auto_binning_woe_categorical | assign_bins_from_category_groups:231 | INFO | Observations assigned to groups:
2026-06-20 21:47:40,756 | [None] | mlops.auto_binning_woe_categorical | assign_bins_from_category_groups:235 | INFO | 	Group 0: 3968 observations, Categories: ['-1']
2026-06-20 21:47:40,757 | [None] | mlops.auto_binning_woe_categorical | assign_bins_from_category_groups:235 | INFO | 	Group 1: 2730 observations, Categories: ['-2']
2026-06-20 21:47:40,757 | [None] | mlops.auto_binning_woe_categorical | assign_bins_from_category_groups:235 | INFO | 	Group 2: 10573 observations, Categories: ['0']
2026-06-20 21:47:40,757 | [None] | mlops.auto_binning_woe_categorical | assign_bins_from_category_groups:235 | INFO | 	Group 3: 2829 observations, Categories: ['2', 'Rare']
2026-06-20 21:47:40,757 | [None] | mlops.auto_binning_woe_categorical | calculate_woe_iv_table_categorical:95 | INFO | Calculating WoE / IV table for categorical binning. bin_col='_bin'
2026-06-20 21:47:40,759 | [None] | mlops.auto_binning_woe_categorical | calculate_woe_iv_table_categorical:113 | INFO | Total good: 15654, Total bad: 4446
2026-06-20 21:47:40,761 | [None] | mlops.auto_binning_woe_categorical | calculate_woe_iv_table_categorical:145 | INFO | WoE / IV table calculated. Bin count=4, Total IV=0.420572
2026-06-20 21:47:40,763 | [None] | mlops.auto_binning_woe_categorical | auto_woe_binning_categorical:759 | INFO | Final status: PASS (all checks passed)
2026-06-20 21:47:40,763 | [None] | mlops.auto_binning_woe_categorical | auto_woe_binning_categorical:764 | INFO | Feature: repayment_status_jul_2005, Final bins=4, Total IV=0.420572, Status=PASS
2026-06-20 21:47:40,763 | [None] | mlops.auto_binning_woe_categorical | auto_woe_binning_categorical:766 | INFO | Values to Group mapping:
2026-06-20 21:47:40,763 | [None] | mlops.auto_binning_woe_categorical | auto_woe_binning_categorical:768 | INFO |   - repayment_status_jul_2005_grp0: ['-1']
2026-06-20 21:47:40,763 | [None] | mlops.auto_binning_woe_categorical | auto_woe_binning_categorical:768 | INFO |   - repayment_status_jul_2005_grp1: ['-2']
2026-06-20 21:47:40,764 | [None] | mlops.auto_binning_woe_categorical | auto_woe_binning_categorical:768 | INFO |   - repayment_status_jul_2005_grp2: ['0']
2026-06-20 21:47:40,764 | [None] | mlops.auto_binning_woe_categorical | auto_woe_binning_categorical:768 | INFO |   - repayment_status_jul_2005_grp3: ['2', 'Rare']
2026-06-20 21:47:40,765 | [None] | mlops.auto_binning_woe_categorical | auto_woe_binning_categorical:788 | INFO | Auto binning result saved to ./outputs/auto_binning_woe/repayment_status_jul_2005/final_auto_binning_woe.json
2026-06-20 21:47:40,766 | [None] | mlops.auto_binning_woe_categorical | auto_woe_binning_categorical:792 | INFO | Final WOE table saved to ./outputs/auto_binning_woe/repayment_status_jul_2005/final_woe_table.csv
2026-06-20 21:47:40,767 | [None] | mlops.auto_binning_woe_categorical | auto_woe_binning_categorical:795 | INFO | ==================================================
2026-06-20 21:47:40,767 | [None] | mlops.auto_binning_woe_categorical | auto_woe_binning_categorical:796 | INFO | INITIALIZE PARAMETERS
2026-06-20 21:47:40,767 | [None] | mlops.auto_binning_woe_categorical | auto_woe_binning_categorical:797 | INFO | Feature:..................... repayment_status_jul_2005
2026-06-20 21:47:40,767 | [None] | mlops.auto_binning_woe_categorical | auto_woe_binning_categorical:798 | INFO | Target:...................... TARGET
2026-06-20 21:47:40,767 | [None] | mlops.auto_binning_woe_categorical | auto_woe_binning_categorical:799 | INFO | Minimum Bin Percentage:...... 0.05
2026-06-20 21:47:40,767 | [None] | mlops.auto_binning_woe_categorical | auto_woe_binning_categorical:800 | INFO | Maximum Final Bins:.......... 6
2026-06-20 21:47:40,767 | [None] | mlops.auto_binning_woe_categorical | auto_woe_binning_categorical:801 | INFO | Minimum Final Bins:.......... 2
2026-06-20 21:47:40,767 | [None] | mlops.auto_binning_woe_categorical | auto_woe_binning_categorical:802 | INFO | Minimum IV:.................. 0.02
2026-06-20 21:47:40,767 | [None] | mlops.auto_binning_woe_categorical | auto_woe_binning_categorical:803 | INFO | Maximum IV:.................. 0.5
2026-06-20 21:47:40,767 | [None] | mlops.auto_binning_woe_categorical | auto_woe_binning_categorical:804 | INFO | Maximum Iterations:.......... 20
2026-06-20 21:47:40,767 | [None] | mlops.auto_binning_woe_categorical | auto_woe_binning_categorical:805 | INFO | ==================================================
2026-06-20 21:47:40,767 | [None] | mlops.auto_binning_woe_categorical | auto_woe_binning_categorical:807 | INFO | ==================================================
2026-06-20 21:47:40,767 | [None] | mlops.auto_binning_woe_categorical | auto_woe_binning_categorical:808 | INFO | AUTO BINNING RESULTS
2026-06-20 21:47:40,768 | [None] | mlops.auto_binning_woe_categorical | auto_woe_binning_categorical:809 | INFO | Stopping Iteration:............... 2
2026-06-20 21:47:40,768 | [None] | mlops.auto_binning_woe_categorical | auto_woe_binning_categorical:810 | INFO | Feature Name:..................... repayment_status_jul_2005
2026-06-20 21:47:40,768 | [None] | mlops.auto_binning_woe_categorical | auto_woe_binning_categorical:811 | INFO | Final Bin Count:.................. 4
2026-06-20 21:47:40,768 | [None] | mlops.auto_binning_woe_categorical | auto_woe_binning_categorical:812 | INFO | Total Information Value (IV):..... 0.420572
2026-06-20 21:47:40,768 | [None] | mlops.auto_binning_woe_categorical | auto_woe_binning_categorical:813 | INFO | IV Interpretation:................ Strong Predictive Power
2026-06-20 21:47:40,768 | [None] | mlops.auto_binning_woe_categorical | auto_woe_binning_categorical:814 | INFO | Binning Status:................... PASS
2026-06-20 21:47:40,768 | [None] | mlops.auto_binning_woe_categorical | auto_woe_binning_categorical:815 | INFO | --------------------------------------------------
2026-06-20 21:47:40,768 | [None] | mlops.auto_binning_woe_categorical | auto_woe_binning_categorical:816 | INFO | WoE Summary Table:
2026-06-20 21:47:40,769 | [None] | mlops.auto_binning_woe_categorical | auto_woe_binning_categorical:817 | INFO | 
                          _bin  total  good  bad  bad_rate  bin_pct  good_dist  bad_dist  good_dist_minus_bad_dist  odds_ratio       woe  woe_display       iv
repayment_status_jul_2005_grp0   3968  3343  625  0.157510 0.197413   0.213560  0.140625                  0.072935    1.518651  0.417822    41.782244 0.030474
repayment_status_jul_2005_grp1   2730  2253  477  0.174725 0.135821   0.143938  0.107352                  0.036587    1.340813  0.293276    29.327601 0.010730
repayment_status_jul_2005_grp2  10573  8717 1856  0.175541 0.526020   0.556815  0.417379                  0.139437    1.334077  0.288240    28.823983 0.040191
repayment_status_jul_2005_grp3   2829  1341 1488  0.525981 0.140746   0.085686  0.334645                 -0.248959    0.256051 -1.362380  -136.238018 0.339177

2026-06-20 21:47:40,769 | [None] | mlops.auto_binning_woe_categorical | auto_woe_binning_categorical:818 | INFO | --------------------------------------------------
2026-06-20 21:47:40,769 | [None] | mlops.auto_binning_woe_categorical | auto_woe_binning_categorical:819 | INFO | Values to Group:
2026-06-20 21:47:40,769 | [None] | mlops.auto_binning_woe_categorical | auto_woe_binning_categorical:821 | INFO |   repayment_status_jul_2005_grp0: ['-1']
2026-06-20 21:47:40,770 | [None] | mlops.auto_binning_woe_categorical | auto_woe_binning_categorical:821 | INFO |   repayment_status_jul_2005_grp1: ['-2']
2026-06-20 21:47:40,770 | [None] | mlops.auto_binning_woe_categorical | auto_woe_binning_categorical:821 | INFO |   repayment_status_jul_2005_grp2: ['0']
2026-06-20 21:47:40,770 | [None] | mlops.auto_binning_woe_categorical | auto_woe_binning_categorical:821 | INFO |   repayment_status_jul_2005_grp3: ['2', 'Rare']
2026-06-20 21:47:40,770 | [None] | mlops.auto_binning_woe_categorical | auto_woe_binning_categorical:822 | INFO | --------------------------------------------------
2026-06-20 21:47:40,770 | [None] | mlops.auto_binning_woe_categorical | auto_woe_binning_categorical:823 | INFO | Quality Check Results:
2026-06-20 21:47:40,770 | [None] | mlops.auto_binning_woe_categorical | auto_woe_binning_categorical:825 | INFO |   minBinPct: Is minimum pct of each bin > 0.05? -> True
2026-06-20 21:47:40,770 | [None] | mlops.auto_binning_woe_categorical | auto_woe_binning_categorical:825 | INFO |   goodBadExist: Do good and bad exist in every bin? -> True
2026-06-20 21:47:40,770 | [None] | mlops.auto_binning_woe_categorical | auto_woe_binning_categorical:825 | INFO |   badRateMonotonic: Is Bad Rate monotonic? -> True
2026-06-20 21:47:40,770 | [None] | mlops.auto_binning_woe_categorical | auto_woe_binning_categorical:825 | INFO |   woeMonotonic: Is WoE monotonic? -> True
2026-06-20 21:47:40,770 | [None] | mlops.auto_binning_woe_categorical | auto_woe_binning_categorical:825 | INFO |   binCount: Are bins between 2 and 6? -> True
2026-06-20 21:47:40,770 | [None] | mlops.auto_binning_woe_categorical | auto_woe_binning_categorical:825 | INFO |   ivReasonable: Is IV 0.420572 reasonable? (0.02 < IV < 0.50) -> True
2026-06-20 21:47:40,770 | [None] | mlops.auto_binning_woe_categorical | auto_woe_binning_categorical:826 | INFO | --------------------------------------------------
2026-06-20 21:47:40,770 | [None] | mlops.auto_binning_woe_categorical | auto_woe_binning_categorical:828 | INFO | Auto binning completed successfully for feature: 'repayment_status_jul_2005'
2026-06-20 21:47:40,770 | [None] | mlops.auto_binning_woe_categorical | auto_woe_binning_categorical:829 | INFO | ==================================================
2026-06-20 21:47:40,771 | [None] | mlops.auto_binning_woe_categorical | auto_woe_binning_categorical:409 | INFO | Starting categorical WoE auto binning. Feature:repayment_status_jun_2005, Target:TARGET
2026-06-20 21:47:40,773 | [None] | mlops.auto_binning_woe_categorical | auto_woe_binning_categorical:463 | INFO | Missing rows dropped. Before=20100, After=20100, Dropped=0
2026-06-20 21:47:40,774 | [None] | mlops.auto_binning_woe_categorical | auto_woe_binning_categorical:466 | INFO | Target variable TARGET converted to integer type.
2026-06-20 21:47:40,774 | [None] | mlops.auto_binning_woe_categorical | auto_woe_binning_categorical:470 | INFO | Distinct categories found: ['-1', '-2', '0', '2', 'Rare']
2026-06-20 21:47:40,775 | [None] | mlops.auto_binning_woe_categorical | create_initial_category_groups:182 | INFO | Creating initial category groups. Category count=5
2026-06-20 21:47:40,775 | [None] | mlops.auto_binning_woe_categorical | create_initial_category_groups:188 | INFO | Initial category groups created:
2026-06-20 21:47:40,775 | [None] | mlops.auto_binning_woe_categorical | create_initial_category_groups:190 | INFO |   - Category: '-1' -> Group: 0
2026-06-20 21:47:40,775 | [None] | mlops.auto_binning_woe_categorical | create_initial_category_groups:190 | INFO |   - Category: '-2' -> Group: 1
2026-06-20 21:47:40,775 | [None] | mlops.auto_binning_woe_categorical | create_initial_category_groups:190 | INFO |   - Category: '0' -> Group: 2
2026-06-20 21:47:40,775 | [None] | mlops.auto_binning_woe_categorical | create_initial_category_groups:190 | INFO |   - Category: '2' -> Group: 3
2026-06-20 21:47:40,775 | [None] | mlops.auto_binning_woe_categorical | create_initial_category_groups:190 | INFO |   - Category: 'Rare' -> Group: 4
2026-06-20 21:47:40,775 | [None] | mlops.auto_binning_woe_categorical | auto_woe_binning_categorical:491 | INFO | --- Iteration 1 ---
2026-06-20 21:47:40,775 | [None] | mlops.auto_binning_woe_categorical | assign_bins_from_category_groups:226 | INFO | Assigning observations to category groups. Group count=5
2026-06-20 21:47:40,776 | [None] | mlops.auto_binning_woe_categorical | assign_bins_from_category_groups:231 | INFO | Observations assigned to groups:
2026-06-20 21:47:40,777 | [None] | mlops.auto_binning_woe_categorical | assign_bins_from_category_groups:235 | INFO | 	Group 0: 3807 observations, Categories: ['-1']
2026-06-20 21:47:40,777 | [None] | mlops.auto_binning_woe_categorical | assign_bins_from_category_groups:235 | INFO | 	Group 1: 2908 observations, Categories: ['-2']
2026-06-20 21:47:40,777 | [None] | mlops.auto_binning_woe_categorical | assign_bins_from_category_groups:235 | INFO | 	Group 2: 11009 observations, Categories: ['0']
2026-06-20 21:47:40,777 | [None] | mlops.auto_binning_woe_categorical | assign_bins_from_category_groups:235 | INFO | 	Group 3: 2145 observations, Categories: ['2']
2026-06-20 21:47:40,777 | [None] | mlops.auto_binning_woe_categorical | assign_bins_from_category_groups:235 | INFO | 	Group 4: 231 observations, Categories: ['Rare']
2026-06-20 21:47:40,778 | [None] | mlops.auto_binning_woe_categorical | auto_woe_binning_categorical:500 | INFO | STEP: 1 - Bins assigned based on current category groups.
2026-06-20 21:47:40,778 | [None] | mlops.auto_binning_woe_categorical | calculate_woe_iv_table_categorical:95 | INFO | Calculating WoE / IV table for categorical binning. bin_col='_bin'
2026-06-20 21:47:40,780 | [None] | mlops.auto_binning_woe_categorical | calculate_woe_iv_table_categorical:113 | INFO | Total good: 15654, Total bad: 4446
2026-06-20 21:47:40,782 | [None] | mlops.auto_binning_woe_categorical | calculate_woe_iv_table_categorical:145 | INFO | WoE / IV table calculated. Bin count=5, Total IV=0.371854
2026-06-20 21:47:40,782 | [None] | mlops.auto_binning_woe_categorical | auto_woe_binning_categorical:509 | INFO | STEP: 1 - WoE / IV summary table calculated.
2026-06-20 21:47:40,782 | [None] | mlops.auto_binning_woe_categorical | auto_woe_binning_categorical:513 | INFO | STEP: 1 - Summary table sorted by bad_rate.
2026-06-20 21:47:40,782 | [None] | mlops.auto_binning_woe_categorical | auto_woe_binning_categorical:518 | INFO | STEP: 1 - Current bin count=5, Current IV=0.371854
2026-06-20 21:47:40,783 | [None] | mlops.auto_binning_woe_categorical | auto_woe_binning_categorical:531 | INFO | STEP: 1 - RULES CHECK START
2026-06-20 21:47:40,783 | [None] | mlops.auto_binning_woe_categorical | auto_woe_binning_categorical:555 | INFO | Rule 1 triggered: small bin merge.
2026-06-20 21:47:40,783 | [None] | mlops.auto_binning_woe_categorical | auto_woe_binning_categorical:556 | INFO | STEP: 1 - Problem bin=4, Merge with bin=3
2026-06-20 21:47:40,783 | [None] | mlops.auto_binning_woe_categorical | merge_category_groups:270 | INFO | Merging category groups. Merging group 3 into group 4
2026-06-20 21:47:40,784 | [None] | mlops.auto_binning_woe_categorical | merge_category_groups:286 | INFO | Groups merged and renumbered. New group count=4
2026-06-20 21:47:40,784 | [None] | mlops.auto_binning_woe_categorical | auto_woe_binning_categorical:564 | INFO | STEP: 1 - Category groups merged based on Rule 1.
2026-06-20 21:47:40,784 | [None] | mlops.auto_binning_woe_categorical | auto_woe_binning_categorical:491 | INFO | --- Iteration 2 ---
2026-06-20 21:47:40,784 | [None] | mlops.auto_binning_woe_categorical | assign_bins_from_category_groups:226 | INFO | Assigning observations to category groups. Group count=4
2026-06-20 21:47:40,785 | [None] | mlops.auto_binning_woe_categorical | assign_bins_from_category_groups:231 | INFO | Observations assigned to groups:
2026-06-20 21:47:40,785 | [None] | mlops.auto_binning_woe_categorical | assign_bins_from_category_groups:235 | INFO | 	Group 0: 3807 observations, Categories: ['-1']
2026-06-20 21:47:40,785 | [None] | mlops.auto_binning_woe_categorical | assign_bins_from_category_groups:235 | INFO | 	Group 1: 2908 observations, Categories: ['-2']
2026-06-20 21:47:40,785 | [None] | mlops.auto_binning_woe_categorical | assign_bins_from_category_groups:235 | INFO | 	Group 2: 11009 observations, Categories: ['0']
2026-06-20 21:47:40,785 | [None] | mlops.auto_binning_woe_categorical | assign_bins_from_category_groups:235 | INFO | 	Group 3: 2376 observations, Categories: ['2', 'Rare']
2026-06-20 21:47:40,785 | [None] | mlops.auto_binning_woe_categorical | auto_woe_binning_categorical:500 | INFO | STEP: 2 - Bins assigned based on current category groups.
2026-06-20 21:47:40,785 | [None] | mlops.auto_binning_woe_categorical | calculate_woe_iv_table_categorical:95 | INFO | Calculating WoE / IV table for categorical binning. bin_col='_bin'
2026-06-20 21:47:40,787 | [None] | mlops.auto_binning_woe_categorical | calculate_woe_iv_table_categorical:113 | INFO | Total good: 15654, Total bad: 4446
2026-06-20 21:47:40,789 | [None] | mlops.auto_binning_woe_categorical | calculate_woe_iv_table_categorical:145 | INFO | WoE / IV table calculated. Bin count=4, Total IV=0.369447
2026-06-20 21:47:40,789 | [None] | mlops.auto_binning_woe_categorical | auto_woe_binning_categorical:509 | INFO | STEP: 2 - WoE / IV summary table calculated.
2026-06-20 21:47:40,790 | [None] | mlops.auto_binning_woe_categorical | auto_woe_binning_categorical:513 | INFO | STEP: 2 - Summary table sorted by bad_rate.
2026-06-20 21:47:40,790 | [None] | mlops.auto_binning_woe_categorical | auto_woe_binning_categorical:518 | INFO | STEP: 2 - Current bin count=4, Current IV=0.369447
2026-06-20 21:47:40,790 | [None] | mlops.auto_binning_woe_categorical | auto_woe_binning_categorical:531 | INFO | STEP: 2 - RULES CHECK START
2026-06-20 21:47:40,791 | [None] | mlops.auto_binning_woe_categorical | auto_woe_binning_categorical:681 | INFO | No more merge required. Stopping at iteration=2
2026-06-20 21:47:40,791 | [None] | mlops.auto_binning_woe_categorical | auto_woe_binning_categorical:689 | INFO | Iterative merging process completed after 2 iterations.
2026-06-20 21:47:40,792 | [None] | mlops.auto_binning_woe_categorical | auto_woe_binning_categorical:690 | INFO | ----FINAL BINNING RESULTS----
2026-06-20 21:47:40,792 | [None] | mlops.auto_binning_woe_categorical | assign_bins_from_category_groups:226 | INFO | Assigning observations to category groups. Group count=4
2026-06-20 21:47:40,793 | [None] | mlops.auto_binning_woe_categorical | assign_bins_from_category_groups:231 | INFO | Observations assigned to groups:
2026-06-20 21:47:40,793 | [None] | mlops.auto_binning_woe_categorical | assign_bins_from_category_groups:235 | INFO | 	Group 0: 3807 observations, Categories: ['-1']
2026-06-20 21:47:40,793 | [None] | mlops.auto_binning_woe_categorical | assign_bins_from_category_groups:235 | INFO | 	Group 1: 2908 observations, Categories: ['-2']
2026-06-20 21:47:40,793 | [None] | mlops.auto_binning_woe_categorical | assign_bins_from_category_groups:235 | INFO | 	Group 2: 11009 observations, Categories: ['0']
2026-06-20 21:47:40,794 | [None] | mlops.auto_binning_woe_categorical | assign_bins_from_category_groups:235 | INFO | 	Group 3: 2376 observations, Categories: ['2', 'Rare']
2026-06-20 21:47:40,794 | [None] | mlops.auto_binning_woe_categorical | calculate_woe_iv_table_categorical:95 | INFO | Calculating WoE / IV table for categorical binning. bin_col='_bin'
2026-06-20 21:47:40,796 | [None] | mlops.auto_binning_woe_categorical | calculate_woe_iv_table_categorical:113 | INFO | Total good: 15654, Total bad: 4446
2026-06-20 21:47:40,797 | [None] | mlops.auto_binning_woe_categorical | calculate_woe_iv_table_categorical:145 | INFO | WoE / IV table calculated. Bin count=4, Total IV=0.369447
2026-06-20 21:47:40,800 | [None] | mlops.auto_binning_woe_categorical | auto_woe_binning_categorical:759 | INFO | Final status: PASS (all checks passed)
2026-06-20 21:47:40,800 | [None] | mlops.auto_binning_woe_categorical | auto_woe_binning_categorical:764 | INFO | Feature: repayment_status_jun_2005, Final bins=4, Total IV=0.369447, Status=PASS
2026-06-20 21:47:40,800 | [None] | mlops.auto_binning_woe_categorical | auto_woe_binning_categorical:766 | INFO | Values to Group mapping:
2026-06-20 21:47:40,800 | [None] | mlops.auto_binning_woe_categorical | auto_woe_binning_categorical:768 | INFO |   - repayment_status_jun_2005_grp0: ['-1']
2026-06-20 21:47:40,800 | [None] | mlops.auto_binning_woe_categorical | auto_woe_binning_categorical:768 | INFO |   - repayment_status_jun_2005_grp1: ['-2']
2026-06-20 21:47:40,800 | [None] | mlops.auto_binning_woe_categorical | auto_woe_binning_categorical:768 | INFO |   - repayment_status_jun_2005_grp2: ['0']
2026-06-20 21:47:40,800 | [None] | mlops.auto_binning_woe_categorical | auto_woe_binning_categorical:768 | INFO |   - repayment_status_jun_2005_grp3: ['2', 'Rare']
2026-06-20 21:47:40,802 | [None] | mlops.auto_binning_woe_categorical | auto_woe_binning_categorical:788 | INFO | Auto binning result saved to ./outputs/auto_binning_woe/repayment_status_jun_2005/final_auto_binning_woe.json
2026-06-20 21:47:40,803 | [None] | mlops.auto_binning_woe_categorical | auto_woe_binning_categorical:792 | INFO | Final WOE table saved to ./outputs/auto_binning_woe/repayment_status_jun_2005/final_woe_table.csv
2026-06-20 21:47:40,803 | [None] | mlops.auto_binning_woe_categorical | auto_woe_binning_categorical:795 | INFO | ==================================================
2026-06-20 21:47:40,803 | [None] | mlops.auto_binning_woe_categorical | auto_woe_binning_categorical:796 | INFO | INITIALIZE PARAMETERS
2026-06-20 21:47:40,803 | [None] | mlops.auto_binning_woe_categorical | auto_woe_binning_categorical:797 | INFO | Feature:..................... repayment_status_jun_2005
2026-06-20 21:47:40,803 | [None] | mlops.auto_binning_woe_categorical | auto_woe_binning_categorical:798 | INFO | Target:...................... TARGET
2026-06-20 21:47:40,803 | [None] | mlops.auto_binning_woe_categorical | auto_woe_binning_categorical:799 | INFO | Minimum Bin Percentage:...... 0.05
2026-06-20 21:47:40,803 | [None] | mlops.auto_binning_woe_categorical | auto_woe_binning_categorical:800 | INFO | Maximum Final Bins:.......... 6
2026-06-20 21:47:40,803 | [None] | mlops.auto_binning_woe_categorical | auto_woe_binning_categorical:801 | INFO | Minimum Final Bins:.......... 2
2026-06-20 21:47:40,804 | [None] | mlops.auto_binning_woe_categorical | auto_woe_binning_categorical:802 | INFO | Minimum IV:.................. 0.02
2026-06-20 21:47:40,804 | [None] | mlops.auto_binning_woe_categorical | auto_woe_binning_categorical:803 | INFO | Maximum IV:.................. 0.5
2026-06-20 21:47:40,804 | [None] | mlops.auto_binning_woe_categorical | auto_woe_binning_categorical:804 | INFO | Maximum Iterations:.......... 20
2026-06-20 21:47:40,804 | [None] | mlops.auto_binning_woe_categorical | auto_woe_binning_categorical:805 | INFO | ==================================================
2026-06-20 21:47:40,804 | [None] | mlops.auto_binning_woe_categorical | auto_woe_binning_categorical:807 | INFO | ==================================================
2026-06-20 21:47:40,804 | [None] | mlops.auto_binning_woe_categorical | auto_woe_binning_categorical:808 | INFO | AUTO BINNING RESULTS
2026-06-20 21:47:40,804 | [None] | mlops.auto_binning_woe_categorical | auto_woe_binning_categorical:809 | INFO | Stopping Iteration:............... 2
2026-06-20 21:47:40,804 | [None] | mlops.auto_binning_woe_categorical | auto_woe_binning_categorical:810 | INFO | Feature Name:..................... repayment_status_jun_2005
2026-06-20 21:47:40,804 | [None] | mlops.auto_binning_woe_categorical | auto_woe_binning_categorical:811 | INFO | Final Bin Count:.................. 4
2026-06-20 21:47:40,804 | [None] | mlops.auto_binning_woe_categorical | auto_woe_binning_categorical:812 | INFO | Total Information Value (IV):..... 0.369447
2026-06-20 21:47:40,804 | [None] | mlops.auto_binning_woe_categorical | auto_woe_binning_categorical:813 | INFO | IV Interpretation:................ Strong Predictive Power
2026-06-20 21:47:40,804 | [None] | mlops.auto_binning_woe_categorical | auto_woe_binning_categorical:814 | INFO | Binning Status:................... PASS
2026-06-20 21:47:40,804 | [None] | mlops.auto_binning_woe_categorical | auto_woe_binning_categorical:815 | INFO | --------------------------------------------------
2026-06-20 21:47:40,804 | [None] | mlops.auto_binning_woe_categorical | auto_woe_binning_categorical:816 | INFO | WoE Summary Table:
2026-06-20 21:47:40,805 | [None] | mlops.auto_binning_woe_categorical | auto_woe_binning_categorical:817 | INFO | 
                          _bin  total  good  bad  bad_rate  bin_pct  good_dist  bad_dist  good_dist_minus_bad_dist  odds_ratio       woe  woe_display       iv
repayment_status_jun_2005_grp0   3807  3194  613  0.161019 0.189403   0.204043  0.137927                  0.066116    1.479355  0.391606    39.160592 0.025891
repayment_status_jun_2005_grp1   2908  2382  526  0.180880 0.144677   0.152178  0.118368                  0.033810    1.285637  0.251255    25.125463 0.008495
repayment_status_jun_2005_grp2  11009  8982 2027  0.184122 0.547711   0.573742  0.455823                  0.117919    1.258694  0.230075    23.007506 0.027130
repayment_status_jun_2005_grp3   2376  1096 1280  0.538721 0.118209   0.070037  0.287882                 -0.217845    0.243284 -1.413527  -141.352701 0.307930

2026-06-20 21:47:40,806 | [None] | mlops.auto_binning_woe_categorical | auto_woe_binning_categorical:818 | INFO | --------------------------------------------------
2026-06-20 21:47:40,806 | [None] | mlops.auto_binning_woe_categorical | auto_woe_binning_categorical:819 | INFO | Values to Group:
2026-06-20 21:47:40,806 | [None] | mlops.auto_binning_woe_categorical | auto_woe_binning_categorical:821 | INFO |   repayment_status_jun_2005_grp0: ['-1']
2026-06-20 21:47:40,806 | [None] | mlops.auto_binning_woe_categorical | auto_woe_binning_categorical:821 | INFO |   repayment_status_jun_2005_grp1: ['-2']
2026-06-20 21:47:40,806 | [None] | mlops.auto_binning_woe_categorical | auto_woe_binning_categorical:821 | INFO |   repayment_status_jun_2005_grp2: ['0']
2026-06-20 21:47:40,806 | [None] | mlops.auto_binning_woe_categorical | auto_woe_binning_categorical:821 | INFO |   repayment_status_jun_2005_grp3: ['2', 'Rare']
2026-06-20 21:47:40,806 | [None] | mlops.auto_binning_woe_categorical | auto_woe_binning_categorical:822 | INFO | --------------------------------------------------
2026-06-20 21:47:40,806 | [None] | mlops.auto_binning_woe_categorical | auto_woe_binning_categorical:823 | INFO | Quality Check Results:
2026-06-20 21:47:40,806 | [None] | mlops.auto_binning_woe_categorical | auto_woe_binning_categorical:825 | INFO |   minBinPct: Is minimum pct of each bin > 0.05? -> True
2026-06-20 21:47:40,806 | [None] | mlops.auto_binning_woe_categorical | auto_woe_binning_categorical:825 | INFO |   goodBadExist: Do good and bad exist in every bin? -> True
2026-06-20 21:47:40,806 | [None] | mlops.auto_binning_woe_categorical | auto_woe_binning_categorical:825 | INFO |   badRateMonotonic: Is Bad Rate monotonic? -> True
2026-06-20 21:47:40,806 | [None] | mlops.auto_binning_woe_categorical | auto_woe_binning_categorical:825 | INFO |   woeMonotonic: Is WoE monotonic? -> True
2026-06-20 21:47:40,806 | [None] | mlops.auto_binning_woe_categorical | auto_woe_binning_categorical:825 | INFO |   binCount: Are bins between 2 and 6? -> True
2026-06-20 21:47:40,806 | [None] | mlops.auto_binning_woe_categorical | auto_woe_binning_categorical:825 | INFO |   ivReasonable: Is IV 0.369447 reasonable? (0.02 < IV < 0.50) -> True
2026-06-20 21:47:40,807 | [None] | mlops.auto_binning_woe_categorical | auto_woe_binning_categorical:826 | INFO | --------------------------------------------------
2026-06-20 21:47:40,807 | [None] | mlops.auto_binning_woe_categorical | auto_woe_binning_categorical:828 | INFO | Auto binning completed successfully for feature: 'repayment_status_jun_2005'
2026-06-20 21:47:40,807 | [None] | mlops.auto_binning_woe_categorical | auto_woe_binning_categorical:829 | INFO | ==================================================
2026-06-20 21:47:40,807 | [None] | mlops.auto_binning_woe_categorical | auto_woe_binning_categorical:409 | INFO | Starting categorical WoE auto binning. Feature:repayment_status_may_2005, Target:TARGET
2026-06-20 21:47:40,810 | [None] | mlops.auto_binning_woe_categorical | auto_woe_binning_categorical:463 | INFO | Missing rows dropped. Before=20100, After=20100, Dropped=0
2026-06-20 21:47:40,810 | [None] | mlops.auto_binning_woe_categorical | auto_woe_binning_categorical:466 | INFO | Target variable TARGET converted to integer type.
2026-06-20 21:47:40,811 | [None] | mlops.auto_binning_woe_categorical | auto_woe_binning_categorical:470 | INFO | Distinct categories found: ['-1', '-2', '0', '2', '3', '4', '5', '6', '7', '8']
2026-06-20 21:47:40,811 | [None] | mlops.auto_binning_woe_categorical | create_initial_category_groups:182 | INFO | Creating initial category groups. Category count=10
2026-06-20 21:47:40,811 | [None] | mlops.auto_binning_woe_categorical | create_initial_category_groups:188 | INFO | Initial category groups created:
2026-06-20 21:47:40,811 | [None] | mlops.auto_binning_woe_categorical | create_initial_category_groups:190 | INFO |   - Category: '-1' -> Group: 0
2026-06-20 21:47:40,811 | [None] | mlops.auto_binning_woe_categorical | create_initial_category_groups:190 | INFO |   - Category: '-2' -> Group: 1
2026-06-20 21:47:40,812 | [None] | mlops.auto_binning_woe_categorical | create_initial_category_groups:190 | INFO |   - Category: '0' -> Group: 2
2026-06-20 21:47:40,812 | [None] | mlops.auto_binning_woe_categorical | create_initial_category_groups:190 | INFO |   - Category: '2' -> Group: 3
2026-06-20 21:47:40,812 | [None] | mlops.auto_binning_woe_categorical | create_initial_category_groups:190 | INFO |   - Category: '3' -> Group: 4
2026-06-20 21:47:40,812 | [None] | mlops.auto_binning_woe_categorical | create_initial_category_groups:190 | INFO |   - Category: '4' -> Group: 5
2026-06-20 21:47:40,812 | [None] | mlops.auto_binning_woe_categorical | create_initial_category_groups:190 | INFO |   - Category: '5' -> Group: 6
2026-06-20 21:47:40,812 | [None] | mlops.auto_binning_woe_categorical | create_initial_category_groups:190 | INFO |   - Category: '6' -> Group: 7
2026-06-20 21:47:40,812 | [None] | mlops.auto_binning_woe_categorical | create_initial_category_groups:190 | INFO |   - Category: '7' -> Group: 8
2026-06-20 21:47:40,812 | [None] | mlops.auto_binning_woe_categorical | create_initial_category_groups:190 | INFO |   - Category: '8' -> Group: 9
2026-06-20 21:47:40,812 | [None] | mlops.auto_binning_woe_categorical | auto_woe_binning_categorical:491 | INFO | --- Iteration 1 ---
2026-06-20 21:47:40,812 | [None] | mlops.auto_binning_woe_categorical | assign_bins_from_category_groups:226 | INFO | Assigning observations to category groups. Group count=10
2026-06-20 21:47:40,813 | [None] | mlops.auto_binning_woe_categorical | assign_bins_from_category_groups:231 | INFO | Observations assigned to groups:
2026-06-20 21:47:40,813 | [None] | mlops.auto_binning_woe_categorical | assign_bins_from_category_groups:235 | INFO | 	Group 0: 3702 observations, Categories: ['-1']
2026-06-20 21:47:40,814 | [None] | mlops.auto_binning_woe_categorical | assign_bins_from_category_groups:235 | INFO | 	Group 1: 3069 observations, Categories: ['-2']
2026-06-20 21:47:40,814 | [None] | mlops.auto_binning_woe_categorical | assign_bins_from_category_groups:235 | INFO | 	Group 2: 11346 observations, Categories: ['0']
2026-06-20 21:47:40,814 | [None] | mlops.auto_binning_woe_categorical | assign_bins_from_category_groups:235 | INFO | 	Group 3: 1757 observations, Categories: ['2']
2026-06-20 21:47:40,814 | [None] | mlops.auto_binning_woe_categorical | assign_bins_from_category_groups:235 | INFO | 	Group 4: 124 observations, Categories: ['3']
2026-06-20 21:47:40,814 | [None] | mlops.auto_binning_woe_categorical | assign_bins_from_category_groups:235 | INFO | 	Group 5: 60 observations, Categories: ['4']
2026-06-20 21:47:40,814 | [None] | mlops.auto_binning_woe_categorical | assign_bins_from_category_groups:235 | INFO | 	Group 6: 9 observations, Categories: ['5']
2026-06-20 21:47:40,815 | [None] | mlops.auto_binning_woe_categorical | assign_bins_from_category_groups:235 | INFO | 	Group 7: 3 observations, Categories: ['6']
2026-06-20 21:47:40,815 | [None] | mlops.auto_binning_woe_categorical | assign_bins_from_category_groups:235 | INFO | 	Group 8: 29 observations, Categories: ['7']
2026-06-20 21:47:40,815 | [None] | mlops.auto_binning_woe_categorical | assign_bins_from_category_groups:235 | INFO | 	Group 9: 1 observations, Categories: ['8']
2026-06-20 21:47:40,815 | [None] | mlops.auto_binning_woe_categorical | auto_woe_binning_categorical:500 | INFO | STEP: 1 - Bins assigned based on current category groups.
2026-06-20 21:47:40,815 | [None] | mlops.auto_binning_woe_categorical | calculate_woe_iv_table_categorical:95 | INFO | Calculating WoE / IV table for categorical binning. bin_col='_bin'
2026-06-20 21:47:40,817 | [None] | mlops.auto_binning_woe_categorical | calculate_woe_iv_table_categorical:113 | INFO | Total good: 15654, Total bad: 4446
2026-06-20 21:47:40,819 | [None] | mlops.auto_binning_woe_categorical | calculate_woe_iv_table_categorical:145 | INFO | WoE / IV table calculated. Bin count=10, Total IV=0.348989
2026-06-20 21:47:40,819 | [None] | mlops.auto_binning_woe_categorical | auto_woe_binning_categorical:509 | INFO | STEP: 1 - WoE / IV summary table calculated.
2026-06-20 21:47:40,819 | [None] | mlops.auto_binning_woe_categorical | auto_woe_binning_categorical:513 | INFO | STEP: 1 - Summary table sorted by bad_rate.
2026-06-20 21:47:40,819 | [None] | mlops.auto_binning_woe_categorical | auto_woe_binning_categorical:518 | INFO | STEP: 1 - Current bin count=10, Current IV=0.348989
2026-06-20 21:47:40,820 | [None] | mlops.auto_binning_woe_categorical | auto_woe_binning_categorical:531 | INFO | STEP: 1 - RULES CHECK START
2026-06-20 21:47:40,821 | [None] | mlops.auto_binning_woe_categorical | auto_woe_binning_categorical:555 | INFO | Rule 1 triggered: small bin merge.
2026-06-20 21:47:40,821 | [None] | mlops.auto_binning_woe_categorical | auto_woe_binning_categorical:556 | INFO | STEP: 1 - Problem bin=9, Merge with bin=7
2026-06-20 21:47:40,821 | [None] | mlops.auto_binning_woe_categorical | merge_category_groups:270 | INFO | Merging category groups. Merging group 7 into group 9
2026-06-20 21:47:40,821 | [None] | mlops.auto_binning_woe_categorical | merge_category_groups:286 | INFO | Groups merged and renumbered. New group count=9
2026-06-20 21:47:40,821 | [None] | mlops.auto_binning_woe_categorical | auto_woe_binning_categorical:564 | INFO | STEP: 1 - Category groups merged based on Rule 1.
2026-06-20 21:47:40,821 | [None] | mlops.auto_binning_woe_categorical | auto_woe_binning_categorical:491 | INFO | --- Iteration 2 ---
2026-06-20 21:47:40,821 | [None] | mlops.auto_binning_woe_categorical | assign_bins_from_category_groups:226 | INFO | Assigning observations to category groups. Group count=9
2026-06-20 21:47:40,822 | [None] | mlops.auto_binning_woe_categorical | assign_bins_from_category_groups:231 | INFO | Observations assigned to groups:
2026-06-20 21:47:40,822 | [None] | mlops.auto_binning_woe_categorical | assign_bins_from_category_groups:235 | INFO | 	Group 0: 3702 observations, Categories: ['-1']
2026-06-20 21:47:40,822 | [None] | mlops.auto_binning_woe_categorical | assign_bins_from_category_groups:235 | INFO | 	Group 1: 3069 observations, Categories: ['-2']
2026-06-20 21:47:40,822 | [None] | mlops.auto_binning_woe_categorical | assign_bins_from_category_groups:235 | INFO | 	Group 2: 11346 observations, Categories: ['0']
2026-06-20 21:47:40,823 | [None] | mlops.auto_binning_woe_categorical | assign_bins_from_category_groups:235 | INFO | 	Group 3: 1757 observations, Categories: ['2']
2026-06-20 21:47:40,823 | [None] | mlops.auto_binning_woe_categorical | assign_bins_from_category_groups:235 | INFO | 	Group 4: 124 observations, Categories: ['3']
2026-06-20 21:47:40,823 | [None] | mlops.auto_binning_woe_categorical | assign_bins_from_category_groups:235 | INFO | 	Group 5: 60 observations, Categories: ['4']
2026-06-20 21:47:40,823 | [None] | mlops.auto_binning_woe_categorical | assign_bins_from_category_groups:235 | INFO | 	Group 6: 9 observations, Categories: ['5']
2026-06-20 21:47:40,823 | [None] | mlops.auto_binning_woe_categorical | assign_bins_from_category_groups:235 | INFO | 	Group 7: 29 observations, Categories: ['7']
2026-06-20 21:47:40,823 | [None] | mlops.auto_binning_woe_categorical | assign_bins_from_category_groups:235 | INFO | 	Group 8: 4 observations, Categories: ['6', '8']
2026-06-20 21:47:40,823 | [None] | mlops.auto_binning_woe_categorical | auto_woe_binning_categorical:500 | INFO | STEP: 2 - Bins assigned based on current category groups.
2026-06-20 21:47:40,823 | [None] | mlops.auto_binning_woe_categorical | calculate_woe_iv_table_categorical:95 | INFO | Calculating WoE / IV table for categorical binning. bin_col='_bin'
2026-06-20 21:47:40,825 | [None] | mlops.auto_binning_woe_categorical | calculate_woe_iv_table_categorical:113 | INFO | Total good: 15654, Total bad: 4446
2026-06-20 21:47:40,827 | [None] | mlops.auto_binning_woe_categorical | calculate_woe_iv_table_categorical:145 | INFO | WoE / IV table calculated. Bin count=9, Total IV=0.349264
2026-06-20 21:47:40,828 | [None] | mlops.auto_binning_woe_categorical | auto_woe_binning_categorical:509 | INFO | STEP: 2 - WoE / IV summary table calculated.
2026-06-20 21:47:40,828 | [None] | mlops.auto_binning_woe_categorical | auto_woe_binning_categorical:513 | INFO | STEP: 2 - Summary table sorted by bad_rate.
2026-06-20 21:47:40,828 | [None] | mlops.auto_binning_woe_categorical | auto_woe_binning_categorical:518 | INFO | STEP: 2 - Current bin count=9, Current IV=0.349264
2026-06-20 21:47:40,829 | [None] | mlops.auto_binning_woe_categorical | auto_woe_binning_categorical:531 | INFO | STEP: 2 - RULES CHECK START
2026-06-20 21:47:40,830 | [None] | mlops.auto_binning_woe_categorical | auto_woe_binning_categorical:555 | INFO | Rule 1 triggered: small bin merge.
2026-06-20 21:47:40,830 | [None] | mlops.auto_binning_woe_categorical | auto_woe_binning_categorical:556 | INFO | STEP: 2 - Problem bin=8, Merge with bin=7
2026-06-20 21:47:40,830 | [None] | mlops.auto_binning_woe_categorical | merge_category_groups:270 | INFO | Merging category groups. Merging group 7 into group 8
2026-06-20 21:47:40,830 | [None] | mlops.auto_binning_woe_categorical | merge_category_groups:286 | INFO | Groups merged and renumbered. New group count=8
2026-06-20 21:47:40,830 | [None] | mlops.auto_binning_woe_categorical | auto_woe_binning_categorical:564 | INFO | STEP: 2 - Category groups merged based on Rule 1.
2026-06-20 21:47:40,830 | [None] | mlops.auto_binning_woe_categorical | auto_woe_binning_categorical:491 | INFO | --- Iteration 3 ---
2026-06-20 21:47:40,830 | [None] | mlops.auto_binning_woe_categorical | assign_bins_from_category_groups:226 | INFO | Assigning observations to category groups. Group count=8
2026-06-20 21:47:40,831 | [None] | mlops.auto_binning_woe_categorical | assign_bins_from_category_groups:231 | INFO | Observations assigned to groups:
2026-06-20 21:47:40,831 | [None] | mlops.auto_binning_woe_categorical | assign_bins_from_category_groups:235 | INFO | 	Group 0: 3702 observations, Categories: ['-1']
2026-06-20 21:47:40,831 | [None] | mlops.auto_binning_woe_categorical | assign_bins_from_category_groups:235 | INFO | 	Group 1: 3069 observations, Categories: ['-2']
2026-06-20 21:47:40,832 | [None] | mlops.auto_binning_woe_categorical | assign_bins_from_category_groups:235 | INFO | 	Group 2: 11346 observations, Categories: ['0']
2026-06-20 21:47:40,832 | [None] | mlops.auto_binning_woe_categorical | assign_bins_from_category_groups:235 | INFO | 	Group 3: 1757 observations, Categories: ['2']
2026-06-20 21:47:40,832 | [None] | mlops.auto_binning_woe_categorical | assign_bins_from_category_groups:235 | INFO | 	Group 4: 124 observations, Categories: ['3']
2026-06-20 21:47:40,832 | [None] | mlops.auto_binning_woe_categorical | assign_bins_from_category_groups:235 | INFO | 	Group 5: 60 observations, Categories: ['4']
2026-06-20 21:47:40,832 | [None] | mlops.auto_binning_woe_categorical | assign_bins_from_category_groups:235 | INFO | 	Group 6: 9 observations, Categories: ['5']
2026-06-20 21:47:40,832 | [None] | mlops.auto_binning_woe_categorical | assign_bins_from_category_groups:235 | INFO | 	Group 7: 33 observations, Categories: ['6', '7', '8']
2026-06-20 21:47:40,832 | [None] | mlops.auto_binning_woe_categorical | auto_woe_binning_categorical:500 | INFO | STEP: 3 - Bins assigned based on current category groups.
2026-06-20 21:47:40,832 | [None] | mlops.auto_binning_woe_categorical | calculate_woe_iv_table_categorical:95 | INFO | Calculating WoE / IV table for categorical binning. bin_col='_bin'
2026-06-20 21:47:40,834 | [None] | mlops.auto_binning_woe_categorical | calculate_woe_iv_table_categorical:113 | INFO | Total good: 15654, Total bad: 4446
2026-06-20 21:47:40,836 | [None] | mlops.auto_binning_woe_categorical | calculate_woe_iv_table_categorical:145 | INFO | WoE / IV table calculated. Bin count=8, Total IV=0.349297
2026-06-20 21:47:40,836 | [None] | mlops.auto_binning_woe_categorical | auto_woe_binning_categorical:509 | INFO | STEP: 3 - WoE / IV summary table calculated.
2026-06-20 21:47:40,837 | [None] | mlops.auto_binning_woe_categorical | auto_woe_binning_categorical:513 | INFO | STEP: 3 - Summary table sorted by bad_rate.
2026-06-20 21:47:40,837 | [None] | mlops.auto_binning_woe_categorical | auto_woe_binning_categorical:518 | INFO | STEP: 3 - Current bin count=8, Current IV=0.349297
2026-06-20 21:47:40,838 | [None] | mlops.auto_binning_woe_categorical | auto_woe_binning_categorical:531 | INFO | STEP: 3 - RULES CHECK START
2026-06-20 21:47:40,838 | [None] | mlops.auto_binning_woe_categorical | auto_woe_binning_categorical:555 | INFO | Rule 1 triggered: small bin merge.
2026-06-20 21:47:40,839 | [None] | mlops.auto_binning_woe_categorical | auto_woe_binning_categorical:556 | INFO | STEP: 3 - Problem bin=6, Merge with bin=4
2026-06-20 21:47:40,839 | [None] | mlops.auto_binning_woe_categorical | merge_category_groups:270 | INFO | Merging category groups. Merging group 4 into group 6
2026-06-20 21:47:40,839 | [None] | mlops.auto_binning_woe_categorical | merge_category_groups:286 | INFO | Groups merged and renumbered. New group count=7
2026-06-20 21:47:40,839 | [None] | mlops.auto_binning_woe_categorical | auto_woe_binning_categorical:564 | INFO | STEP: 3 - Category groups merged based on Rule 1.
2026-06-20 21:47:40,839 | [None] | mlops.auto_binning_woe_categorical | auto_woe_binning_categorical:491 | INFO | --- Iteration 4 ---
2026-06-20 21:47:40,839 | [None] | mlops.auto_binning_woe_categorical | assign_bins_from_category_groups:226 | INFO | Assigning observations to category groups. Group count=7
2026-06-20 21:47:40,840 | [None] | mlops.auto_binning_woe_categorical | assign_bins_from_category_groups:231 | INFO | Observations assigned to groups:
2026-06-20 21:47:40,840 | [None] | mlops.auto_binning_woe_categorical | assign_bins_from_category_groups:235 | INFO | 	Group 0: 3702 observations, Categories: ['-1']
2026-06-20 21:47:40,840 | [None] | mlops.auto_binning_woe_categorical | assign_bins_from_category_groups:235 | INFO | 	Group 1: 3069 observations, Categories: ['-2']
2026-06-20 21:47:40,840 | [None] | mlops.auto_binning_woe_categorical | assign_bins_from_category_groups:235 | INFO | 	Group 2: 11346 observations, Categories: ['0']
2026-06-20 21:47:40,841 | [None] | mlops.auto_binning_woe_categorical | assign_bins_from_category_groups:235 | INFO | 	Group 3: 1757 observations, Categories: ['2']
2026-06-20 21:47:40,841 | [None] | mlops.auto_binning_woe_categorical | assign_bins_from_category_groups:235 | INFO | 	Group 4: 60 observations, Categories: ['4']
2026-06-20 21:47:40,841 | [None] | mlops.auto_binning_woe_categorical | assign_bins_from_category_groups:235 | INFO | 	Group 5: 133 observations, Categories: ['3', '5']
2026-06-20 21:47:40,841 | [None] | mlops.auto_binning_woe_categorical | assign_bins_from_category_groups:235 | INFO | 	Group 6: 33 observations, Categories: ['6', '7', '8']
2026-06-20 21:47:40,841 | [None] | mlops.auto_binning_woe_categorical | auto_woe_binning_categorical:500 | INFO | STEP: 4 - Bins assigned based on current category groups.
2026-06-20 21:47:40,841 | [None] | mlops.auto_binning_woe_categorical | calculate_woe_iv_table_categorical:95 | INFO | Calculating WoE / IV table for categorical binning. bin_col='_bin'
2026-06-20 21:47:40,843 | [None] | mlops.auto_binning_woe_categorical | calculate_woe_iv_table_categorical:113 | INFO | Total good: 15654, Total bad: 4446
2026-06-20 21:47:40,845 | [None] | mlops.auto_binning_woe_categorical | calculate_woe_iv_table_categorical:145 | INFO | WoE / IV table calculated. Bin count=7, Total IV=0.349198
2026-06-20 21:47:40,845 | [None] | mlops.auto_binning_woe_categorical | auto_woe_binning_categorical:509 | INFO | STEP: 4 - WoE / IV summary table calculated.
2026-06-20 21:47:40,846 | [None] | mlops.auto_binning_woe_categorical | auto_woe_binning_categorical:513 | INFO | STEP: 4 - Summary table sorted by bad_rate.
2026-06-20 21:47:40,846 | [None] | mlops.auto_binning_woe_categorical | auto_woe_binning_categorical:518 | INFO | STEP: 4 - Current bin count=7, Current IV=0.349198
2026-06-20 21:47:40,847 | [None] | mlops.auto_binning_woe_categorical | auto_woe_binning_categorical:531 | INFO | STEP: 4 - RULES CHECK START
2026-06-20 21:47:40,847 | [None] | mlops.auto_binning_woe_categorical | auto_woe_binning_categorical:555 | INFO | Rule 1 triggered: small bin merge.
2026-06-20 21:47:40,847 | [None] | mlops.auto_binning_woe_categorical | auto_woe_binning_categorical:556 | INFO | STEP: 4 - Problem bin=6, Merge with bin=5
2026-06-20 21:47:40,847 | [None] | mlops.auto_binning_woe_categorical | merge_category_groups:270 | INFO | Merging category groups. Merging group 5 into group 6
2026-06-20 21:47:40,847 | [None] | mlops.auto_binning_woe_categorical | merge_category_groups:286 | INFO | Groups merged and renumbered. New group count=6
2026-06-20 21:47:40,847 | [None] | mlops.auto_binning_woe_categorical | auto_woe_binning_categorical:564 | INFO | STEP: 4 - Category groups merged based on Rule 1.
2026-06-20 21:47:40,848 | [None] | mlops.auto_binning_woe_categorical | auto_woe_binning_categorical:491 | INFO | --- Iteration 5 ---
2026-06-20 21:47:40,848 | [None] | mlops.auto_binning_woe_categorical | assign_bins_from_category_groups:226 | INFO | Assigning observations to category groups. Group count=6
2026-06-20 21:47:40,849 | [None] | mlops.auto_binning_woe_categorical | assign_bins_from_category_groups:231 | INFO | Observations assigned to groups:
2026-06-20 21:47:40,849 | [None] | mlops.auto_binning_woe_categorical | assign_bins_from_category_groups:235 | INFO | 	Group 0: 3702 observations, Categories: ['-1']
2026-06-20 21:47:40,849 | [None] | mlops.auto_binning_woe_categorical | assign_bins_from_category_groups:235 | INFO | 	Group 1: 3069 observations, Categories: ['-2']
2026-06-20 21:47:40,849 | [None] | mlops.auto_binning_woe_categorical | assign_bins_from_category_groups:235 | INFO | 	Group 2: 11346 observations, Categories: ['0']
2026-06-20 21:47:40,849 | [None] | mlops.auto_binning_woe_categorical | assign_bins_from_category_groups:235 | INFO | 	Group 3: 1757 observations, Categories: ['2']
2026-06-20 21:47:40,850 | [None] | mlops.auto_binning_woe_categorical | assign_bins_from_category_groups:235 | INFO | 	Group 4: 60 observations, Categories: ['4']
2026-06-20 21:47:40,850 | [None] | mlops.auto_binning_woe_categorical | assign_bins_from_category_groups:235 | INFO | 	Group 5: 166 observations, Categories: ['3', '5', '6', '7', '8']
2026-06-20 21:47:40,850 | [None] | mlops.auto_binning_woe_categorical | auto_woe_binning_categorical:500 | INFO | STEP: 5 - Bins assigned based on current category groups.
2026-06-20 21:47:40,850 | [None] | mlops.auto_binning_woe_categorical | calculate_woe_iv_table_categorical:95 | INFO | Calculating WoE / IV table for categorical binning. bin_col='_bin'
2026-06-20 21:47:40,852 | [None] | mlops.auto_binning_woe_categorical | calculate_woe_iv_table_categorical:113 | INFO | Total good: 15654, Total bad: 4446
2026-06-20 21:47:40,854 | [None] | mlops.auto_binning_woe_categorical | calculate_woe_iv_table_categorical:145 | INFO | WoE / IV table calculated. Bin count=6, Total IV=0.345924
2026-06-20 21:47:40,854 | [None] | mlops.auto_binning_woe_categorical | auto_woe_binning_categorical:509 | INFO | STEP: 5 - WoE / IV summary table calculated.
2026-06-20 21:47:40,854 | [None] | mlops.auto_binning_woe_categorical | auto_woe_binning_categorical:513 | INFO | STEP: 5 - Summary table sorted by bad_rate.
2026-06-20 21:47:40,854 | [None] | mlops.auto_binning_woe_categorical | auto_woe_binning_categorical:518 | INFO | STEP: 5 - Current bin count=6, Current IV=0.345924
2026-06-20 21:47:40,855 | [None] | mlops.auto_binning_woe_categorical | auto_woe_binning_categorical:531 | INFO | STEP: 5 - RULES CHECK START
2026-06-20 21:47:40,856 | [None] | mlops.auto_binning_woe_categorical | auto_woe_binning_categorical:555 | INFO | Rule 1 triggered: small bin merge.
2026-06-20 21:47:40,856 | [None] | mlops.auto_binning_woe_categorical | auto_woe_binning_categorical:556 | INFO | STEP: 5 - Problem bin=4, Merge with bin=4
2026-06-20 21:47:40,857 | [None] | mlops.auto_binning_woe_categorical | merge_category_groups:270 | INFO | Merging category groups. Merging group 4 into group 4
2026-06-20 21:47:40,857 | [None] | mlops.auto_binning_woe_categorical | merge_category_groups:286 | INFO | Groups merged and renumbered. New group count=6
2026-06-20 21:47:40,857 | [None] | mlops.auto_binning_woe_categorical | auto_woe_binning_categorical:564 | INFO | STEP: 5 - Category groups merged based on Rule 1.
2026-06-20 21:47:40,857 | [None] | mlops.auto_binning_woe_categorical | auto_woe_binning_categorical:491 | INFO | --- Iteration 6 ---
2026-06-20 21:47:40,857 | [None] | mlops.auto_binning_woe_categorical | assign_bins_from_category_groups:226 | INFO | Assigning observations to category groups. Group count=6
2026-06-20 21:47:40,858 | [None] | mlops.auto_binning_woe_categorical | assign_bins_from_category_groups:231 | INFO | Observations assigned to groups:
2026-06-20 21:47:40,858 | [None] | mlops.auto_binning_woe_categorical | assign_bins_from_category_groups:235 | INFO | 	Group 0: 3702 observations, Categories: ['-1']
2026-06-20 21:47:40,858 | [None] | mlops.auto_binning_woe_categorical | assign_bins_from_category_groups:235 | INFO | 	Group 1: 3069 observations, Categories: ['-2']
2026-06-20 21:47:40,858 | [None] | mlops.auto_binning_woe_categorical | assign_bins_from_category_groups:235 | INFO | 	Group 2: 11346 observations, Categories: ['0']
2026-06-20 21:47:40,859 | [None] | mlops.auto_binning_woe_categorical | assign_bins_from_category_groups:235 | INFO | 	Group 3: 1757 observations, Categories: ['2']
2026-06-20 21:47:40,859 | [None] | mlops.auto_binning_woe_categorical | assign_bins_from_category_groups:235 | INFO | 	Group 4: 60 observations, Categories: ['4']
2026-06-20 21:47:40,859 | [None] | mlops.auto_binning_woe_categorical | assign_bins_from_category_groups:235 | INFO | 	Group 5: 166 observations, Categories: ['3', '5', '6', '7', '8']
2026-06-20 21:47:40,859 | [None] | mlops.auto_binning_woe_categorical | auto_woe_binning_categorical:500 | INFO | STEP: 6 - Bins assigned based on current category groups.
2026-06-20 21:47:40,859 | [None] | mlops.auto_binning_woe_categorical | calculate_woe_iv_table_categorical:95 | INFO | Calculating WoE / IV table for categorical binning. bin_col='_bin'
2026-06-20 21:47:40,862 | [None] | mlops.auto_binning_woe_categorical | calculate_woe_iv_table_categorical:113 | INFO | Total good: 15654, Total bad: 4446
2026-06-20 21:47:40,864 | [None] | mlops.auto_binning_woe_categorical | calculate_woe_iv_table_categorical:145 | INFO | WoE / IV table calculated. Bin count=6, Total IV=0.345924
2026-06-20 21:47:40,864 | [None] | mlops.auto_binning_woe_categorical | auto_woe_binning_categorical:509 | INFO | STEP: 6 - WoE / IV summary table calculated.
2026-06-20 21:47:40,865 | [None] | mlops.auto_binning_woe_categorical | auto_woe_binning_categorical:513 | INFO | STEP: 6 - Summary table sorted by bad_rate.
2026-06-20 21:47:40,865 | [None] | mlops.auto_binning_woe_categorical | auto_woe_binning_categorical:518 | INFO | STEP: 6 - Current bin count=6, Current IV=0.345924
2026-06-20 21:47:40,866 | [None] | mlops.auto_binning_woe_categorical | auto_woe_binning_categorical:531 | INFO | STEP: 6 - RULES CHECK START
2026-06-20 21:47:40,867 | [None] | mlops.auto_binning_woe_categorical | auto_woe_binning_categorical:555 | INFO | Rule 1 triggered: small bin merge.
2026-06-20 21:47:40,867 | [None] | mlops.auto_binning_woe_categorical | auto_woe_binning_categorical:556 | INFO | STEP: 6 - Problem bin=4, Merge with bin=4
2026-06-20 21:47:40,867 | [None] | mlops.auto_binning_woe_categorical | merge_category_groups:270 | INFO | Merging category groups. Merging group 4 into group 4
2026-06-20 21:47:40,867 | [None] | mlops.auto_binning_woe_categorical | merge_category_groups:286 | INFO | Groups merged and renumbered. New group count=6
2026-06-20 21:47:40,868 | [None] | mlops.auto_binning_woe_categorical | auto_woe_binning_categorical:564 | INFO | STEP: 6 - Category groups merged based on Rule 1.
2026-06-20 21:47:40,868 | [None] | mlops.auto_binning_woe_categorical | auto_woe_binning_categorical:491 | INFO | --- Iteration 7 ---
2026-06-20 21:47:40,868 | [None] | mlops.auto_binning_woe_categorical | assign_bins_from_category_groups:226 | INFO | Assigning observations to category groups. Group count=6
2026-06-20 21:47:40,869 | [None] | mlops.auto_binning_woe_categorical | assign_bins_from_category_groups:231 | INFO | Observations assigned to groups:
2026-06-20 21:47:40,869 | [None] | mlops.auto_binning_woe_categorical | assign_bins_from_category_groups:235 | INFO | 	Group 0: 3702 observations, Categories: ['-1']
2026-06-20 21:47:40,869 | [None] | mlops.auto_binning_woe_categorical | assign_bins_from_category_groups:235 | INFO | 	Group 1: 3069 observations, Categories: ['-2']
2026-06-20 21:47:40,869 | [None] | mlops.auto_binning_woe_categorical | assign_bins_from_category_groups:235 | INFO | 	Group 2: 11346 observations, Categories: ['0']
2026-06-20 21:47:40,869 | [None] | mlops.auto_binning_woe_categorical | assign_bins_from_category_groups:235 | INFO | 	Group 3: 1757 observations, Categories: ['2']
2026-06-20 21:47:40,870 | [None] | mlops.auto_binning_woe_categorical | assign_bins_from_category_groups:235 | INFO | 	Group 4: 60 observations, Categories: ['4']
2026-06-20 21:47:40,870 | [None] | mlops.auto_binning_woe_categorical | assign_bins_from_category_groups:235 | INFO | 	Group 5: 166 observations, Categories: ['3', '5', '6', '7', '8']
2026-06-20 21:47:40,870 | [None] | mlops.auto_binning_woe_categorical | auto_woe_binning_categorical:500 | INFO | STEP: 7 - Bins assigned based on current category groups.
2026-06-20 21:47:40,870 | [None] | mlops.auto_binning_woe_categorical | calculate_woe_iv_table_categorical:95 | INFO | Calculating WoE / IV table for categorical binning. bin_col='_bin'
2026-06-20 21:47:40,872 | [None] | mlops.auto_binning_woe_categorical | calculate_woe_iv_table_categorical:113 | INFO | Total good: 15654, Total bad: 4446
2026-06-20 21:47:40,874 | [None] | mlops.auto_binning_woe_categorical | calculate_woe_iv_table_categorical:145 | INFO | WoE / IV table calculated. Bin count=6, Total IV=0.345924
2026-06-20 21:47:40,874 | [None] | mlops.auto_binning_woe_categorical | auto_woe_binning_categorical:509 | INFO | STEP: 7 - WoE / IV summary table calculated.
2026-06-20 21:47:40,874 | [None] | mlops.auto_binning_woe_categorical | auto_woe_binning_categorical:513 | INFO | STEP: 7 - Summary table sorted by bad_rate.
2026-06-20 21:47:40,874 | [None] | mlops.auto_binning_woe_categorical | auto_woe_binning_categorical:518 | INFO | STEP: 7 - Current bin count=6, Current IV=0.345924
2026-06-20 21:47:40,875 | [None] | mlops.auto_binning_woe_categorical | auto_woe_binning_categorical:531 | INFO | STEP: 7 - RULES CHECK START
2026-06-20 21:47:40,876 | [None] | mlops.auto_binning_woe_categorical | auto_woe_binning_categorical:555 | INFO | Rule 1 triggered: small bin merge.
2026-06-20 21:47:40,876 | [None] | mlops.auto_binning_woe_categorical | auto_woe_binning_categorical:556 | INFO | STEP: 7 - Problem bin=4, Merge with bin=4
2026-06-20 21:47:40,877 | [None] | mlops.auto_binning_woe_categorical | merge_category_groups:270 | INFO | Merging category groups. Merging group 4 into group 4
2026-06-20 21:47:40,877 | [None] | mlops.auto_binning_woe_categorical | merge_category_groups:286 | INFO | Groups merged and renumbered. New group count=6
2026-06-20 21:47:40,877 | [None] | mlops.auto_binning_woe_categorical | auto_woe_binning_categorical:564 | INFO | STEP: 7 - Category groups merged based on Rule 1.
2026-06-20 21:47:40,877 | [None] | mlops.auto_binning_woe_categorical | auto_woe_binning_categorical:491 | INFO | --- Iteration 8 ---
2026-06-20 21:47:40,877 | [None] | mlops.auto_binning_woe_categorical | assign_bins_from_category_groups:226 | INFO | Assigning observations to category groups. Group count=6
2026-06-20 21:47:40,878 | [None] | mlops.auto_binning_woe_categorical | assign_bins_from_category_groups:231 | INFO | Observations assigned to groups:
2026-06-20 21:47:40,878 | [None] | mlops.auto_binning_woe_categorical | assign_bins_from_category_groups:235 | INFO | 	Group 0: 3702 observations, Categories: ['-1']
2026-06-20 21:47:40,878 | [None] | mlops.auto_binning_woe_categorical | assign_bins_from_category_groups:235 | INFO | 	Group 1: 3069 observations, Categories: ['-2']
2026-06-20 21:47:40,879 | [None] | mlops.auto_binning_woe_categorical | assign_bins_from_category_groups:235 | INFO | 	Group 2: 11346 observations, Categories: ['0']
2026-06-20 21:47:40,879 | [None] | mlops.auto_binning_woe_categorical | assign_bins_from_category_groups:235 | INFO | 	Group 3: 1757 observations, Categories: ['2']
2026-06-20 21:47:40,879 | [None] | mlops.auto_binning_woe_categorical | assign_bins_from_category_groups:235 | INFO | 	Group 4: 60 observations, Categories: ['4']
2026-06-20 21:47:40,879 | [None] | mlops.auto_binning_woe_categorical | assign_bins_from_category_groups:235 | INFO | 	Group 5: 166 observations, Categories: ['3', '5', '6', '7', '8']
2026-06-20 21:47:40,879 | [None] | mlops.auto_binning_woe_categorical | auto_woe_binning_categorical:500 | INFO | STEP: 8 - Bins assigned based on current category groups.
2026-06-20 21:47:40,879 | [None] | mlops.auto_binning_woe_categorical | calculate_woe_iv_table_categorical:95 | INFO | Calculating WoE / IV table for categorical binning. bin_col='_bin'
2026-06-20 21:47:40,881 | [None] | mlops.auto_binning_woe_categorical | calculate_woe_iv_table_categorical:113 | INFO | Total good: 15654, Total bad: 4446
2026-06-20 21:47:40,883 | [None] | mlops.auto_binning_woe_categorical | calculate_woe_iv_table_categorical:145 | INFO | WoE / IV table calculated. Bin count=6, Total IV=0.345924
2026-06-20 21:47:40,883 | [None] | mlops.auto_binning_woe_categorical | auto_woe_binning_categorical:509 | INFO | STEP: 8 - WoE / IV summary table calculated.
2026-06-20 21:47:40,883 | [None] | mlops.auto_binning_woe_categorical | auto_woe_binning_categorical:513 | INFO | STEP: 8 - Summary table sorted by bad_rate.
2026-06-20 21:47:40,884 | [None] | mlops.auto_binning_woe_categorical | auto_woe_binning_categorical:518 | INFO | STEP: 8 - Current bin count=6, Current IV=0.345924
2026-06-20 21:47:40,884 | [None] | mlops.auto_binning_woe_categorical | auto_woe_binning_categorical:531 | INFO | STEP: 8 - RULES CHECK START
2026-06-20 21:47:40,885 | [None] | mlops.auto_binning_woe_categorical | auto_woe_binning_categorical:555 | INFO | Rule 1 triggered: small bin merge.
2026-06-20 21:47:40,885 | [None] | mlops.auto_binning_woe_categorical | auto_woe_binning_categorical:556 | INFO | STEP: 8 - Problem bin=4, Merge with bin=4
2026-06-20 21:47:40,885 | [None] | mlops.auto_binning_woe_categorical | merge_category_groups:270 | INFO | Merging category groups. Merging group 4 into group 4
2026-06-20 21:47:40,885 | [None] | mlops.auto_binning_woe_categorical | merge_category_groups:286 | INFO | Groups merged and renumbered. New group count=6
2026-06-20 21:47:40,885 | [None] | mlops.auto_binning_woe_categorical | auto_woe_binning_categorical:564 | INFO | STEP: 8 - Category groups merged based on Rule 1.
2026-06-20 21:47:40,886 | [None] | mlops.auto_binning_woe_categorical | auto_woe_binning_categorical:491 | INFO | --- Iteration 9 ---
2026-06-20 21:47:40,886 | [None] | mlops.auto_binning_woe_categorical | assign_bins_from_category_groups:226 | INFO | Assigning observations to category groups. Group count=6
2026-06-20 21:47:40,887 | [None] | mlops.auto_binning_woe_categorical | assign_bins_from_category_groups:231 | INFO | Observations assigned to groups:
2026-06-20 21:47:40,887 | [None] | mlops.auto_binning_woe_categorical | assign_bins_from_category_groups:235 | INFO | 	Group 0: 3702 observations, Categories: ['-1']
2026-06-20 21:47:40,887 | [None] | mlops.auto_binning_woe_categorical | assign_bins_from_category_groups:235 | INFO | 	Group 1: 3069 observations, Categories: ['-2']
2026-06-20 21:47:40,887 | [None] | mlops.auto_binning_woe_categorical | assign_bins_from_category_groups:235 | INFO | 	Group 2: 11346 observations, Categories: ['0']
2026-06-20 21:47:40,887 | [None] | mlops.auto_binning_woe_categorical | assign_bins_from_category_groups:235 | INFO | 	Group 3: 1757 observations, Categories: ['2']
2026-06-20 21:47:40,887 | [None] | mlops.auto_binning_woe_categorical | assign_bins_from_category_groups:235 | INFO | 	Group 4: 60 observations, Categories: ['4']
2026-06-20 21:47:40,888 | [None] | mlops.auto_binning_woe_categorical | assign_bins_from_category_groups:235 | INFO | 	Group 5: 166 observations, Categories: ['3', '5', '6', '7', '8']
2026-06-20 21:47:40,888 | [None] | mlops.auto_binning_woe_categorical | auto_woe_binning_categorical:500 | INFO | STEP: 9 - Bins assigned based on current category groups.
2026-06-20 21:47:40,888 | [None] | mlops.auto_binning_woe_categorical | calculate_woe_iv_table_categorical:95 | INFO | Calculating WoE / IV table for categorical binning. bin_col='_bin'
2026-06-20 21:47:40,890 | [None] | mlops.auto_binning_woe_categorical | calculate_woe_iv_table_categorical:113 | INFO | Total good: 15654, Total bad: 4446
2026-06-20 21:47:40,891 | [None] | mlops.auto_binning_woe_categorical | calculate_woe_iv_table_categorical:145 | INFO | WoE / IV table calculated. Bin count=6, Total IV=0.345924
2026-06-20 21:47:40,891 | [None] | mlops.auto_binning_woe_categorical | auto_woe_binning_categorical:509 | INFO | STEP: 9 - WoE / IV summary table calculated.
2026-06-20 21:47:40,892 | [None] | mlops.auto_binning_woe_categorical | auto_woe_binning_categorical:513 | INFO | STEP: 9 - Summary table sorted by bad_rate.
2026-06-20 21:47:40,892 | [None] | mlops.auto_binning_woe_categorical | auto_woe_binning_categorical:518 | INFO | STEP: 9 - Current bin count=6, Current IV=0.345924
2026-06-20 21:47:40,893 | [None] | mlops.auto_binning_woe_categorical | auto_woe_binning_categorical:531 | INFO | STEP: 9 - RULES CHECK START
2026-06-20 21:47:40,894 | [None] | mlops.auto_binning_woe_categorical | auto_woe_binning_categorical:555 | INFO | Rule 1 triggered: small bin merge.
2026-06-20 21:47:40,894 | [None] | mlops.auto_binning_woe_categorical | auto_woe_binning_categorical:556 | INFO | STEP: 9 - Problem bin=4, Merge with bin=4
2026-06-20 21:47:40,894 | [None] | mlops.auto_binning_woe_categorical | merge_category_groups:270 | INFO | Merging category groups. Merging group 4 into group 4
2026-06-20 21:47:40,895 | [None] | mlops.auto_binning_woe_categorical | merge_category_groups:286 | INFO | Groups merged and renumbered. New group count=6
2026-06-20 21:47:40,895 | [None] | mlops.auto_binning_woe_categorical | auto_woe_binning_categorical:564 | INFO | STEP: 9 - Category groups merged based on Rule 1.
2026-06-20 21:47:40,895 | [None] | mlops.auto_binning_woe_categorical | auto_woe_binning_categorical:491 | INFO | --- Iteration 10 ---
2026-06-20 21:47:40,895 | [None] | mlops.auto_binning_woe_categorical | assign_bins_from_category_groups:226 | INFO | Assigning observations to category groups. Group count=6
2026-06-20 21:47:40,896 | [None] | mlops.auto_binning_woe_categorical | assign_bins_from_category_groups:231 | INFO | Observations assigned to groups:
2026-06-20 21:47:40,896 | [None] | mlops.auto_binning_woe_categorical | assign_bins_from_category_groups:235 | INFO | 	Group 0: 3702 observations, Categories: ['-1']
2026-06-20 21:47:40,896 | [None] | mlops.auto_binning_woe_categorical | assign_bins_from_category_groups:235 | INFO | 	Group 1: 3069 observations, Categories: ['-2']
2026-06-20 21:47:40,896 | [None] | mlops.auto_binning_woe_categorical | assign_bins_from_category_groups:235 | INFO | 	Group 2: 11346 observations, Categories: ['0']
2026-06-20 21:47:40,896 | [None] | mlops.auto_binning_woe_categorical | assign_bins_from_category_groups:235 | INFO | 	Group 3: 1757 observations, Categories: ['2']
2026-06-20 21:47:40,897 | [None] | mlops.auto_binning_woe_categorical | assign_bins_from_category_groups:235 | INFO | 	Group 4: 60 observations, Categories: ['4']
2026-06-20 21:47:40,897 | [None] | mlops.auto_binning_woe_categorical | assign_bins_from_category_groups:235 | INFO | 	Group 5: 166 observations, Categories: ['3', '5', '6', '7', '8']
2026-06-20 21:47:40,897 | [None] | mlops.auto_binning_woe_categorical | auto_woe_binning_categorical:500 | INFO | STEP: 10 - Bins assigned based on current category groups.
2026-06-20 21:47:40,897 | [None] | mlops.auto_binning_woe_categorical | calculate_woe_iv_table_categorical:95 | INFO | Calculating WoE / IV table for categorical binning. bin_col='_bin'
2026-06-20 21:47:40,899 | [None] | mlops.auto_binning_woe_categorical | calculate_woe_iv_table_categorical:113 | INFO | Total good: 15654, Total bad: 4446
2026-06-20 21:47:40,900 | [None] | mlops.auto_binning_woe_categorical | calculate_woe_iv_table_categorical:145 | INFO | WoE / IV table calculated. Bin count=6, Total IV=0.345924
2026-06-20 21:47:40,901 | [None] | mlops.auto_binning_woe_categorical | auto_woe_binning_categorical:509 | INFO | STEP: 10 - WoE / IV summary table calculated.
2026-06-20 21:47:40,901 | [None] | mlops.auto_binning_woe_categorical | auto_woe_binning_categorical:513 | INFO | STEP: 10 - Summary table sorted by bad_rate.
2026-06-20 21:47:40,901 | [None] | mlops.auto_binning_woe_categorical | auto_woe_binning_categorical:518 | INFO | STEP: 10 - Current bin count=6, Current IV=0.345924
2026-06-20 21:47:40,902 | [None] | mlops.auto_binning_woe_categorical | auto_woe_binning_categorical:531 | INFO | STEP: 10 - RULES CHECK START
2026-06-20 21:47:40,903 | [None] | mlops.auto_binning_woe_categorical | auto_woe_binning_categorical:555 | INFO | Rule 1 triggered: small bin merge.
2026-06-20 21:47:40,903 | [None] | mlops.auto_binning_woe_categorical | auto_woe_binning_categorical:556 | INFO | STEP: 10 - Problem bin=4, Merge with bin=4
2026-06-20 21:47:40,903 | [None] | mlops.auto_binning_woe_categorical | merge_category_groups:270 | INFO | Merging category groups. Merging group 4 into group 4
2026-06-20 21:47:40,903 | [None] | mlops.auto_binning_woe_categorical | merge_category_groups:286 | INFO | Groups merged and renumbered. New group count=6
2026-06-20 21:47:40,903 | [None] | mlops.auto_binning_woe_categorical | auto_woe_binning_categorical:564 | INFO | STEP: 10 - Category groups merged based on Rule 1.
2026-06-20 21:47:40,903 | [None] | mlops.auto_binning_woe_categorical | auto_woe_binning_categorical:491 | INFO | --- Iteration 11 ---
2026-06-20 21:47:40,903 | [None] | mlops.auto_binning_woe_categorical | assign_bins_from_category_groups:226 | INFO | Assigning observations to category groups. Group count=6
2026-06-20 21:47:40,904 | [None] | mlops.auto_binning_woe_categorical | assign_bins_from_category_groups:231 | INFO | Observations assigned to groups:
2026-06-20 21:47:40,904 | [None] | mlops.auto_binning_woe_categorical | assign_bins_from_category_groups:235 | INFO | 	Group 0: 3702 observations, Categories: ['-1']
2026-06-20 21:47:40,904 | [None] | mlops.auto_binning_woe_categorical | assign_bins_from_category_groups:235 | INFO | 	Group 1: 3069 observations, Categories: ['-2']
2026-06-20 21:47:40,905 | [None] | mlops.auto_binning_woe_categorical | assign_bins_from_category_groups:235 | INFO | 	Group 2: 11346 observations, Categories: ['0']
2026-06-20 21:47:40,905 | [None] | mlops.auto_binning_woe_categorical | assign_bins_from_category_groups:235 | INFO | 	Group 3: 1757 observations, Categories: ['2']
2026-06-20 21:47:40,905 | [None] | mlops.auto_binning_woe_categorical | assign_bins_from_category_groups:235 | INFO | 	Group 4: 60 observations, Categories: ['4']
2026-06-20 21:47:40,905 | [None] | mlops.auto_binning_woe_categorical | assign_bins_from_category_groups:235 | INFO | 	Group 5: 166 observations, Categories: ['3', '5', '6', '7', '8']
2026-06-20 21:47:40,905 | [None] | mlops.auto_binning_woe_categorical | auto_woe_binning_categorical:500 | INFO | STEP: 11 - Bins assigned based on current category groups.
2026-06-20 21:47:40,905 | [None] | mlops.auto_binning_woe_categorical | calculate_woe_iv_table_categorical:95 | INFO | Calculating WoE / IV table for categorical binning. bin_col='_bin'
2026-06-20 21:47:40,907 | [None] | mlops.auto_binning_woe_categorical | calculate_woe_iv_table_categorical:113 | INFO | Total good: 15654, Total bad: 4446
2026-06-20 21:47:40,908 | [None] | mlops.auto_binning_woe_categorical | calculate_woe_iv_table_categorical:145 | INFO | WoE / IV table calculated. Bin count=6, Total IV=0.345924
2026-06-20 21:47:40,909 | [None] | mlops.auto_binning_woe_categorical | auto_woe_binning_categorical:509 | INFO | STEP: 11 - WoE / IV summary table calculated.
2026-06-20 21:47:40,909 | [None] | mlops.auto_binning_woe_categorical | auto_woe_binning_categorical:513 | INFO | STEP: 11 - Summary table sorted by bad_rate.
2026-06-20 21:47:40,909 | [None] | mlops.auto_binning_woe_categorical | auto_woe_binning_categorical:518 | INFO | STEP: 11 - Current bin count=6, Current IV=0.345924
2026-06-20 21:47:40,910 | [None] | mlops.auto_binning_woe_categorical | auto_woe_binning_categorical:531 | INFO | STEP: 11 - RULES CHECK START
2026-06-20 21:47:40,912 | [None] | mlops.auto_binning_woe_categorical | auto_woe_binning_categorical:555 | INFO | Rule 1 triggered: small bin merge.
2026-06-20 21:47:40,912 | [None] | mlops.auto_binning_woe_categorical | auto_woe_binning_categorical:556 | INFO | STEP: 11 - Problem bin=4, Merge with bin=4
2026-06-20 21:47:40,912 | [None] | mlops.auto_binning_woe_categorical | merge_category_groups:270 | INFO | Merging category groups. Merging group 4 into group 4
2026-06-20 21:47:40,912 | [None] | mlops.auto_binning_woe_categorical | merge_category_groups:286 | INFO | Groups merged and renumbered. New group count=6
2026-06-20 21:47:40,912 | [None] | mlops.auto_binning_woe_categorical | auto_woe_binning_categorical:564 | INFO | STEP: 11 - Category groups merged based on Rule 1.
2026-06-20 21:47:40,912 | [None] | mlops.auto_binning_woe_categorical | auto_woe_binning_categorical:491 | INFO | --- Iteration 12 ---
2026-06-20 21:47:40,912 | [None] | mlops.auto_binning_woe_categorical | assign_bins_from_category_groups:226 | INFO | Assigning observations to category groups. Group count=6
2026-06-20 21:47:40,913 | [None] | mlops.auto_binning_woe_categorical | assign_bins_from_category_groups:231 | INFO | Observations assigned to groups:
2026-06-20 21:47:40,913 | [None] | mlops.auto_binning_woe_categorical | assign_bins_from_category_groups:235 | INFO | 	Group 0: 3702 observations, Categories: ['-1']
2026-06-20 21:47:40,914 | [None] | mlops.auto_binning_woe_categorical | assign_bins_from_category_groups:235 | INFO | 	Group 1: 3069 observations, Categories: ['-2']
2026-06-20 21:47:40,914 | [None] | mlops.auto_binning_woe_categorical | assign_bins_from_category_groups:235 | INFO | 	Group 2: 11346 observations, Categories: ['0']
2026-06-20 21:47:40,914 | [None] | mlops.auto_binning_woe_categorical | assign_bins_from_category_groups:235 | INFO | 	Group 3: 1757 observations, Categories: ['2']
2026-06-20 21:47:40,914 | [None] | mlops.auto_binning_woe_categorical | assign_bins_from_category_groups:235 | INFO | 	Group 4: 60 observations, Categories: ['4']
2026-06-20 21:47:40,914 | [None] | mlops.auto_binning_woe_categorical | assign_bins_from_category_groups:235 | INFO | 	Group 5: 166 observations, Categories: ['3', '5', '6', '7', '8']
2026-06-20 21:47:40,914 | [None] | mlops.auto_binning_woe_categorical | auto_woe_binning_categorical:500 | INFO | STEP: 12 - Bins assigned based on current category groups.
2026-06-20 21:47:40,914 | [None] | mlops.auto_binning_woe_categorical | calculate_woe_iv_table_categorical:95 | INFO | Calculating WoE / IV table for categorical binning. bin_col='_bin'
2026-06-20 21:47:40,916 | [None] | mlops.auto_binning_woe_categorical | calculate_woe_iv_table_categorical:113 | INFO | Total good: 15654, Total bad: 4446
2026-06-20 21:47:40,918 | [None] | mlops.auto_binning_woe_categorical | calculate_woe_iv_table_categorical:145 | INFO | WoE / IV table calculated. Bin count=6, Total IV=0.345924
2026-06-20 21:47:40,918 | [None] | mlops.auto_binning_woe_categorical | auto_woe_binning_categorical:509 | INFO | STEP: 12 - WoE / IV summary table calculated.
2026-06-20 21:47:40,918 | [None] | mlops.auto_binning_woe_categorical | auto_woe_binning_categorical:513 | INFO | STEP: 12 - Summary table sorted by bad_rate.
2026-06-20 21:47:40,918 | [None] | mlops.auto_binning_woe_categorical | auto_woe_binning_categorical:518 | INFO | STEP: 12 - Current bin count=6, Current IV=0.345924
2026-06-20 21:47:40,919 | [None] | mlops.auto_binning_woe_categorical | auto_woe_binning_categorical:531 | INFO | STEP: 12 - RULES CHECK START
2026-06-20 21:47:40,920 | [None] | mlops.auto_binning_woe_categorical | auto_woe_binning_categorical:555 | INFO | Rule 1 triggered: small bin merge.
2026-06-20 21:47:40,920 | [None] | mlops.auto_binning_woe_categorical | auto_woe_binning_categorical:556 | INFO | STEP: 12 - Problem bin=4, Merge with bin=4
2026-06-20 21:47:40,920 | [None] | mlops.auto_binning_woe_categorical | merge_category_groups:270 | INFO | Merging category groups. Merging group 4 into group 4
2026-06-20 21:47:40,920 | [None] | mlops.auto_binning_woe_categorical | merge_category_groups:286 | INFO | Groups merged and renumbered. New group count=6
2026-06-20 21:47:40,920 | [None] | mlops.auto_binning_woe_categorical | auto_woe_binning_categorical:564 | INFO | STEP: 12 - Category groups merged based on Rule 1.
2026-06-20 21:47:40,920 | [None] | mlops.auto_binning_woe_categorical | auto_woe_binning_categorical:491 | INFO | --- Iteration 13 ---
2026-06-20 21:47:40,920 | [None] | mlops.auto_binning_woe_categorical | assign_bins_from_category_groups:226 | INFO | Assigning observations to category groups. Group count=6
2026-06-20 21:47:40,921 | [None] | mlops.auto_binning_woe_categorical | assign_bins_from_category_groups:231 | INFO | Observations assigned to groups:
2026-06-20 21:47:40,921 | [None] | mlops.auto_binning_woe_categorical | assign_bins_from_category_groups:235 | INFO | 	Group 0: 3702 observations, Categories: ['-1']
2026-06-20 21:47:40,922 | [None] | mlops.auto_binning_woe_categorical | assign_bins_from_category_groups:235 | INFO | 	Group 1: 3069 observations, Categories: ['-2']
2026-06-20 21:47:40,922 | [None] | mlops.auto_binning_woe_categorical | assign_bins_from_category_groups:235 | INFO | 	Group 2: 11346 observations, Categories: ['0']
2026-06-20 21:47:40,922 | [None] | mlops.auto_binning_woe_categorical | assign_bins_from_category_groups:235 | INFO | 	Group 3: 1757 observations, Categories: ['2']
2026-06-20 21:47:40,922 | [None] | mlops.auto_binning_woe_categorical | assign_bins_from_category_groups:235 | INFO | 	Group 4: 60 observations, Categories: ['4']
2026-06-20 21:47:40,922 | [None] | mlops.auto_binning_woe_categorical | assign_bins_from_category_groups:235 | INFO | 	Group 5: 166 observations, Categories: ['3', '5', '6', '7', '8']
2026-06-20 21:47:40,922 | [None] | mlops.auto_binning_woe_categorical | auto_woe_binning_categorical:500 | INFO | STEP: 13 - Bins assigned based on current category groups.
2026-06-20 21:47:40,922 | [None] | mlops.auto_binning_woe_categorical | calculate_woe_iv_table_categorical:95 | INFO | Calculating WoE / IV table for categorical binning. bin_col='_bin'
2026-06-20 21:47:40,924 | [None] | mlops.auto_binning_woe_categorical | calculate_woe_iv_table_categorical:113 | INFO | Total good: 15654, Total bad: 4446
2026-06-20 21:47:40,926 | [None] | mlops.auto_binning_woe_categorical | calculate_woe_iv_table_categorical:145 | INFO | WoE / IV table calculated. Bin count=6, Total IV=0.345924
2026-06-20 21:47:40,926 | [None] | mlops.auto_binning_woe_categorical | auto_woe_binning_categorical:509 | INFO | STEP: 13 - WoE / IV summary table calculated.
2026-06-20 21:47:40,926 | [None] | mlops.auto_binning_woe_categorical | auto_woe_binning_categorical:513 | INFO | STEP: 13 - Summary table sorted by bad_rate.
2026-06-20 21:47:40,927 | [None] | mlops.auto_binning_woe_categorical | auto_woe_binning_categorical:518 | INFO | STEP: 13 - Current bin count=6, Current IV=0.345924
2026-06-20 21:47:40,928 | [None] | mlops.auto_binning_woe_categorical | auto_woe_binning_categorical:531 | INFO | STEP: 13 - RULES CHECK START
2026-06-20 21:47:40,929 | [None] | mlops.auto_binning_woe_categorical | auto_woe_binning_categorical:555 | INFO | Rule 1 triggered: small bin merge.
2026-06-20 21:47:40,929 | [None] | mlops.auto_binning_woe_categorical | auto_woe_binning_categorical:556 | INFO | STEP: 13 - Problem bin=4, Merge with bin=4
2026-06-20 21:47:40,930 | [None] | mlops.auto_binning_woe_categorical | merge_category_groups:270 | INFO | Merging category groups. Merging group 4 into group 4
2026-06-20 21:47:40,930 | [None] | mlops.auto_binning_woe_categorical | merge_category_groups:286 | INFO | Groups merged and renumbered. New group count=6
2026-06-20 21:47:40,930 | [None] | mlops.auto_binning_woe_categorical | auto_woe_binning_categorical:564 | INFO | STEP: 13 - Category groups merged based on Rule 1.
2026-06-20 21:47:40,930 | [None] | mlops.auto_binning_woe_categorical | auto_woe_binning_categorical:491 | INFO | --- Iteration 14 ---
2026-06-20 21:47:40,930 | [None] | mlops.auto_binning_woe_categorical | assign_bins_from_category_groups:226 | INFO | Assigning observations to category groups. Group count=6
2026-06-20 21:47:40,931 | [None] | mlops.auto_binning_woe_categorical | assign_bins_from_category_groups:231 | INFO | Observations assigned to groups:
2026-06-20 21:47:40,931 | [None] | mlops.auto_binning_woe_categorical | assign_bins_from_category_groups:235 | INFO | 	Group 0: 3702 observations, Categories: ['-1']
2026-06-20 21:47:40,931 | [None] | mlops.auto_binning_woe_categorical | assign_bins_from_category_groups:235 | INFO | 	Group 1: 3069 observations, Categories: ['-2']
2026-06-20 21:47:40,932 | [None] | mlops.auto_binning_woe_categorical | assign_bins_from_category_groups:235 | INFO | 	Group 2: 11346 observations, Categories: ['0']
2026-06-20 21:47:40,932 | [None] | mlops.auto_binning_woe_categorical | assign_bins_from_category_groups:235 | INFO | 	Group 3: 1757 observations, Categories: ['2']
2026-06-20 21:47:40,932 | [None] | mlops.auto_binning_woe_categorical | assign_bins_from_category_groups:235 | INFO | 	Group 4: 60 observations, Categories: ['4']
2026-06-20 21:47:40,932 | [None] | mlops.auto_binning_woe_categorical | assign_bins_from_category_groups:235 | INFO | 	Group 5: 166 observations, Categories: ['3', '5', '6', '7', '8']
2026-06-20 21:47:40,932 | [None] | mlops.auto_binning_woe_categorical | auto_woe_binning_categorical:500 | INFO | STEP: 14 - Bins assigned based on current category groups.
2026-06-20 21:47:40,932 | [None] | mlops.auto_binning_woe_categorical | calculate_woe_iv_table_categorical:95 | INFO | Calculating WoE / IV table for categorical binning. bin_col='_bin'
2026-06-20 21:47:40,934 | [None] | mlops.auto_binning_woe_categorical | calculate_woe_iv_table_categorical:113 | INFO | Total good: 15654, Total bad: 4446
2026-06-20 21:47:40,936 | [None] | mlops.auto_binning_woe_categorical | calculate_woe_iv_table_categorical:145 | INFO | WoE / IV table calculated. Bin count=6, Total IV=0.345924
2026-06-20 21:47:40,936 | [None] | mlops.auto_binning_woe_categorical | auto_woe_binning_categorical:509 | INFO | STEP: 14 - WoE / IV summary table calculated.
2026-06-20 21:47:40,936 | [None] | mlops.auto_binning_woe_categorical | auto_woe_binning_categorical:513 | INFO | STEP: 14 - Summary table sorted by bad_rate.
2026-06-20 21:47:40,937 | [None] | mlops.auto_binning_woe_categorical | auto_woe_binning_categorical:518 | INFO | STEP: 14 - Current bin count=6, Current IV=0.345924
2026-06-20 21:47:40,938 | [None] | mlops.auto_binning_woe_categorical | auto_woe_binning_categorical:531 | INFO | STEP: 14 - RULES CHECK START
2026-06-20 21:47:40,939 | [None] | mlops.auto_binning_woe_categorical | auto_woe_binning_categorical:555 | INFO | Rule 1 triggered: small bin merge.
2026-06-20 21:47:40,939 | [None] | mlops.auto_binning_woe_categorical | auto_woe_binning_categorical:556 | INFO | STEP: 14 - Problem bin=4, Merge with bin=4
2026-06-20 21:47:40,939 | [None] | mlops.auto_binning_woe_categorical | merge_category_groups:270 | INFO | Merging category groups. Merging group 4 into group 4
2026-06-20 21:47:40,939 | [None] | mlops.auto_binning_woe_categorical | merge_category_groups:286 | INFO | Groups merged and renumbered. New group count=6
2026-06-20 21:47:40,939 | [None] | mlops.auto_binning_woe_categorical | auto_woe_binning_categorical:564 | INFO | STEP: 14 - Category groups merged based on Rule 1.
2026-06-20 21:47:40,939 | [None] | mlops.auto_binning_woe_categorical | auto_woe_binning_categorical:491 | INFO | --- Iteration 15 ---
2026-06-20 21:47:40,939 | [None] | mlops.auto_binning_woe_categorical | assign_bins_from_category_groups:226 | INFO | Assigning observations to category groups. Group count=6
2026-06-20 21:47:40,940 | [None] | mlops.auto_binning_woe_categorical | assign_bins_from_category_groups:231 | INFO | Observations assigned to groups:
2026-06-20 21:47:40,941 | [None] | mlops.auto_binning_woe_categorical | assign_bins_from_category_groups:235 | INFO | 	Group 0: 3702 observations, Categories: ['-1']
2026-06-20 21:47:40,941 | [None] | mlops.auto_binning_woe_categorical | assign_bins_from_category_groups:235 | INFO | 	Group 1: 3069 observations, Categories: ['-2']
2026-06-20 21:47:40,941 | [None] | mlops.auto_binning_woe_categorical | assign_bins_from_category_groups:235 | INFO | 	Group 2: 11346 observations, Categories: ['0']
2026-06-20 21:47:40,941 | [None] | mlops.auto_binning_woe_categorical | assign_bins_from_category_groups:235 | INFO | 	Group 3: 1757 observations, Categories: ['2']
2026-06-20 21:47:40,942 | [None] | mlops.auto_binning_woe_categorical | assign_bins_from_category_groups:235 | INFO | 	Group 4: 60 observations, Categories: ['4']
2026-06-20 21:47:40,942 | [None] | mlops.auto_binning_woe_categorical | assign_bins_from_category_groups:235 | INFO | 	Group 5: 166 observations, Categories: ['3', '5', '6', '7', '8']
2026-06-20 21:47:40,942 | [None] | mlops.auto_binning_woe_categorical | auto_woe_binning_categorical:500 | INFO | STEP: 15 - Bins assigned based on current category groups.
2026-06-20 21:47:40,942 | [None] | mlops.auto_binning_woe_categorical | calculate_woe_iv_table_categorical:95 | INFO | Calculating WoE / IV table for categorical binning. bin_col='_bin'
2026-06-20 21:47:40,945 | [None] | mlops.auto_binning_woe_categorical | calculate_woe_iv_table_categorical:113 | INFO | Total good: 15654, Total bad: 4446
2026-06-20 21:47:40,947 | [None] | mlops.auto_binning_woe_categorical | calculate_woe_iv_table_categorical:145 | INFO | WoE / IV table calculated. Bin count=6, Total IV=0.345924
2026-06-20 21:47:40,947 | [None] | mlops.auto_binning_woe_categorical | auto_woe_binning_categorical:509 | INFO | STEP: 15 - WoE / IV summary table calculated.
2026-06-20 21:47:40,947 | [None] | mlops.auto_binning_woe_categorical | auto_woe_binning_categorical:513 | INFO | STEP: 15 - Summary table sorted by bad_rate.
2026-06-20 21:47:40,947 | [None] | mlops.auto_binning_woe_categorical | auto_woe_binning_categorical:518 | INFO | STEP: 15 - Current bin count=6, Current IV=0.345924
2026-06-20 21:47:40,948 | [None] | mlops.auto_binning_woe_categorical | auto_woe_binning_categorical:531 | INFO | STEP: 15 - RULES CHECK START
2026-06-20 21:47:40,949 | [None] | mlops.auto_binning_woe_categorical | auto_woe_binning_categorical:555 | INFO | Rule 1 triggered: small bin merge.
2026-06-20 21:47:40,949 | [None] | mlops.auto_binning_woe_categorical | auto_woe_binning_categorical:556 | INFO | STEP: 15 - Problem bin=4, Merge with bin=4
2026-06-20 21:47:40,949 | [None] | mlops.auto_binning_woe_categorical | merge_category_groups:270 | INFO | Merging category groups. Merging group 4 into group 4
2026-06-20 21:47:40,949 | [None] | mlops.auto_binning_woe_categorical | merge_category_groups:286 | INFO | Groups merged and renumbered. New group count=6
2026-06-20 21:47:40,949 | [None] | mlops.auto_binning_woe_categorical | auto_woe_binning_categorical:564 | INFO | STEP: 15 - Category groups merged based on Rule 1.
2026-06-20 21:47:40,949 | [None] | mlops.auto_binning_woe_categorical | auto_woe_binning_categorical:491 | INFO | --- Iteration 16 ---
2026-06-20 21:47:40,949 | [None] | mlops.auto_binning_woe_categorical | assign_bins_from_category_groups:226 | INFO | Assigning observations to category groups. Group count=6
2026-06-20 21:47:40,950 | [None] | mlops.auto_binning_woe_categorical | assign_bins_from_category_groups:231 | INFO | Observations assigned to groups:
2026-06-20 21:47:40,951 | [None] | mlops.auto_binning_woe_categorical | assign_bins_from_category_groups:235 | INFO | 	Group 0: 3702 observations, Categories: ['-1']
2026-06-20 21:47:40,951 | [None] | mlops.auto_binning_woe_categorical | assign_bins_from_category_groups:235 | INFO | 	Group 1: 3069 observations, Categories: ['-2']
2026-06-20 21:47:40,951 | [None] | mlops.auto_binning_woe_categorical | assign_bins_from_category_groups:235 | INFO | 	Group 2: 11346 observations, Categories: ['0']
2026-06-20 21:47:40,951 | [None] | mlops.auto_binning_woe_categorical | assign_bins_from_category_groups:235 | INFO | 	Group 3: 1757 observations, Categories: ['2']
2026-06-20 21:47:40,951 | [None] | mlops.auto_binning_woe_categorical | assign_bins_from_category_groups:235 | INFO | 	Group 4: 60 observations, Categories: ['4']
2026-06-20 21:47:40,951 | [None] | mlops.auto_binning_woe_categorical | assign_bins_from_category_groups:235 | INFO | 	Group 5: 166 observations, Categories: ['3', '5', '6', '7', '8']
2026-06-20 21:47:40,951 | [None] | mlops.auto_binning_woe_categorical | auto_woe_binning_categorical:500 | INFO | STEP: 16 - Bins assigned based on current category groups.
2026-06-20 21:47:40,952 | [None] | mlops.auto_binning_woe_categorical | calculate_woe_iv_table_categorical:95 | INFO | Calculating WoE / IV table for categorical binning. bin_col='_bin'
2026-06-20 21:47:40,953 | [None] | mlops.auto_binning_woe_categorical | calculate_woe_iv_table_categorical:113 | INFO | Total good: 15654, Total bad: 4446
2026-06-20 21:47:40,955 | [None] | mlops.auto_binning_woe_categorical | calculate_woe_iv_table_categorical:145 | INFO | WoE / IV table calculated. Bin count=6, Total IV=0.345924
2026-06-20 21:47:40,955 | [None] | mlops.auto_binning_woe_categorical | auto_woe_binning_categorical:509 | INFO | STEP: 16 - WoE / IV summary table calculated.
2026-06-20 21:47:40,955 | [None] | mlops.auto_binning_woe_categorical | auto_woe_binning_categorical:513 | INFO | STEP: 16 - Summary table sorted by bad_rate.
2026-06-20 21:47:40,956 | [None] | mlops.auto_binning_woe_categorical | auto_woe_binning_categorical:518 | INFO | STEP: 16 - Current bin count=6, Current IV=0.345924
2026-06-20 21:47:40,956 | [None] | mlops.auto_binning_woe_categorical | auto_woe_binning_categorical:531 | INFO | STEP: 16 - RULES CHECK START
2026-06-20 21:47:40,957 | [None] | mlops.auto_binning_woe_categorical | auto_woe_binning_categorical:555 | INFO | Rule 1 triggered: small bin merge.
2026-06-20 21:47:40,957 | [None] | mlops.auto_binning_woe_categorical | auto_woe_binning_categorical:556 | INFO | STEP: 16 - Problem bin=4, Merge with bin=4
2026-06-20 21:47:40,957 | [None] | mlops.auto_binning_woe_categorical | merge_category_groups:270 | INFO | Merging category groups. Merging group 4 into group 4
2026-06-20 21:47:40,958 | [None] | mlops.auto_binning_woe_categorical | merge_category_groups:286 | INFO | Groups merged and renumbered. New group count=6
2026-06-20 21:47:40,958 | [None] | mlops.auto_binning_woe_categorical | auto_woe_binning_categorical:564 | INFO | STEP: 16 - Category groups merged based on Rule 1.
2026-06-20 21:47:40,958 | [None] | mlops.auto_binning_woe_categorical | auto_woe_binning_categorical:491 | INFO | --- Iteration 17 ---
2026-06-20 21:47:40,958 | [None] | mlops.auto_binning_woe_categorical | assign_bins_from_category_groups:226 | INFO | Assigning observations to category groups. Group count=6
2026-06-20 21:47:40,959 | [None] | mlops.auto_binning_woe_categorical | assign_bins_from_category_groups:231 | INFO | Observations assigned to groups:
2026-06-20 21:47:40,959 | [None] | mlops.auto_binning_woe_categorical | assign_bins_from_category_groups:235 | INFO | 	Group 0: 3702 observations, Categories: ['-1']
2026-06-20 21:47:40,959 | [None] | mlops.auto_binning_woe_categorical | assign_bins_from_category_groups:235 | INFO | 	Group 1: 3069 observations, Categories: ['-2']
2026-06-20 21:47:40,959 | [None] | mlops.auto_binning_woe_categorical | assign_bins_from_category_groups:235 | INFO | 	Group 2: 11346 observations, Categories: ['0']
2026-06-20 21:47:40,959 | [None] | mlops.auto_binning_woe_categorical | assign_bins_from_category_groups:235 | INFO | 	Group 3: 1757 observations, Categories: ['2']
2026-06-20 21:47:40,959 | [None] | mlops.auto_binning_woe_categorical | assign_bins_from_category_groups:235 | INFO | 	Group 4: 60 observations, Categories: ['4']
2026-06-20 21:47:40,960 | [None] | mlops.auto_binning_woe_categorical | assign_bins_from_category_groups:235 | INFO | 	Group 5: 166 observations, Categories: ['3', '5', '6', '7', '8']
2026-06-20 21:47:40,960 | [None] | mlops.auto_binning_woe_categorical | auto_woe_binning_categorical:500 | INFO | STEP: 17 - Bins assigned based on current category groups.
2026-06-20 21:47:40,960 | [None] | mlops.auto_binning_woe_categorical | calculate_woe_iv_table_categorical:95 | INFO | Calculating WoE / IV table for categorical binning. bin_col='_bin'
2026-06-20 21:47:40,962 | [None] | mlops.auto_binning_woe_categorical | calculate_woe_iv_table_categorical:113 | INFO | Total good: 15654, Total bad: 4446
2026-06-20 21:47:40,964 | [None] | mlops.auto_binning_woe_categorical | calculate_woe_iv_table_categorical:145 | INFO | WoE / IV table calculated. Bin count=6, Total IV=0.345924
2026-06-20 21:47:40,964 | [None] | mlops.auto_binning_woe_categorical | auto_woe_binning_categorical:509 | INFO | STEP: 17 - WoE / IV summary table calculated.
2026-06-20 21:47:40,965 | [None] | mlops.auto_binning_woe_categorical | auto_woe_binning_categorical:513 | INFO | STEP: 17 - Summary table sorted by bad_rate.
2026-06-20 21:47:40,965 | [None] | mlops.auto_binning_woe_categorical | auto_woe_binning_categorical:518 | INFO | STEP: 17 - Current bin count=6, Current IV=0.345924
2026-06-20 21:47:40,966 | [None] | mlops.auto_binning_woe_categorical | auto_woe_binning_categorical:531 | INFO | STEP: 17 - RULES CHECK START
2026-06-20 21:47:40,967 | [None] | mlops.auto_binning_woe_categorical | auto_woe_binning_categorical:555 | INFO | Rule 1 triggered: small bin merge.
2026-06-20 21:47:40,967 | [None] | mlops.auto_binning_woe_categorical | auto_woe_binning_categorical:556 | INFO | STEP: 17 - Problem bin=4, Merge with bin=4
2026-06-20 21:47:40,967 | [None] | mlops.auto_binning_woe_categorical | merge_category_groups:270 | INFO | Merging category groups. Merging group 4 into group 4
2026-06-20 21:47:40,967 | [None] | mlops.auto_binning_woe_categorical | merge_category_groups:286 | INFO | Groups merged and renumbered. New group count=6
2026-06-20 21:47:40,967 | [None] | mlops.auto_binning_woe_categorical | auto_woe_binning_categorical:564 | INFO | STEP: 17 - Category groups merged based on Rule 1.
2026-06-20 21:47:40,967 | [None] | mlops.auto_binning_woe_categorical | auto_woe_binning_categorical:491 | INFO | --- Iteration 18 ---
2026-06-20 21:47:40,967 | [None] | mlops.auto_binning_woe_categorical | assign_bins_from_category_groups:226 | INFO | Assigning observations to category groups. Group count=6
2026-06-20 21:47:40,968 | [None] | mlops.auto_binning_woe_categorical | assign_bins_from_category_groups:231 | INFO | Observations assigned to groups:
2026-06-20 21:47:40,968 | [None] | mlops.auto_binning_woe_categorical | assign_bins_from_category_groups:235 | INFO | 	Group 0: 3702 observations, Categories: ['-1']
2026-06-20 21:47:40,968 | [None] | mlops.auto_binning_woe_categorical | assign_bins_from_category_groups:235 | INFO | 	Group 1: 3069 observations, Categories: ['-2']
2026-06-20 21:47:40,969 | [None] | mlops.auto_binning_woe_categorical | assign_bins_from_category_groups:235 | INFO | 	Group 2: 11346 observations, Categories: ['0']
2026-06-20 21:47:40,969 | [None] | mlops.auto_binning_woe_categorical | assign_bins_from_category_groups:235 | INFO | 	Group 3: 1757 observations, Categories: ['2']
2026-06-20 21:47:40,969 | [None] | mlops.auto_binning_woe_categorical | assign_bins_from_category_groups:235 | INFO | 	Group 4: 60 observations, Categories: ['4']
2026-06-20 21:47:40,969 | [None] | mlops.auto_binning_woe_categorical | assign_bins_from_category_groups:235 | INFO | 	Group 5: 166 observations, Categories: ['3', '5', '6', '7', '8']
2026-06-20 21:47:40,969 | [None] | mlops.auto_binning_woe_categorical | auto_woe_binning_categorical:500 | INFO | STEP: 18 - Bins assigned based on current category groups.
2026-06-20 21:47:40,969 | [None] | mlops.auto_binning_woe_categorical | calculate_woe_iv_table_categorical:95 | INFO | Calculating WoE / IV table for categorical binning. bin_col='_bin'
2026-06-20 21:47:40,971 | [None] | mlops.auto_binning_woe_categorical | calculate_woe_iv_table_categorical:113 | INFO | Total good: 15654, Total bad: 4446
2026-06-20 21:47:40,973 | [None] | mlops.auto_binning_woe_categorical | calculate_woe_iv_table_categorical:145 | INFO | WoE / IV table calculated. Bin count=6, Total IV=0.345924
2026-06-20 21:47:40,973 | [None] | mlops.auto_binning_woe_categorical | auto_woe_binning_categorical:509 | INFO | STEP: 18 - WoE / IV summary table calculated.
2026-06-20 21:47:40,973 | [None] | mlops.auto_binning_woe_categorical | auto_woe_binning_categorical:513 | INFO | STEP: 18 - Summary table sorted by bad_rate.
2026-06-20 21:47:40,973 | [None] | mlops.auto_binning_woe_categorical | auto_woe_binning_categorical:518 | INFO | STEP: 18 - Current bin count=6, Current IV=0.345924
2026-06-20 21:47:40,974 | [None] | mlops.auto_binning_woe_categorical | auto_woe_binning_categorical:531 | INFO | STEP: 18 - RULES CHECK START
2026-06-20 21:47:40,975 | [None] | mlops.auto_binning_woe_categorical | auto_woe_binning_categorical:555 | INFO | Rule 1 triggered: small bin merge.
2026-06-20 21:47:40,975 | [None] | mlops.auto_binning_woe_categorical | auto_woe_binning_categorical:556 | INFO | STEP: 18 - Problem bin=4, Merge with bin=4
2026-06-20 21:47:40,975 | [None] | mlops.auto_binning_woe_categorical | merge_category_groups:270 | INFO | Merging category groups. Merging group 4 into group 4
2026-06-20 21:47:40,975 | [None] | mlops.auto_binning_woe_categorical | merge_category_groups:286 | INFO | Groups merged and renumbered. New group count=6
2026-06-20 21:47:40,976 | [None] | mlops.auto_binning_woe_categorical | auto_woe_binning_categorical:564 | INFO | STEP: 18 - Category groups merged based on Rule 1.
2026-06-20 21:47:40,976 | [None] | mlops.auto_binning_woe_categorical | auto_woe_binning_categorical:491 | INFO | --- Iteration 19 ---
2026-06-20 21:47:40,976 | [None] | mlops.auto_binning_woe_categorical | assign_bins_from_category_groups:226 | INFO | Assigning observations to category groups. Group count=6
2026-06-20 21:47:40,977 | [None] | mlops.auto_binning_woe_categorical | assign_bins_from_category_groups:231 | INFO | Observations assigned to groups:
2026-06-20 21:47:40,977 | [None] | mlops.auto_binning_woe_categorical | assign_bins_from_category_groups:235 | INFO | 	Group 0: 3702 observations, Categories: ['-1']
2026-06-20 21:47:40,977 | [None] | mlops.auto_binning_woe_categorical | assign_bins_from_category_groups:235 | INFO | 	Group 1: 3069 observations, Categories: ['-2']
2026-06-20 21:47:40,977 | [None] | mlops.auto_binning_woe_categorical | assign_bins_from_category_groups:235 | INFO | 	Group 2: 11346 observations, Categories: ['0']
2026-06-20 21:47:40,977 | [None] | mlops.auto_binning_woe_categorical | assign_bins_from_category_groups:235 | INFO | 	Group 3: 1757 observations, Categories: ['2']
2026-06-20 21:47:40,978 | [None] | mlops.auto_binning_woe_categorical | assign_bins_from_category_groups:235 | INFO | 	Group 4: 60 observations, Categories: ['4']
2026-06-20 21:47:40,978 | [None] | mlops.auto_binning_woe_categorical | assign_bins_from_category_groups:235 | INFO | 	Group 5: 166 observations, Categories: ['3', '5', '6', '7', '8']
2026-06-20 21:47:40,978 | [None] | mlops.auto_binning_woe_categorical | auto_woe_binning_categorical:500 | INFO | STEP: 19 - Bins assigned based on current category groups.
2026-06-20 21:47:40,978 | [None] | mlops.auto_binning_woe_categorical | calculate_woe_iv_table_categorical:95 | INFO | Calculating WoE / IV table for categorical binning. bin_col='_bin'
2026-06-20 21:47:40,980 | [None] | mlops.auto_binning_woe_categorical | calculate_woe_iv_table_categorical:113 | INFO | Total good: 15654, Total bad: 4446
2026-06-20 21:47:40,982 | [None] | mlops.auto_binning_woe_categorical | calculate_woe_iv_table_categorical:145 | INFO | WoE / IV table calculated. Bin count=6, Total IV=0.345924
2026-06-20 21:47:40,982 | [None] | mlops.auto_binning_woe_categorical | auto_woe_binning_categorical:509 | INFO | STEP: 19 - WoE / IV summary table calculated.
2026-06-20 21:47:40,982 | [None] | mlops.auto_binning_woe_categorical | auto_woe_binning_categorical:513 | INFO | STEP: 19 - Summary table sorted by bad_rate.
2026-06-20 21:47:40,982 | [None] | mlops.auto_binning_woe_categorical | auto_woe_binning_categorical:518 | INFO | STEP: 19 - Current bin count=6, Current IV=0.345924
2026-06-20 21:47:40,983 | [None] | mlops.auto_binning_woe_categorical | auto_woe_binning_categorical:531 | INFO | STEP: 19 - RULES CHECK START
2026-06-20 21:47:40,984 | [None] | mlops.auto_binning_woe_categorical | auto_woe_binning_categorical:555 | INFO | Rule 1 triggered: small bin merge.
2026-06-20 21:47:40,984 | [None] | mlops.auto_binning_woe_categorical | auto_woe_binning_categorical:556 | INFO | STEP: 19 - Problem bin=4, Merge with bin=4
2026-06-20 21:47:40,984 | [None] | mlops.auto_binning_woe_categorical | merge_category_groups:270 | INFO | Merging category groups. Merging group 4 into group 4
2026-06-20 21:47:40,984 | [None] | mlops.auto_binning_woe_categorical | merge_category_groups:286 | INFO | Groups merged and renumbered. New group count=6
2026-06-20 21:47:40,984 | [None] | mlops.auto_binning_woe_categorical | auto_woe_binning_categorical:564 | INFO | STEP: 19 - Category groups merged based on Rule 1.
2026-06-20 21:47:40,984 | [None] | mlops.auto_binning_woe_categorical | auto_woe_binning_categorical:491 | INFO | --- Iteration 20 ---
2026-06-20 21:47:40,985 | [None] | mlops.auto_binning_woe_categorical | assign_bins_from_category_groups:226 | INFO | Assigning observations to category groups. Group count=6
2026-06-20 21:47:40,985 | [None] | mlops.auto_binning_woe_categorical | assign_bins_from_category_groups:231 | INFO | Observations assigned to groups:
2026-06-20 21:47:40,986 | [None] | mlops.auto_binning_woe_categorical | assign_bins_from_category_groups:235 | INFO | 	Group 0: 3702 observations, Categories: ['-1']
2026-06-20 21:47:40,986 | [None] | mlops.auto_binning_woe_categorical | assign_bins_from_category_groups:235 | INFO | 	Group 1: 3069 observations, Categories: ['-2']
2026-06-20 21:47:40,986 | [None] | mlops.auto_binning_woe_categorical | assign_bins_from_category_groups:235 | INFO | 	Group 2: 11346 observations, Categories: ['0']
2026-06-20 21:47:40,986 | [None] | mlops.auto_binning_woe_categorical | assign_bins_from_category_groups:235 | INFO | 	Group 3: 1757 observations, Categories: ['2']
2026-06-20 21:47:40,986 | [None] | mlops.auto_binning_woe_categorical | assign_bins_from_category_groups:235 | INFO | 	Group 4: 60 observations, Categories: ['4']
2026-06-20 21:47:40,987 | [None] | mlops.auto_binning_woe_categorical | assign_bins_from_category_groups:235 | INFO | 	Group 5: 166 observations, Categories: ['3', '5', '6', '7', '8']
2026-06-20 21:47:40,987 | [None] | mlops.auto_binning_woe_categorical | auto_woe_binning_categorical:500 | INFO | STEP: 20 - Bins assigned based on current category groups.
2026-06-20 21:47:40,987 | [None] | mlops.auto_binning_woe_categorical | calculate_woe_iv_table_categorical:95 | INFO | Calculating WoE / IV table for categorical binning. bin_col='_bin'
2026-06-20 21:47:40,988 | [None] | mlops.auto_binning_woe_categorical | calculate_woe_iv_table_categorical:113 | INFO | Total good: 15654, Total bad: 4446
2026-06-20 21:47:40,990 | [None] | mlops.auto_binning_woe_categorical | calculate_woe_iv_table_categorical:145 | INFO | WoE / IV table calculated. Bin count=6, Total IV=0.345924
2026-06-20 21:47:40,990 | [None] | mlops.auto_binning_woe_categorical | auto_woe_binning_categorical:509 | INFO | STEP: 20 - WoE / IV summary table calculated.
2026-06-20 21:47:40,990 | [None] | mlops.auto_binning_woe_categorical | auto_woe_binning_categorical:513 | INFO | STEP: 20 - Summary table sorted by bad_rate.
2026-06-20 21:47:40,991 | [None] | mlops.auto_binning_woe_categorical | auto_woe_binning_categorical:518 | INFO | STEP: 20 - Current bin count=6, Current IV=0.345924
2026-06-20 21:47:40,991 | [None] | mlops.auto_binning_woe_categorical | auto_woe_binning_categorical:531 | INFO | STEP: 20 - RULES CHECK START
2026-06-20 21:47:40,992 | [None] | mlops.auto_binning_woe_categorical | auto_woe_binning_categorical:555 | INFO | Rule 1 triggered: small bin merge.
2026-06-20 21:47:40,993 | [None] | mlops.auto_binning_woe_categorical | auto_woe_binning_categorical:556 | INFO | STEP: 20 - Problem bin=4, Merge with bin=4
2026-06-20 21:47:40,993 | [None] | mlops.auto_binning_woe_categorical | merge_category_groups:270 | INFO | Merging category groups. Merging group 4 into group 4
2026-06-20 21:47:40,993 | [None] | mlops.auto_binning_woe_categorical | merge_category_groups:286 | INFO | Groups merged and renumbered. New group count=6
2026-06-20 21:47:40,993 | [None] | mlops.auto_binning_woe_categorical | auto_woe_binning_categorical:564 | INFO | STEP: 20 - Category groups merged based on Rule 1.
2026-06-20 21:47:40,993 | [None] | mlops.auto_binning_woe_categorical | auto_woe_binning_categorical:686 | WARNING | Auto binning did NOT converge for feature 'repayment_status_may_2005'. Reached max_iter=20 while rule violations were still present.
2026-06-20 21:47:40,993 | [None] | mlops.auto_binning_woe_categorical | auto_woe_binning_categorical:689 | INFO | Iterative merging process completed after 20 iterations.
2026-06-20 21:47:40,993 | [None] | mlops.auto_binning_woe_categorical | auto_woe_binning_categorical:690 | INFO | ----FINAL BINNING RESULTS----
2026-06-20 21:47:40,994 | [None] | mlops.auto_binning_woe_categorical | assign_bins_from_category_groups:226 | INFO | Assigning observations to category groups. Group count=6
2026-06-20 21:47:40,995 | [None] | mlops.auto_binning_woe_categorical | assign_bins_from_category_groups:231 | INFO | Observations assigned to groups:
2026-06-20 21:47:40,995 | [None] | mlops.auto_binning_woe_categorical | assign_bins_from_category_groups:235 | INFO | 	Group 0: 3702 observations, Categories: ['-1']
2026-06-20 21:47:40,995 | [None] | mlops.auto_binning_woe_categorical | assign_bins_from_category_groups:235 | INFO | 	Group 1: 3069 observations, Categories: ['-2']
2026-06-20 21:47:40,995 | [None] | mlops.auto_binning_woe_categorical | assign_bins_from_category_groups:235 | INFO | 	Group 2: 11346 observations, Categories: ['0']
2026-06-20 21:47:40,995 | [None] | mlops.auto_binning_woe_categorical | assign_bins_from_category_groups:235 | INFO | 	Group 3: 1757 observations, Categories: ['2']
2026-06-20 21:47:40,995 | [None] | mlops.auto_binning_woe_categorical | assign_bins_from_category_groups:235 | INFO | 	Group 4: 60 observations, Categories: ['4']
2026-06-20 21:47:40,995 | [None] | mlops.auto_binning_woe_categorical | assign_bins_from_category_groups:235 | INFO | 	Group 5: 166 observations, Categories: ['3', '5', '6', '7', '8']
2026-06-20 21:47:40,995 | [None] | mlops.auto_binning_woe_categorical | calculate_woe_iv_table_categorical:95 | INFO | Calculating WoE / IV table for categorical binning. bin_col='_bin'
2026-06-20 21:47:40,997 | [None] | mlops.auto_binning_woe_categorical | calculate_woe_iv_table_categorical:113 | INFO | Total good: 15654, Total bad: 4446
2026-06-20 21:47:40,999 | [None] | mlops.auto_binning_woe_categorical | calculate_woe_iv_table_categorical:145 | INFO | WoE / IV table calculated. Bin count=6, Total IV=0.345924
2026-06-20 21:47:41,001 | [None] | mlops.auto_binning_woe_categorical | auto_woe_binning_categorical:750 | WARNING | Final status: REVIEW_NOT_CONVERGED (max_iter reached)
2026-06-20 21:47:41,002 | [None] | mlops.auto_binning_woe_categorical | auto_woe_binning_categorical:764 | INFO | Feature: repayment_status_may_2005, Final bins=6, Total IV=0.345924, Status=REVIEW_NOT_CONVERGED
2026-06-20 21:47:41,002 | [None] | mlops.auto_binning_woe_categorical | auto_woe_binning_categorical:766 | INFO | Values to Group mapping:
2026-06-20 21:47:41,002 | [None] | mlops.auto_binning_woe_categorical | auto_woe_binning_categorical:768 | INFO |   - repayment_status_may_2005_grp0: ['-1']
2026-06-20 21:47:41,002 | [None] | mlops.auto_binning_woe_categorical | auto_woe_binning_categorical:768 | INFO |   - repayment_status_may_2005_grp1: ['-2']
2026-06-20 21:47:41,002 | [None] | mlops.auto_binning_woe_categorical | auto_woe_binning_categorical:768 | INFO |   - repayment_status_may_2005_grp2: ['0']
2026-06-20 21:47:41,002 | [None] | mlops.auto_binning_woe_categorical | auto_woe_binning_categorical:768 | INFO |   - repayment_status_may_2005_grp3: ['2']
2026-06-20 21:47:41,002 | [None] | mlops.auto_binning_woe_categorical | auto_woe_binning_categorical:768 | INFO |   - repayment_status_may_2005_grp5: ['3', '5', '6', '7', '8']
2026-06-20 21:47:41,002 | [None] | mlops.auto_binning_woe_categorical | auto_woe_binning_categorical:768 | INFO |   - repayment_status_may_2005_grp4: ['4']
2026-06-20 21:47:41,004 | [None] | mlops.auto_binning_woe_categorical | auto_woe_binning_categorical:788 | INFO | Auto binning result saved to ./outputs/auto_binning_woe/repayment_status_may_2005/final_auto_binning_woe.json
2026-06-20 21:47:41,005 | [None] | mlops.auto_binning_woe_categorical | auto_woe_binning_categorical:792 | INFO | Final WOE table saved to ./outputs/auto_binning_woe/repayment_status_may_2005/final_woe_table.csv
2026-06-20 21:47:41,005 | [None] | mlops.auto_binning_woe_categorical | auto_woe_binning_categorical:795 | INFO | ==================================================
2026-06-20 21:47:41,005 | [None] | mlops.auto_binning_woe_categorical | auto_woe_binning_categorical:796 | INFO | INITIALIZE PARAMETERS
2026-06-20 21:47:41,005 | [None] | mlops.auto_binning_woe_categorical | auto_woe_binning_categorical:797 | INFO | Feature:..................... repayment_status_may_2005
2026-06-20 21:47:41,005 | [None] | mlops.auto_binning_woe_categorical | auto_woe_binning_categorical:798 | INFO | Target:...................... TARGET
2026-06-20 21:47:41,005 | [None] | mlops.auto_binning_woe_categorical | auto_woe_binning_categorical:799 | INFO | Minimum Bin Percentage:...... 0.05
2026-06-20 21:47:41,005 | [None] | mlops.auto_binning_woe_categorical | auto_woe_binning_categorical:800 | INFO | Maximum Final Bins:.......... 6
2026-06-20 21:47:41,005 | [None] | mlops.auto_binning_woe_categorical | auto_woe_binning_categorical:801 | INFO | Minimum Final Bins:.......... 2
2026-06-20 21:47:41,006 | [None] | mlops.auto_binning_woe_categorical | auto_woe_binning_categorical:802 | INFO | Minimum IV:.................. 0.02
2026-06-20 21:47:41,006 | [None] | mlops.auto_binning_woe_categorical | auto_woe_binning_categorical:803 | INFO | Maximum IV:.................. 0.5
2026-06-20 21:47:41,006 | [None] | mlops.auto_binning_woe_categorical | auto_woe_binning_categorical:804 | INFO | Maximum Iterations:.......... 20
2026-06-20 21:47:41,006 | [None] | mlops.auto_binning_woe_categorical | auto_woe_binning_categorical:805 | INFO | ==================================================
2026-06-20 21:47:41,006 | [None] | mlops.auto_binning_woe_categorical | auto_woe_binning_categorical:807 | INFO | ==================================================
2026-06-20 21:47:41,006 | [None] | mlops.auto_binning_woe_categorical | auto_woe_binning_categorical:808 | INFO | AUTO BINNING RESULTS
2026-06-20 21:47:41,006 | [None] | mlops.auto_binning_woe_categorical | auto_woe_binning_categorical:809 | INFO | Stopping Iteration:............... 20
2026-06-20 21:47:41,006 | [None] | mlops.auto_binning_woe_categorical | auto_woe_binning_categorical:810 | INFO | Feature Name:..................... repayment_status_may_2005
2026-06-20 21:47:41,006 | [None] | mlops.auto_binning_woe_categorical | auto_woe_binning_categorical:811 | INFO | Final Bin Count:.................. 6
2026-06-20 21:47:41,006 | [None] | mlops.auto_binning_woe_categorical | auto_woe_binning_categorical:812 | INFO | Total Information Value (IV):..... 0.345924
2026-06-20 21:47:41,006 | [None] | mlops.auto_binning_woe_categorical | auto_woe_binning_categorical:813 | INFO | IV Interpretation:................ Strong Predictive Power
2026-06-20 21:47:41,006 | [None] | mlops.auto_binning_woe_categorical | auto_woe_binning_categorical:814 | INFO | Binning Status:................... REVIEW_NOT_CONVERGED
2026-06-20 21:47:41,006 | [None] | mlops.auto_binning_woe_categorical | auto_woe_binning_categorical:815 | INFO | --------------------------------------------------
2026-06-20 21:47:41,006 | [None] | mlops.auto_binning_woe_categorical | auto_woe_binning_categorical:816 | INFO | WoE Summary Table:
2026-06-20 21:47:41,008 | [None] | mlops.auto_binning_woe_categorical | auto_woe_binning_categorical:817 | INFO | 
                          _bin  total  good  bad  bad_rate  bin_pct  good_dist  bad_dist  good_dist_minus_bad_dist  odds_ratio       woe  woe_display       iv
repayment_status_may_2005_grp0   3702  3075  627  0.169368 0.184179   0.196430  0.141043                  0.055387    1.392694  0.331240    33.124035 0.018346
repayment_status_may_2005_grp1   3069  2499  570  0.185728 0.152687   0.159641  0.128231                  0.031410    1.244948  0.219094    21.909407 0.006882
repayment_status_may_2005_grp2  11346  9214 2132  0.187908 0.564478   0.588523  0.479321                  0.109202    1.227825  0.205245    20.524458 0.022413
repayment_status_may_2005_grp4     60    27   33  0.550000 0.002985   0.001756  0.007530                 -0.005773    0.233261 -1.455598  -145.559818 0.008404
repayment_status_may_2005_grp3   1757   781  976  0.555492 0.087413   0.049914  0.219488                 -0.169574    0.227411 -1.480998  -148.099835 0.251138
repayment_status_may_2005_grp5    166    58  108  0.650602 0.008259   0.003736  0.024388                 -0.020651    0.153207 -1.875962  -187.596217 0.038741

2026-06-20 21:47:41,008 | [None] | mlops.auto_binning_woe_categorical | auto_woe_binning_categorical:818 | INFO | --------------------------------------------------
2026-06-20 21:47:41,008 | [None] | mlops.auto_binning_woe_categorical | auto_woe_binning_categorical:819 | INFO | Values to Group:
2026-06-20 21:47:41,008 | [None] | mlops.auto_binning_woe_categorical | auto_woe_binning_categorical:821 | INFO |   repayment_status_may_2005_grp0: ['-1']
2026-06-20 21:47:41,008 | [None] | mlops.auto_binning_woe_categorical | auto_woe_binning_categorical:821 | INFO |   repayment_status_may_2005_grp1: ['-2']
2026-06-20 21:47:41,008 | [None] | mlops.auto_binning_woe_categorical | auto_woe_binning_categorical:821 | INFO |   repayment_status_may_2005_grp2: ['0']
2026-06-20 21:47:41,008 | [None] | mlops.auto_binning_woe_categorical | auto_woe_binning_categorical:821 | INFO |   repayment_status_may_2005_grp3: ['2']
2026-06-20 21:47:41,008 | [None] | mlops.auto_binning_woe_categorical | auto_woe_binning_categorical:821 | INFO |   repayment_status_may_2005_grp5: ['3', '5', '6', '7', '8']
2026-06-20 21:47:41,008 | [None] | mlops.auto_binning_woe_categorical | auto_woe_binning_categorical:821 | INFO |   repayment_status_may_2005_grp4: ['4']
2026-06-20 21:47:41,008 | [None] | mlops.auto_binning_woe_categorical | auto_woe_binning_categorical:822 | INFO | --------------------------------------------------
2026-06-20 21:47:41,008 | [None] | mlops.auto_binning_woe_categorical | auto_woe_binning_categorical:823 | INFO | Quality Check Results:
2026-06-20 21:47:41,008 | [None] | mlops.auto_binning_woe_categorical | auto_woe_binning_categorical:825 | INFO |   minBinPct: Is minimum pct of each bin > 0.05? -> False
2026-06-20 21:47:41,008 | [None] | mlops.auto_binning_woe_categorical | auto_woe_binning_categorical:825 | INFO |   goodBadExist: Do good and bad exist in every bin? -> True
2026-06-20 21:47:41,008 | [None] | mlops.auto_binning_woe_categorical | auto_woe_binning_categorical:825 | INFO |   badRateMonotonic: Is Bad Rate monotonic? -> True
2026-06-20 21:47:41,008 | [None] | mlops.auto_binning_woe_categorical | auto_woe_binning_categorical:825 | INFO |   woeMonotonic: Is WoE monotonic? -> True
2026-06-20 21:47:41,008 | [None] | mlops.auto_binning_woe_categorical | auto_woe_binning_categorical:825 | INFO |   binCount: Are bins between 2 and 6? -> True
2026-06-20 21:47:41,008 | [None] | mlops.auto_binning_woe_categorical | auto_woe_binning_categorical:825 | INFO |   ivReasonable: Is IV 0.345924 reasonable? (0.02 < IV < 0.50) -> True
2026-06-20 21:47:41,008 | [None] | mlops.auto_binning_woe_categorical | auto_woe_binning_categorical:826 | INFO | --------------------------------------------------
2026-06-20 21:47:41,009 | [None] | mlops.auto_binning_woe_categorical | auto_woe_binning_categorical:828 | INFO | Auto binning completed successfully for feature: 'repayment_status_may_2005'
2026-06-20 21:47:41,009 | [None] | mlops.auto_binning_woe_categorical | auto_woe_binning_categorical:829 | INFO | ==================================================
2026-06-20 21:47:41,009 | [None] | mlops.auto_binning_woe_categorical | auto_woe_binning_categorical:409 | INFO | Starting categorical WoE auto binning. Feature:repayment_status_apr_2005, Target:TARGET
2026-06-20 21:47:41,013 | [None] | mlops.auto_binning_woe_categorical | auto_woe_binning_categorical:463 | INFO | Missing rows dropped. Before=20100, After=20100, Dropped=0
2026-06-20 21:47:41,013 | [None] | mlops.auto_binning_woe_categorical | auto_woe_binning_categorical:466 | INFO | Target variable TARGET converted to integer type.
2026-06-20 21:47:41,014 | [None] | mlops.auto_binning_woe_categorical | auto_woe_binning_categorical:470 | INFO | Distinct categories found: ['-1', '-2', '0', '2', '3', '4', '5', '6', '7', '8']
2026-06-20 21:47:41,014 | [None] | mlops.auto_binning_woe_categorical | create_initial_category_groups:182 | INFO | Creating initial category groups. Category count=10
2026-06-20 21:47:41,014 | [None] | mlops.auto_binning_woe_categorical | create_initial_category_groups:188 | INFO | Initial category groups created:
2026-06-20 21:47:41,014 | [None] | mlops.auto_binning_woe_categorical | create_initial_category_groups:190 | INFO |   - Category: '-1' -> Group: 0
2026-06-20 21:47:41,014 | [None] | mlops.auto_binning_woe_categorical | create_initial_category_groups:190 | INFO |   - Category: '-2' -> Group: 1
2026-06-20 21:47:41,014 | [None] | mlops.auto_binning_woe_categorical | create_initial_category_groups:190 | INFO |   - Category: '0' -> Group: 2
2026-06-20 21:47:41,014 | [None] | mlops.auto_binning_woe_categorical | create_initial_category_groups:190 | INFO |   - Category: '2' -> Group: 3
2026-06-20 21:47:41,014 | [None] | mlops.auto_binning_woe_categorical | create_initial_category_groups:190 | INFO |   - Category: '3' -> Group: 4
2026-06-20 21:47:41,014 | [None] | mlops.auto_binning_woe_categorical | create_initial_category_groups:190 | INFO |   - Category: '4' -> Group: 5
2026-06-20 21:47:41,014 | [None] | mlops.auto_binning_woe_categorical | create_initial_category_groups:190 | INFO |   - Category: '5' -> Group: 6
2026-06-20 21:47:41,014 | [None] | mlops.auto_binning_woe_categorical | create_initial_category_groups:190 | INFO |   - Category: '6' -> Group: 7
2026-06-20 21:47:41,014 | [None] | mlops.auto_binning_woe_categorical | create_initial_category_groups:190 | INFO |   - Category: '7' -> Group: 8
2026-06-20 21:47:41,015 | [None] | mlops.auto_binning_woe_categorical | create_initial_category_groups:190 | INFO |   - Category: '8' -> Group: 9
2026-06-20 21:47:41,015 | [None] | mlops.auto_binning_woe_categorical | auto_woe_binning_categorical:491 | INFO | --- Iteration 1 ---
2026-06-20 21:47:41,015 | [None] | mlops.auto_binning_woe_categorical | assign_bins_from_category_groups:226 | INFO | Assigning observations to category groups. Group count=10
2026-06-20 21:47:41,016 | [None] | mlops.auto_binning_woe_categorical | assign_bins_from_category_groups:231 | INFO | Observations assigned to groups:
2026-06-20 21:47:41,016 | [None] | mlops.auto_binning_woe_categorical | assign_bins_from_category_groups:235 | INFO | 	Group 0: 3838 observations, Categories: ['-1']
2026-06-20 21:47:41,016 | [None] | mlops.auto_binning_woe_categorical | assign_bins_from_category_groups:235 | INFO | 	Group 1: 3290 observations, Categories: ['-2']
2026-06-20 21:47:41,016 | [None] | mlops.auto_binning_woe_categorical | assign_bins_from_category_groups:235 | INFO | 	Group 2: 10881 observations, Categories: ['0']
2026-06-20 21:47:41,016 | [None] | mlops.auto_binning_woe_categorical | assign_bins_from_category_groups:235 | INFO | 	Group 3: 1877 observations, Categories: ['2']
2026-06-20 21:47:41,016 | [None] | mlops.auto_binning_woe_categorical | assign_bins_from_category_groups:235 | INFO | 	Group 4: 134 observations, Categories: ['3']
2026-06-20 21:47:41,016 | [None] | mlops.auto_binning_woe_categorical | assign_bins_from_category_groups:235 | INFO | 	Group 5: 37 observations, Categories: ['4']
2026-06-20 21:47:41,017 | [None] | mlops.auto_binning_woe_categorical | assign_bins_from_category_groups:235 | INFO | 	Group 6: 7 observations, Categories: ['5']
2026-06-20 21:47:41,017 | [None] | mlops.auto_binning_woe_categorical | assign_bins_from_category_groups:235 | INFO | 	Group 7: 9 observations, Categories: ['6']
2026-06-20 21:47:41,017 | [None] | mlops.auto_binning_woe_categorical | assign_bins_from_category_groups:235 | INFO | 	Group 8: 26 observations, Categories: ['7']
2026-06-20 21:47:41,017 | [None] | mlops.auto_binning_woe_categorical | assign_bins_from_category_groups:235 | INFO | 	Group 9: 1 observations, Categories: ['8']
2026-06-20 21:47:41,017 | [None] | mlops.auto_binning_woe_categorical | auto_woe_binning_categorical:500 | INFO | STEP: 1 - Bins assigned based on current category groups.
2026-06-20 21:47:41,018 | [None] | mlops.auto_binning_woe_categorical | calculate_woe_iv_table_categorical:95 | INFO | Calculating WoE / IV table for categorical binning. bin_col='_bin'
2026-06-20 21:47:41,019 | [None] | mlops.auto_binning_woe_categorical | calculate_woe_iv_table_categorical:113 | INFO | Total good: 15654, Total bad: 4446
2026-06-20 21:47:41,021 | [None] | mlops.auto_binning_woe_categorical | calculate_woe_iv_table_categorical:145 | INFO | WoE / IV table calculated. Bin count=10, Total IV=0.303867
2026-06-20 21:47:41,021 | [None] | mlops.auto_binning_woe_categorical | auto_woe_binning_categorical:509 | INFO | STEP: 1 - WoE / IV summary table calculated.
2026-06-20 21:47:41,022 | [None] | mlops.auto_binning_woe_categorical | auto_woe_binning_categorical:513 | INFO | STEP: 1 - Summary table sorted by bad_rate.
2026-06-20 21:47:41,022 | [None] | mlops.auto_binning_woe_categorical | auto_woe_binning_categorical:518 | INFO | STEP: 1 - Current bin count=10, Current IV=0.303867
2026-06-20 21:47:41,023 | [None] | mlops.auto_binning_woe_categorical | auto_woe_binning_categorical:531 | INFO | STEP: 1 - RULES CHECK START
2026-06-20 21:47:41,023 | [None] | mlops.auto_binning_woe_categorical | auto_woe_binning_categorical:555 | INFO | Rule 1 triggered: small bin merge.
2026-06-20 21:47:41,023 | [None] | mlops.auto_binning_woe_categorical | auto_woe_binning_categorical:556 | INFO | STEP: 1 - Problem bin=9, Merge with bin=8
2026-06-20 21:47:41,023 | [None] | mlops.auto_binning_woe_categorical | merge_category_groups:270 | INFO | Merging category groups. Merging group 8 into group 9
2026-06-20 21:47:41,023 | [None] | mlops.auto_binning_woe_categorical | merge_category_groups:286 | INFO | Groups merged and renumbered. New group count=9
2026-06-20 21:47:41,023 | [None] | mlops.auto_binning_woe_categorical | auto_woe_binning_categorical:564 | INFO | STEP: 1 - Category groups merged based on Rule 1.
2026-06-20 21:47:41,023 | [None] | mlops.auto_binning_woe_categorical | auto_woe_binning_categorical:491 | INFO | --- Iteration 2 ---
2026-06-20 21:47:41,023 | [None] | mlops.auto_binning_woe_categorical | assign_bins_from_category_groups:226 | INFO | Assigning observations to category groups. Group count=9
2026-06-20 21:47:41,024 | [None] | mlops.auto_binning_woe_categorical | assign_bins_from_category_groups:231 | INFO | Observations assigned to groups:
2026-06-20 21:47:41,024 | [None] | mlops.auto_binning_woe_categorical | assign_bins_from_category_groups:235 | INFO | 	Group 0: 3838 observations, Categories: ['-1']
2026-06-20 21:47:41,025 | [None] | mlops.auto_binning_woe_categorical | assign_bins_from_category_groups:235 | INFO | 	Group 1: 3290 observations, Categories: ['-2']
2026-06-20 21:47:41,025 | [None] | mlops.auto_binning_woe_categorical | assign_bins_from_category_groups:235 | INFO | 	Group 2: 10881 observations, Categories: ['0']
2026-06-20 21:47:41,025 | [None] | mlops.auto_binning_woe_categorical | assign_bins_from_category_groups:235 | INFO | 	Group 3: 1877 observations, Categories: ['2']
2026-06-20 21:47:41,025 | [None] | mlops.auto_binning_woe_categorical | assign_bins_from_category_groups:235 | INFO | 	Group 4: 134 observations, Categories: ['3']
2026-06-20 21:47:41,025 | [None] | mlops.auto_binning_woe_categorical | assign_bins_from_category_groups:235 | INFO | 	Group 5: 37 observations, Categories: ['4']
2026-06-20 21:47:41,025 | [None] | mlops.auto_binning_woe_categorical | assign_bins_from_category_groups:235 | INFO | 	Group 6: 7 observations, Categories: ['5']
2026-06-20 21:47:41,026 | [None] | mlops.auto_binning_woe_categorical | assign_bins_from_category_groups:235 | INFO | 	Group 7: 9 observations, Categories: ['6']
2026-06-20 21:47:41,026 | [None] | mlops.auto_binning_woe_categorical | assign_bins_from_category_groups:235 | INFO | 	Group 8: 27 observations, Categories: ['7', '8']
2026-06-20 21:47:41,026 | [None] | mlops.auto_binning_woe_categorical | auto_woe_binning_categorical:500 | INFO | STEP: 2 - Bins assigned based on current category groups.
2026-06-20 21:47:41,026 | [None] | mlops.auto_binning_woe_categorical | calculate_woe_iv_table_categorical:95 | INFO | Calculating WoE / IV table for categorical binning. bin_col='_bin'
2026-06-20 21:47:41,028 | [None] | mlops.auto_binning_woe_categorical | calculate_woe_iv_table_categorical:113 | INFO | Total good: 15654, Total bad: 4446
2026-06-20 21:47:41,030 | [None] | mlops.auto_binning_woe_categorical | calculate_woe_iv_table_categorical:145 | INFO | WoE / IV table calculated. Bin count=9, Total IV=0.303975
2026-06-20 21:47:41,030 | [None] | mlops.auto_binning_woe_categorical | auto_woe_binning_categorical:509 | INFO | STEP: 2 - WoE / IV summary table calculated.
2026-06-20 21:47:41,030 | [None] | mlops.auto_binning_woe_categorical | auto_woe_binning_categorical:513 | INFO | STEP: 2 - Summary table sorted by bad_rate.
2026-06-20 21:47:41,031 | [None] | mlops.auto_binning_woe_categorical | auto_woe_binning_categorical:518 | INFO | STEP: 2 - Current bin count=9, Current IV=0.303975
2026-06-20 21:47:41,032 | [None] | mlops.auto_binning_woe_categorical | auto_woe_binning_categorical:531 | INFO | STEP: 2 - RULES CHECK START
2026-06-20 21:47:41,032 | [None] | mlops.auto_binning_woe_categorical | auto_woe_binning_categorical:555 | INFO | Rule 1 triggered: small bin merge.
2026-06-20 21:47:41,032 | [None] | mlops.auto_binning_woe_categorical | auto_woe_binning_categorical:556 | INFO | STEP: 2 - Problem bin=6, Merge with bin=6
2026-06-20 21:47:41,032 | [None] | mlops.auto_binning_woe_categorical | merge_category_groups:270 | INFO | Merging category groups. Merging group 6 into group 6
2026-06-20 21:47:41,033 | [None] | mlops.auto_binning_woe_categorical | merge_category_groups:286 | INFO | Groups merged and renumbered. New group count=9
2026-06-20 21:47:41,033 | [None] | mlops.auto_binning_woe_categorical | auto_woe_binning_categorical:564 | INFO | STEP: 2 - Category groups merged based on Rule 1.
2026-06-20 21:47:41,033 | [None] | mlops.auto_binning_woe_categorical | auto_woe_binning_categorical:491 | INFO | --- Iteration 3 ---
2026-06-20 21:47:41,033 | [None] | mlops.auto_binning_woe_categorical | assign_bins_from_category_groups:226 | INFO | Assigning observations to category groups. Group count=9
2026-06-20 21:47:41,034 | [None] | mlops.auto_binning_woe_categorical | assign_bins_from_category_groups:231 | INFO | Observations assigned to groups:
2026-06-20 21:47:41,034 | [None] | mlops.auto_binning_woe_categorical | assign_bins_from_category_groups:235 | INFO | 	Group 0: 3838 observations, Categories: ['-1']
2026-06-20 21:47:41,034 | [None] | mlops.auto_binning_woe_categorical | assign_bins_from_category_groups:235 | INFO | 	Group 1: 3290 observations, Categories: ['-2']
2026-06-20 21:47:41,034 | [None] | mlops.auto_binning_woe_categorical | assign_bins_from_category_groups:235 | INFO | 	Group 2: 10881 observations, Categories: ['0']
2026-06-20 21:47:41,034 | [None] | mlops.auto_binning_woe_categorical | assign_bins_from_category_groups:235 | INFO | 	Group 3: 1877 observations, Categories: ['2']
2026-06-20 21:47:41,034 | [None] | mlops.auto_binning_woe_categorical | assign_bins_from_category_groups:235 | INFO | 	Group 4: 134 observations, Categories: ['3']
2026-06-20 21:47:41,034 | [None] | mlops.auto_binning_woe_categorical | assign_bins_from_category_groups:235 | INFO | 	Group 5: 37 observations, Categories: ['4']
2026-06-20 21:47:41,035 | [None] | mlops.auto_binning_woe_categorical | assign_bins_from_category_groups:235 | INFO | 	Group 6: 7 observations, Categories: ['5']
2026-06-20 21:47:41,035 | [None] | mlops.auto_binning_woe_categorical | assign_bins_from_category_groups:235 | INFO | 	Group 7: 9 observations, Categories: ['6']
2026-06-20 21:47:41,035 | [None] | mlops.auto_binning_woe_categorical | assign_bins_from_category_groups:235 | INFO | 	Group 8: 27 observations, Categories: ['7', '8']
2026-06-20 21:47:41,035 | [None] | mlops.auto_binning_woe_categorical | auto_woe_binning_categorical:500 | INFO | STEP: 3 - Bins assigned based on current category groups.
2026-06-20 21:47:41,035 | [None] | mlops.auto_binning_woe_categorical | calculate_woe_iv_table_categorical:95 | INFO | Calculating WoE / IV table for categorical binning. bin_col='_bin'
2026-06-20 21:47:41,037 | [None] | mlops.auto_binning_woe_categorical | calculate_woe_iv_table_categorical:113 | INFO | Total good: 15654, Total bad: 4446
2026-06-20 21:47:41,038 | [None] | mlops.auto_binning_woe_categorical | calculate_woe_iv_table_categorical:145 | INFO | WoE / IV table calculated. Bin count=9, Total IV=0.303975
2026-06-20 21:47:41,039 | [None] | mlops.auto_binning_woe_categorical | auto_woe_binning_categorical:509 | INFO | STEP: 3 - WoE / IV summary table calculated.
2026-06-20 21:47:41,039 | [None] | mlops.auto_binning_woe_categorical | auto_woe_binning_categorical:513 | INFO | STEP: 3 - Summary table sorted by bad_rate.
2026-06-20 21:47:41,039 | [None] | mlops.auto_binning_woe_categorical | auto_woe_binning_categorical:518 | INFO | STEP: 3 - Current bin count=9, Current IV=0.303975
2026-06-20 21:47:41,040 | [None] | mlops.auto_binning_woe_categorical | auto_woe_binning_categorical:531 | INFO | STEP: 3 - RULES CHECK START
2026-06-20 21:47:41,041 | [None] | mlops.auto_binning_woe_categorical | auto_woe_binning_categorical:555 | INFO | Rule 1 triggered: small bin merge.
2026-06-20 21:47:41,041 | [None] | mlops.auto_binning_woe_categorical | auto_woe_binning_categorical:556 | INFO | STEP: 3 - Problem bin=6, Merge with bin=6
2026-06-20 21:47:41,041 | [None] | mlops.auto_binning_woe_categorical | merge_category_groups:270 | INFO | Merging category groups. Merging group 6 into group 6
2026-06-20 21:47:41,041 | [None] | mlops.auto_binning_woe_categorical | merge_category_groups:286 | INFO | Groups merged and renumbered. New group count=9
2026-06-20 21:47:41,041 | [None] | mlops.auto_binning_woe_categorical | auto_woe_binning_categorical:564 | INFO | STEP: 3 - Category groups merged based on Rule 1.
2026-06-20 21:47:41,041 | [None] | mlops.auto_binning_woe_categorical | auto_woe_binning_categorical:491 | INFO | --- Iteration 4 ---
2026-06-20 21:47:41,041 | [None] | mlops.auto_binning_woe_categorical | assign_bins_from_category_groups:226 | INFO | Assigning observations to category groups. Group count=9
2026-06-20 21:47:41,042 | [None] | mlops.auto_binning_woe_categorical | assign_bins_from_category_groups:231 | INFO | Observations assigned to groups:
2026-06-20 21:47:41,042 | [None] | mlops.auto_binning_woe_categorical | assign_bins_from_category_groups:235 | INFO | 	Group 0: 3838 observations, Categories: ['-1']
2026-06-20 21:47:41,043 | [None] | mlops.auto_binning_woe_categorical | assign_bins_from_category_groups:235 | INFO | 	Group 1: 3290 observations, Categories: ['-2']
2026-06-20 21:47:41,043 | [None] | mlops.auto_binning_woe_categorical | assign_bins_from_category_groups:235 | INFO | 	Group 2: 10881 observations, Categories: ['0']
2026-06-20 21:47:41,043 | [None] | mlops.auto_binning_woe_categorical | assign_bins_from_category_groups:235 | INFO | 	Group 3: 1877 observations, Categories: ['2']
2026-06-20 21:47:41,043 | [None] | mlops.auto_binning_woe_categorical | assign_bins_from_category_groups:235 | INFO | 	Group 4: 134 observations, Categories: ['3']
2026-06-20 21:47:41,044 | [None] | mlops.auto_binning_woe_categorical | assign_bins_from_category_groups:235 | INFO | 	Group 5: 37 observations, Categories: ['4']
2026-06-20 21:47:41,044 | [None] | mlops.auto_binning_woe_categorical | assign_bins_from_category_groups:235 | INFO | 	Group 6: 7 observations, Categories: ['5']
2026-06-20 21:47:41,044 | [None] | mlops.auto_binning_woe_categorical | assign_bins_from_category_groups:235 | INFO | 	Group 7: 9 observations, Categories: ['6']
2026-06-20 21:47:41,044 | [None] | mlops.auto_binning_woe_categorical | assign_bins_from_category_groups:235 | INFO | 	Group 8: 27 observations, Categories: ['7', '8']
2026-06-20 21:47:41,045 | [None] | mlops.auto_binning_woe_categorical | auto_woe_binning_categorical:500 | INFO | STEP: 4 - Bins assigned based on current category groups.
2026-06-20 21:47:41,045 | [None] | mlops.auto_binning_woe_categorical | calculate_woe_iv_table_categorical:95 | INFO | Calculating WoE / IV table for categorical binning. bin_col='_bin'
2026-06-20 21:47:41,047 | [None] | mlops.auto_binning_woe_categorical | calculate_woe_iv_table_categorical:113 | INFO | Total good: 15654, Total bad: 4446
2026-06-20 21:47:41,048 | [None] | mlops.auto_binning_woe_categorical | calculate_woe_iv_table_categorical:145 | INFO | WoE / IV table calculated. Bin count=9, Total IV=0.303975
2026-06-20 21:47:41,048 | [None] | mlops.auto_binning_woe_categorical | auto_woe_binning_categorical:509 | INFO | STEP: 4 - WoE / IV summary table calculated.
2026-06-20 21:47:41,049 | [None] | mlops.auto_binning_woe_categorical | auto_woe_binning_categorical:513 | INFO | STEP: 4 - Summary table sorted by bad_rate.
2026-06-20 21:47:41,049 | [None] | mlops.auto_binning_woe_categorical | auto_woe_binning_categorical:518 | INFO | STEP: 4 - Current bin count=9, Current IV=0.303975
2026-06-20 21:47:41,050 | [None] | mlops.auto_binning_woe_categorical | auto_woe_binning_categorical:531 | INFO | STEP: 4 - RULES CHECK START
2026-06-20 21:47:41,051 | [None] | mlops.auto_binning_woe_categorical | auto_woe_binning_categorical:555 | INFO | Rule 1 triggered: small bin merge.
2026-06-20 21:47:41,051 | [None] | mlops.auto_binning_woe_categorical | auto_woe_binning_categorical:556 | INFO | STEP: 4 - Problem bin=6, Merge with bin=6
2026-06-20 21:47:41,051 | [None] | mlops.auto_binning_woe_categorical | merge_category_groups:270 | INFO | Merging category groups. Merging group 6 into group 6
2026-06-20 21:47:41,051 | [None] | mlops.auto_binning_woe_categorical | merge_category_groups:286 | INFO | Groups merged and renumbered. New group count=9
2026-06-20 21:47:41,051 | [None] | mlops.auto_binning_woe_categorical | auto_woe_binning_categorical:564 | INFO | STEP: 4 - Category groups merged based on Rule 1.
2026-06-20 21:47:41,051 | [None] | mlops.auto_binning_woe_categorical | auto_woe_binning_categorical:491 | INFO | --- Iteration 5 ---
2026-06-20 21:47:41,051 | [None] | mlops.auto_binning_woe_categorical | assign_bins_from_category_groups:226 | INFO | Assigning observations to category groups. Group count=9
2026-06-20 21:47:41,052 | [None] | mlops.auto_binning_woe_categorical | assign_bins_from_category_groups:231 | INFO | Observations assigned to groups:
2026-06-20 21:47:41,052 | [None] | mlops.auto_binning_woe_categorical | assign_bins_from_category_groups:235 | INFO | 	Group 0: 3838 observations, Categories: ['-1']
2026-06-20 21:47:41,052 | [None] | mlops.auto_binning_woe_categorical | assign_bins_from_category_groups:235 | INFO | 	Group 1: 3290 observations, Categories: ['-2']
2026-06-20 21:47:41,052 | [None] | mlops.auto_binning_woe_categorical | assign_bins_from_category_groups:235 | INFO | 	Group 2: 10881 observations, Categories: ['0']
2026-06-20 21:47:41,053 | [None] | mlops.auto_binning_woe_categorical | assign_bins_from_category_groups:235 | INFO | 	Group 3: 1877 observations, Categories: ['2']
2026-06-20 21:47:41,053 | [None] | mlops.auto_binning_woe_categorical | assign_bins_from_category_groups:235 | INFO | 	Group 4: 134 observations, Categories: ['3']
2026-06-20 21:47:41,053 | [None] | mlops.auto_binning_woe_categorical | assign_bins_from_category_groups:235 | INFO | 	Group 5: 37 observations, Categories: ['4']
2026-06-20 21:47:41,053 | [None] | mlops.auto_binning_woe_categorical | assign_bins_from_category_groups:235 | INFO | 	Group 6: 7 observations, Categories: ['5']
2026-06-20 21:47:41,053 | [None] | mlops.auto_binning_woe_categorical | assign_bins_from_category_groups:235 | INFO | 	Group 7: 9 observations, Categories: ['6']
2026-06-20 21:47:41,053 | [None] | mlops.auto_binning_woe_categorical | assign_bins_from_category_groups:235 | INFO | 	Group 8: 27 observations, Categories: ['7', '8']
2026-06-20 21:47:41,053 | [None] | mlops.auto_binning_woe_categorical | auto_woe_binning_categorical:500 | INFO | STEP: 5 - Bins assigned based on current category groups.
2026-06-20 21:47:41,053 | [None] | mlops.auto_binning_woe_categorical | calculate_woe_iv_table_categorical:95 | INFO | Calculating WoE / IV table for categorical binning. bin_col='_bin'
2026-06-20 21:47:41,055 | [None] | mlops.auto_binning_woe_categorical | calculate_woe_iv_table_categorical:113 | INFO | Total good: 15654, Total bad: 4446
2026-06-20 21:47:41,057 | [None] | mlops.auto_binning_woe_categorical | calculate_woe_iv_table_categorical:145 | INFO | WoE / IV table calculated. Bin count=9, Total IV=0.303975
2026-06-20 21:47:41,057 | [None] | mlops.auto_binning_woe_categorical | auto_woe_binning_categorical:509 | INFO | STEP: 5 - WoE / IV summary table calculated.
2026-06-20 21:47:41,057 | [None] | mlops.auto_binning_woe_categorical | auto_woe_binning_categorical:513 | INFO | STEP: 5 - Summary table sorted by bad_rate.
2026-06-20 21:47:41,058 | [None] | mlops.auto_binning_woe_categorical | auto_woe_binning_categorical:518 | INFO | STEP: 5 - Current bin count=9, Current IV=0.303975
2026-06-20 21:47:41,058 | [None] | mlops.auto_binning_woe_categorical | auto_woe_binning_categorical:531 | INFO | STEP: 5 - RULES CHECK START
2026-06-20 21:47:41,060 | [None] | mlops.auto_binning_woe_categorical | auto_woe_binning_categorical:555 | INFO | Rule 1 triggered: small bin merge.
2026-06-20 21:47:41,060 | [None] | mlops.auto_binning_woe_categorical | auto_woe_binning_categorical:556 | INFO | STEP: 5 - Problem bin=6, Merge with bin=6
2026-06-20 21:47:41,060 | [None] | mlops.auto_binning_woe_categorical | merge_category_groups:270 | INFO | Merging category groups. Merging group 6 into group 6
2026-06-20 21:47:41,060 | [None] | mlops.auto_binning_woe_categorical | merge_category_groups:286 | INFO | Groups merged and renumbered. New group count=9
2026-06-20 21:47:41,060 | [None] | mlops.auto_binning_woe_categorical | auto_woe_binning_categorical:564 | INFO | STEP: 5 - Category groups merged based on Rule 1.
2026-06-20 21:47:41,060 | [None] | mlops.auto_binning_woe_categorical | auto_woe_binning_categorical:491 | INFO | --- Iteration 6 ---
2026-06-20 21:47:41,060 | [None] | mlops.auto_binning_woe_categorical | assign_bins_from_category_groups:226 | INFO | Assigning observations to category groups. Group count=9
2026-06-20 21:47:41,061 | [None] | mlops.auto_binning_woe_categorical | assign_bins_from_category_groups:231 | INFO | Observations assigned to groups:
2026-06-20 21:47:41,062 | [None] | mlops.auto_binning_woe_categorical | assign_bins_from_category_groups:235 | INFO | 	Group 0: 3838 observations, Categories: ['-1']
2026-06-20 21:47:41,062 | [None] | mlops.auto_binning_woe_categorical | assign_bins_from_category_groups:235 | INFO | 	Group 1: 3290 observations, Categories: ['-2']
2026-06-20 21:47:41,062 | [None] | mlops.auto_binning_woe_categorical | assign_bins_from_category_groups:235 | INFO | 	Group 2: 10881 observations, Categories: ['0']
2026-06-20 21:47:41,062 | [None] | mlops.auto_binning_woe_categorical | assign_bins_from_category_groups:235 | INFO | 	Group 3: 1877 observations, Categories: ['2']
2026-06-20 21:47:41,062 | [None] | mlops.auto_binning_woe_categorical | assign_bins_from_category_groups:235 | INFO | 	Group 4: 134 observations, Categories: ['3']
2026-06-20 21:47:41,062 | [None] | mlops.auto_binning_woe_categorical | assign_bins_from_category_groups:235 | INFO | 	Group 5: 37 observations, Categories: ['4']
2026-06-20 21:47:41,063 | [None] | mlops.auto_binning_woe_categorical | assign_bins_from_category_groups:235 | INFO | 	Group 6: 7 observations, Categories: ['5']
2026-06-20 21:47:41,063 | [None] | mlops.auto_binning_woe_categorical | assign_bins_from_category_groups:235 | INFO | 	Group 7: 9 observations, Categories: ['6']
2026-06-20 21:47:41,063 | [None] | mlops.auto_binning_woe_categorical | assign_bins_from_category_groups:235 | INFO | 	Group 8: 27 observations, Categories: ['7', '8']
2026-06-20 21:47:41,063 | [None] | mlops.auto_binning_woe_categorical | auto_woe_binning_categorical:500 | INFO | STEP: 6 - Bins assigned based on current category groups.
2026-06-20 21:47:41,063 | [None] | mlops.auto_binning_woe_categorical | calculate_woe_iv_table_categorical:95 | INFO | Calculating WoE / IV table for categorical binning. bin_col='_bin'
2026-06-20 21:47:41,065 | [None] | mlops.auto_binning_woe_categorical | calculate_woe_iv_table_categorical:113 | INFO | Total good: 15654, Total bad: 4446
2026-06-20 21:47:41,067 | [None] | mlops.auto_binning_woe_categorical | calculate_woe_iv_table_categorical:145 | INFO | WoE / IV table calculated. Bin count=9, Total IV=0.303975
2026-06-20 21:47:41,067 | [None] | mlops.auto_binning_woe_categorical | auto_woe_binning_categorical:509 | INFO | STEP: 6 - WoE / IV summary table calculated.
2026-06-20 21:47:41,067 | [None] | mlops.auto_binning_woe_categorical | auto_woe_binning_categorical:513 | INFO | STEP: 6 - Summary table sorted by bad_rate.
2026-06-20 21:47:41,067 | [None] | mlops.auto_binning_woe_categorical | auto_woe_binning_categorical:518 | INFO | STEP: 6 - Current bin count=9, Current IV=0.303975
2026-06-20 21:47:41,068 | [None] | mlops.auto_binning_woe_categorical | auto_woe_binning_categorical:531 | INFO | STEP: 6 - RULES CHECK START
2026-06-20 21:47:41,069 | [None] | mlops.auto_binning_woe_categorical | auto_woe_binning_categorical:555 | INFO | Rule 1 triggered: small bin merge.
2026-06-20 21:47:41,069 | [None] | mlops.auto_binning_woe_categorical | auto_woe_binning_categorical:556 | INFO | STEP: 6 - Problem bin=6, Merge with bin=6
2026-06-20 21:47:41,069 | [None] | mlops.auto_binning_woe_categorical | merge_category_groups:270 | INFO | Merging category groups. Merging group 6 into group 6
2026-06-20 21:47:41,069 | [None] | mlops.auto_binning_woe_categorical | merge_category_groups:286 | INFO | Groups merged and renumbered. New group count=9
2026-06-20 21:47:41,069 | [None] | mlops.auto_binning_woe_categorical | auto_woe_binning_categorical:564 | INFO | STEP: 6 - Category groups merged based on Rule 1.
2026-06-20 21:47:41,069 | [None] | mlops.auto_binning_woe_categorical | auto_woe_binning_categorical:491 | INFO | --- Iteration 7 ---
2026-06-20 21:47:41,070 | [None] | mlops.auto_binning_woe_categorical | assign_bins_from_category_groups:226 | INFO | Assigning observations to category groups. Group count=9
2026-06-20 21:47:41,070 | [None] | mlops.auto_binning_woe_categorical | assign_bins_from_category_groups:231 | INFO | Observations assigned to groups:
2026-06-20 21:47:41,071 | [None] | mlops.auto_binning_woe_categorical | assign_bins_from_category_groups:235 | INFO | 	Group 0: 3838 observations, Categories: ['-1']
2026-06-20 21:47:41,071 | [None] | mlops.auto_binning_woe_categorical | assign_bins_from_category_groups:235 | INFO | 	Group 1: 3290 observations, Categories: ['-2']
2026-06-20 21:47:41,071 | [None] | mlops.auto_binning_woe_categorical | assign_bins_from_category_groups:235 | INFO | 	Group 2: 10881 observations, Categories: ['0']
2026-06-20 21:47:41,071 | [None] | mlops.auto_binning_woe_categorical | assign_bins_from_category_groups:235 | INFO | 	Group 3: 1877 observations, Categories: ['2']
2026-06-20 21:47:41,071 | [None] | mlops.auto_binning_woe_categorical | assign_bins_from_category_groups:235 | INFO | 	Group 4: 134 observations, Categories: ['3']
2026-06-20 21:47:41,072 | [None] | mlops.auto_binning_woe_categorical | assign_bins_from_category_groups:235 | INFO | 	Group 5: 37 observations, Categories: ['4']
2026-06-20 21:47:41,072 | [None] | mlops.auto_binning_woe_categorical | assign_bins_from_category_groups:235 | INFO | 	Group 6: 7 observations, Categories: ['5']
2026-06-20 21:47:41,072 | [None] | mlops.auto_binning_woe_categorical | assign_bins_from_category_groups:235 | INFO | 	Group 7: 9 observations, Categories: ['6']
2026-06-20 21:47:41,072 | [None] | mlops.auto_binning_woe_categorical | assign_bins_from_category_groups:235 | INFO | 	Group 8: 27 observations, Categories: ['7', '8']
2026-06-20 21:47:41,072 | [None] | mlops.auto_binning_woe_categorical | auto_woe_binning_categorical:500 | INFO | STEP: 7 - Bins assigned based on current category groups.
2026-06-20 21:47:41,072 | [None] | mlops.auto_binning_woe_categorical | calculate_woe_iv_table_categorical:95 | INFO | Calculating WoE / IV table for categorical binning. bin_col='_bin'
2026-06-20 21:47:41,074 | [None] | mlops.auto_binning_woe_categorical | calculate_woe_iv_table_categorical:113 | INFO | Total good: 15654, Total bad: 4446
2026-06-20 21:47:41,075 | [None] | mlops.auto_binning_woe_categorical | calculate_woe_iv_table_categorical:145 | INFO | WoE / IV table calculated. Bin count=9, Total IV=0.303975
2026-06-20 21:47:41,075 | [None] | mlops.auto_binning_woe_categorical | auto_woe_binning_categorical:509 | INFO | STEP: 7 - WoE / IV summary table calculated.
2026-06-20 21:47:41,076 | [None] | mlops.auto_binning_woe_categorical | auto_woe_binning_categorical:513 | INFO | STEP: 7 - Summary table sorted by bad_rate.
2026-06-20 21:47:41,076 | [None] | mlops.auto_binning_woe_categorical | auto_woe_binning_categorical:518 | INFO | STEP: 7 - Current bin count=9, Current IV=0.303975
2026-06-20 21:47:41,077 | [None] | mlops.auto_binning_woe_categorical | auto_woe_binning_categorical:531 | INFO | STEP: 7 - RULES CHECK START
2026-06-20 21:47:41,078 | [None] | mlops.auto_binning_woe_categorical | auto_woe_binning_categorical:555 | INFO | Rule 1 triggered: small bin merge.
2026-06-20 21:47:41,078 | [None] | mlops.auto_binning_woe_categorical | auto_woe_binning_categorical:556 | INFO | STEP: 7 - Problem bin=6, Merge with bin=6
2026-06-20 21:47:41,078 | [None] | mlops.auto_binning_woe_categorical | merge_category_groups:270 | INFO | Merging category groups. Merging group 6 into group 6
2026-06-20 21:47:41,079 | [None] | mlops.auto_binning_woe_categorical | merge_category_groups:286 | INFO | Groups merged and renumbered. New group count=9
2026-06-20 21:47:41,079 | [None] | mlops.auto_binning_woe_categorical | auto_woe_binning_categorical:564 | INFO | STEP: 7 - Category groups merged based on Rule 1.
2026-06-20 21:47:41,079 | [None] | mlops.auto_binning_woe_categorical | auto_woe_binning_categorical:491 | INFO | --- Iteration 8 ---
2026-06-20 21:47:41,079 | [None] | mlops.auto_binning_woe_categorical | assign_bins_from_category_groups:226 | INFO | Assigning observations to category groups. Group count=9
2026-06-20 21:47:41,080 | [None] | mlops.auto_binning_woe_categorical | assign_bins_from_category_groups:231 | INFO | Observations assigned to groups:
2026-06-20 21:47:41,080 | [None] | mlops.auto_binning_woe_categorical | assign_bins_from_category_groups:235 | INFO | 	Group 0: 3838 observations, Categories: ['-1']
2026-06-20 21:47:41,080 | [None] | mlops.auto_binning_woe_categorical | assign_bins_from_category_groups:235 | INFO | 	Group 1: 3290 observations, Categories: ['-2']
2026-06-20 21:47:41,080 | [None] | mlops.auto_binning_woe_categorical | assign_bins_from_category_groups:235 | INFO | 	Group 2: 10881 observations, Categories: ['0']
2026-06-20 21:47:41,080 | [None] | mlops.auto_binning_woe_categorical | assign_bins_from_category_groups:235 | INFO | 	Group 3: 1877 observations, Categories: ['2']
2026-06-20 21:47:41,080 | [None] | mlops.auto_binning_woe_categorical | assign_bins_from_category_groups:235 | INFO | 	Group 4: 134 observations, Categories: ['3']
2026-06-20 21:47:41,080 | [None] | mlops.auto_binning_woe_categorical | assign_bins_from_category_groups:235 | INFO | 	Group 5: 37 observations, Categories: ['4']
2026-06-20 21:47:41,081 | [None] | mlops.auto_binning_woe_categorical | assign_bins_from_category_groups:235 | INFO | 	Group 6: 7 observations, Categories: ['5']
2026-06-20 21:47:41,081 | [None] | mlops.auto_binning_woe_categorical | assign_bins_from_category_groups:235 | INFO | 	Group 7: 9 observations, Categories: ['6']
2026-06-20 21:47:41,081 | [None] | mlops.auto_binning_woe_categorical | assign_bins_from_category_groups:235 | INFO | 	Group 8: 27 observations, Categories: ['7', '8']
2026-06-20 21:47:41,081 | [None] | mlops.auto_binning_woe_categorical | auto_woe_binning_categorical:500 | INFO | STEP: 8 - Bins assigned based on current category groups.
2026-06-20 21:47:41,081 | [None] | mlops.auto_binning_woe_categorical | calculate_woe_iv_table_categorical:95 | INFO | Calculating WoE / IV table for categorical binning. bin_col='_bin'
2026-06-20 21:47:41,083 | [None] | mlops.auto_binning_woe_categorical | calculate_woe_iv_table_categorical:113 | INFO | Total good: 15654, Total bad: 4446
2026-06-20 21:47:41,085 | [None] | mlops.auto_binning_woe_categorical | calculate_woe_iv_table_categorical:145 | INFO | WoE / IV table calculated. Bin count=9, Total IV=0.303975
2026-06-20 21:47:41,085 | [None] | mlops.auto_binning_woe_categorical | auto_woe_binning_categorical:509 | INFO | STEP: 8 - WoE / IV summary table calculated.
2026-06-20 21:47:41,085 | [None] | mlops.auto_binning_woe_categorical | auto_woe_binning_categorical:513 | INFO | STEP: 8 - Summary table sorted by bad_rate.
2026-06-20 21:47:41,085 | [None] | mlops.auto_binning_woe_categorical | auto_woe_binning_categorical:518 | INFO | STEP: 8 - Current bin count=9, Current IV=0.303975
2026-06-20 21:47:41,086 | [None] | mlops.auto_binning_woe_categorical | auto_woe_binning_categorical:531 | INFO | STEP: 8 - RULES CHECK START
2026-06-20 21:47:41,087 | [None] | mlops.auto_binning_woe_categorical | auto_woe_binning_categorical:555 | INFO | Rule 1 triggered: small bin merge.
2026-06-20 21:47:41,087 | [None] | mlops.auto_binning_woe_categorical | auto_woe_binning_categorical:556 | INFO | STEP: 8 - Problem bin=6, Merge with bin=6
2026-06-20 21:47:41,087 | [None] | mlops.auto_binning_woe_categorical | merge_category_groups:270 | INFO | Merging category groups. Merging group 6 into group 6
2026-06-20 21:47:41,087 | [None] | mlops.auto_binning_woe_categorical | merge_category_groups:286 | INFO | Groups merged and renumbered. New group count=9
2026-06-20 21:47:41,087 | [None] | mlops.auto_binning_woe_categorical | auto_woe_binning_categorical:564 | INFO | STEP: 8 - Category groups merged based on Rule 1.
2026-06-20 21:47:41,087 | [None] | mlops.auto_binning_woe_categorical | auto_woe_binning_categorical:491 | INFO | --- Iteration 9 ---
2026-06-20 21:47:41,087 | [None] | mlops.auto_binning_woe_categorical | assign_bins_from_category_groups:226 | INFO | Assigning observations to category groups. Group count=9
2026-06-20 21:47:41,088 | [None] | mlops.auto_binning_woe_categorical | assign_bins_from_category_groups:231 | INFO | Observations assigned to groups:
2026-06-20 21:47:41,088 | [None] | mlops.auto_binning_woe_categorical | assign_bins_from_category_groups:235 | INFO | 	Group 0: 3838 observations, Categories: ['-1']
2026-06-20 21:47:41,089 | [None] | mlops.auto_binning_woe_categorical | assign_bins_from_category_groups:235 | INFO | 	Group 1: 3290 observations, Categories: ['-2']
2026-06-20 21:47:41,089 | [None] | mlops.auto_binning_woe_categorical | assign_bins_from_category_groups:235 | INFO | 	Group 2: 10881 observations, Categories: ['0']
2026-06-20 21:47:41,089 | [None] | mlops.auto_binning_woe_categorical | assign_bins_from_category_groups:235 | INFO | 	Group 3: 1877 observations, Categories: ['2']
2026-06-20 21:47:41,089 | [None] | mlops.auto_binning_woe_categorical | assign_bins_from_category_groups:235 | INFO | 	Group 4: 134 observations, Categories: ['3']
2026-06-20 21:47:41,089 | [None] | mlops.auto_binning_woe_categorical | assign_bins_from_category_groups:235 | INFO | 	Group 5: 37 observations, Categories: ['4']
2026-06-20 21:47:41,089 | [None] | mlops.auto_binning_woe_categorical | assign_bins_from_category_groups:235 | INFO | 	Group 6: 7 observations, Categories: ['5']
2026-06-20 21:47:41,090 | [None] | mlops.auto_binning_woe_categorical | assign_bins_from_category_groups:235 | INFO | 	Group 7: 9 observations, Categories: ['6']
2026-06-20 21:47:41,090 | [None] | mlops.auto_binning_woe_categorical | assign_bins_from_category_groups:235 | INFO | 	Group 8: 27 observations, Categories: ['7', '8']
2026-06-20 21:47:41,090 | [None] | mlops.auto_binning_woe_categorical | auto_woe_binning_categorical:500 | INFO | STEP: 9 - Bins assigned based on current category groups.
2026-06-20 21:47:41,090 | [None] | mlops.auto_binning_woe_categorical | calculate_woe_iv_table_categorical:95 | INFO | Calculating WoE / IV table for categorical binning. bin_col='_bin'
2026-06-20 21:47:41,092 | [None] | mlops.auto_binning_woe_categorical | calculate_woe_iv_table_categorical:113 | INFO | Total good: 15654, Total bad: 4446
2026-06-20 21:47:41,093 | [None] | mlops.auto_binning_woe_categorical | calculate_woe_iv_table_categorical:145 | INFO | WoE / IV table calculated. Bin count=9, Total IV=0.303975
2026-06-20 21:47:41,094 | [None] | mlops.auto_binning_woe_categorical | auto_woe_binning_categorical:509 | INFO | STEP: 9 - WoE / IV summary table calculated.
2026-06-20 21:47:41,094 | [None] | mlops.auto_binning_woe_categorical | auto_woe_binning_categorical:513 | INFO | STEP: 9 - Summary table sorted by bad_rate.
2026-06-20 21:47:41,094 | [None] | mlops.auto_binning_woe_categorical | auto_woe_binning_categorical:518 | INFO | STEP: 9 - Current bin count=9, Current IV=0.303975
2026-06-20 21:47:41,095 | [None] | mlops.auto_binning_woe_categorical | auto_woe_binning_categorical:531 | INFO | STEP: 9 - RULES CHECK START
2026-06-20 21:47:41,096 | [None] | mlops.auto_binning_woe_categorical | auto_woe_binning_categorical:555 | INFO | Rule 1 triggered: small bin merge.
2026-06-20 21:47:41,096 | [None] | mlops.auto_binning_woe_categorical | auto_woe_binning_categorical:556 | INFO | STEP: 9 - Problem bin=6, Merge with bin=6
2026-06-20 21:47:41,096 | [None] | mlops.auto_binning_woe_categorical | merge_category_groups:270 | INFO | Merging category groups. Merging group 6 into group 6
2026-06-20 21:47:41,097 | [None] | mlops.auto_binning_woe_categorical | merge_category_groups:286 | INFO | Groups merged and renumbered. New group count=9
2026-06-20 21:47:41,097 | [None] | mlops.auto_binning_woe_categorical | auto_woe_binning_categorical:564 | INFO | STEP: 9 - Category groups merged based on Rule 1.
2026-06-20 21:47:41,097 | [None] | mlops.auto_binning_woe_categorical | auto_woe_binning_categorical:491 | INFO | --- Iteration 10 ---
2026-06-20 21:47:41,097 | [None] | mlops.auto_binning_woe_categorical | assign_bins_from_category_groups:226 | INFO | Assigning observations to category groups. Group count=9
2026-06-20 21:47:41,098 | [None] | mlops.auto_binning_woe_categorical | assign_bins_from_category_groups:231 | INFO | Observations assigned to groups:
2026-06-20 21:47:41,098 | [None] | mlops.auto_binning_woe_categorical | assign_bins_from_category_groups:235 | INFO | 	Group 0: 3838 observations, Categories: ['-1']
2026-06-20 21:47:41,098 | [None] | mlops.auto_binning_woe_categorical | assign_bins_from_category_groups:235 | INFO | 	Group 1: 3290 observations, Categories: ['-2']
2026-06-20 21:47:41,098 | [None] | mlops.auto_binning_woe_categorical | assign_bins_from_category_groups:235 | INFO | 	Group 2: 10881 observations, Categories: ['0']
2026-06-20 21:47:41,098 | [None] | mlops.auto_binning_woe_categorical | assign_bins_from_category_groups:235 | INFO | 	Group 3: 1877 observations, Categories: ['2']
2026-06-20 21:47:41,098 | [None] | mlops.auto_binning_woe_categorical | assign_bins_from_category_groups:235 | INFO | 	Group 4: 134 observations, Categories: ['3']
2026-06-20 21:47:41,098 | [None] | mlops.auto_binning_woe_categorical | assign_bins_from_category_groups:235 | INFO | 	Group 5: 37 observations, Categories: ['4']
2026-06-20 21:47:41,099 | [None] | mlops.auto_binning_woe_categorical | assign_bins_from_category_groups:235 | INFO | 	Group 6: 7 observations, Categories: ['5']
2026-06-20 21:47:41,099 | [None] | mlops.auto_binning_woe_categorical | assign_bins_from_category_groups:235 | INFO | 	Group 7: 9 observations, Categories: ['6']
2026-06-20 21:47:41,099 | [None] | mlops.auto_binning_woe_categorical | assign_bins_from_category_groups:235 | INFO | 	Group 8: 27 observations, Categories: ['7', '8']
2026-06-20 21:47:41,099 | [None] | mlops.auto_binning_woe_categorical | auto_woe_binning_categorical:500 | INFO | STEP: 10 - Bins assigned based on current category groups.
2026-06-20 21:47:41,099 | [None] | mlops.auto_binning_woe_categorical | calculate_woe_iv_table_categorical:95 | INFO | Calculating WoE / IV table for categorical binning. bin_col='_bin'
2026-06-20 21:47:41,101 | [None] | mlops.auto_binning_woe_categorical | calculate_woe_iv_table_categorical:113 | INFO | Total good: 15654, Total bad: 4446
2026-06-20 21:47:41,103 | [None] | mlops.auto_binning_woe_categorical | calculate_woe_iv_table_categorical:145 | INFO | WoE / IV table calculated. Bin count=9, Total IV=0.303975
2026-06-20 21:47:41,103 | [None] | mlops.auto_binning_woe_categorical | auto_woe_binning_categorical:509 | INFO | STEP: 10 - WoE / IV summary table calculated.
2026-06-20 21:47:41,103 | [None] | mlops.auto_binning_woe_categorical | auto_woe_binning_categorical:513 | INFO | STEP: 10 - Summary table sorted by bad_rate.
2026-06-20 21:47:41,103 | [None] | mlops.auto_binning_woe_categorical | auto_woe_binning_categorical:518 | INFO | STEP: 10 - Current bin count=9, Current IV=0.303975
2026-06-20 21:47:41,104 | [None] | mlops.auto_binning_woe_categorical | auto_woe_binning_categorical:531 | INFO | STEP: 10 - RULES CHECK START
2026-06-20 21:47:41,105 | [None] | mlops.auto_binning_woe_categorical | auto_woe_binning_categorical:555 | INFO | Rule 1 triggered: small bin merge.
2026-06-20 21:47:41,105 | [None] | mlops.auto_binning_woe_categorical | auto_woe_binning_categorical:556 | INFO | STEP: 10 - Problem bin=6, Merge with bin=6
2026-06-20 21:47:41,105 | [None] | mlops.auto_binning_woe_categorical | merge_category_groups:270 | INFO | Merging category groups. Merging group 6 into group 6
2026-06-20 21:47:41,105 | [None] | mlops.auto_binning_woe_categorical | merge_category_groups:286 | INFO | Groups merged and renumbered. New group count=9
2026-06-20 21:47:41,105 | [None] | mlops.auto_binning_woe_categorical | auto_woe_binning_categorical:564 | INFO | STEP: 10 - Category groups merged based on Rule 1.
2026-06-20 21:47:41,105 | [None] | mlops.auto_binning_woe_categorical | auto_woe_binning_categorical:491 | INFO | --- Iteration 11 ---
2026-06-20 21:47:41,105 | [None] | mlops.auto_binning_woe_categorical | assign_bins_from_category_groups:226 | INFO | Assigning observations to category groups. Group count=9
2026-06-20 21:47:41,106 | [None] | mlops.auto_binning_woe_categorical | assign_bins_from_category_groups:231 | INFO | Observations assigned to groups:
2026-06-20 21:47:41,106 | [None] | mlops.auto_binning_woe_categorical | assign_bins_from_category_groups:235 | INFO | 	Group 0: 3838 observations, Categories: ['-1']
2026-06-20 21:47:41,107 | [None] | mlops.auto_binning_woe_categorical | assign_bins_from_category_groups:235 | INFO | 	Group 1: 3290 observations, Categories: ['-2']
2026-06-20 21:47:41,107 | [None] | mlops.auto_binning_woe_categorical | assign_bins_from_category_groups:235 | INFO | 	Group 2: 10881 observations, Categories: ['0']
2026-06-20 21:47:41,107 | [None] | mlops.auto_binning_woe_categorical | assign_bins_from_category_groups:235 | INFO | 	Group 3: 1877 observations, Categories: ['2']
2026-06-20 21:47:41,107 | [None] | mlops.auto_binning_woe_categorical | assign_bins_from_category_groups:235 | INFO | 	Group 4: 134 observations, Categories: ['3']
2026-06-20 21:47:41,107 | [None] | mlops.auto_binning_woe_categorical | assign_bins_from_category_groups:235 | INFO | 	Group 5: 37 observations, Categories: ['4']
2026-06-20 21:47:41,107 | [None] | mlops.auto_binning_woe_categorical | assign_bins_from_category_groups:235 | INFO | 	Group 6: 7 observations, Categories: ['5']
2026-06-20 21:47:41,108 | [None] | mlops.auto_binning_woe_categorical | assign_bins_from_category_groups:235 | INFO | 	Group 7: 9 observations, Categories: ['6']
2026-06-20 21:47:41,108 | [None] | mlops.auto_binning_woe_categorical | assign_bins_from_category_groups:235 | INFO | 	Group 8: 27 observations, Categories: ['7', '8']
2026-06-20 21:47:41,108 | [None] | mlops.auto_binning_woe_categorical | auto_woe_binning_categorical:500 | INFO | STEP: 11 - Bins assigned based on current category groups.
2026-06-20 21:47:41,108 | [None] | mlops.auto_binning_woe_categorical | calculate_woe_iv_table_categorical:95 | INFO | Calculating WoE / IV table for categorical binning. bin_col='_bin'
2026-06-20 21:47:41,110 | [None] | mlops.auto_binning_woe_categorical | calculate_woe_iv_table_categorical:113 | INFO | Total good: 15654, Total bad: 4446
2026-06-20 21:47:41,112 | [None] | mlops.auto_binning_woe_categorical | calculate_woe_iv_table_categorical:145 | INFO | WoE / IV table calculated. Bin count=9, Total IV=0.303975
2026-06-20 21:47:41,112 | [None] | mlops.auto_binning_woe_categorical | auto_woe_binning_categorical:509 | INFO | STEP: 11 - WoE / IV summary table calculated.
2026-06-20 21:47:41,112 | [None] | mlops.auto_binning_woe_categorical | auto_woe_binning_categorical:513 | INFO | STEP: 11 - Summary table sorted by bad_rate.
2026-06-20 21:47:41,112 | [None] | mlops.auto_binning_woe_categorical | auto_woe_binning_categorical:518 | INFO | STEP: 11 - Current bin count=9, Current IV=0.303975
2026-06-20 21:47:41,113 | [None] | mlops.auto_binning_woe_categorical | auto_woe_binning_categorical:531 | INFO | STEP: 11 - RULES CHECK START
2026-06-20 21:47:41,114 | [None] | mlops.auto_binning_woe_categorical | auto_woe_binning_categorical:555 | INFO | Rule 1 triggered: small bin merge.
2026-06-20 21:47:41,115 | [None] | mlops.auto_binning_woe_categorical | auto_woe_binning_categorical:556 | INFO | STEP: 11 - Problem bin=6, Merge with bin=6
2026-06-20 21:47:41,115 | [None] | mlops.auto_binning_woe_categorical | merge_category_groups:270 | INFO | Merging category groups. Merging group 6 into group 6
2026-06-20 21:47:41,115 | [None] | mlops.auto_binning_woe_categorical | merge_category_groups:286 | INFO | Groups merged and renumbered. New group count=9
2026-06-20 21:47:41,115 | [None] | mlops.auto_binning_woe_categorical | auto_woe_binning_categorical:564 | INFO | STEP: 11 - Category groups merged based on Rule 1.
2026-06-20 21:47:41,115 | [None] | mlops.auto_binning_woe_categorical | auto_woe_binning_categorical:491 | INFO | --- Iteration 12 ---
2026-06-20 21:47:41,115 | [None] | mlops.auto_binning_woe_categorical | assign_bins_from_category_groups:226 | INFO | Assigning observations to category groups. Group count=9
2026-06-20 21:47:41,116 | [None] | mlops.auto_binning_woe_categorical | assign_bins_from_category_groups:231 | INFO | Observations assigned to groups:
2026-06-20 21:47:41,116 | [None] | mlops.auto_binning_woe_categorical | assign_bins_from_category_groups:235 | INFO | 	Group 0: 3838 observations, Categories: ['-1']
2026-06-20 21:47:41,116 | [None] | mlops.auto_binning_woe_categorical | assign_bins_from_category_groups:235 | INFO | 	Group 1: 3290 observations, Categories: ['-2']
2026-06-20 21:47:41,116 | [None] | mlops.auto_binning_woe_categorical | assign_bins_from_category_groups:235 | INFO | 	Group 2: 10881 observations, Categories: ['0']
2026-06-20 21:47:41,116 | [None] | mlops.auto_binning_woe_categorical | assign_bins_from_category_groups:235 | INFO | 	Group 3: 1877 observations, Categories: ['2']
2026-06-20 21:47:41,117 | [None] | mlops.auto_binning_woe_categorical | assign_bins_from_category_groups:235 | INFO | 	Group 4: 134 observations, Categories: ['3']
2026-06-20 21:47:41,117 | [None] | mlops.auto_binning_woe_categorical | assign_bins_from_category_groups:235 | INFO | 	Group 5: 37 observations, Categories: ['4']
2026-06-20 21:47:41,117 | [None] | mlops.auto_binning_woe_categorical | assign_bins_from_category_groups:235 | INFO | 	Group 6: 7 observations, Categories: ['5']
2026-06-20 21:47:41,117 | [None] | mlops.auto_binning_woe_categorical | assign_bins_from_category_groups:235 | INFO | 	Group 7: 9 observations, Categories: ['6']
2026-06-20 21:47:41,117 | [None] | mlops.auto_binning_woe_categorical | assign_bins_from_category_groups:235 | INFO | 	Group 8: 27 observations, Categories: ['7', '8']
2026-06-20 21:47:41,117 | [None] | mlops.auto_binning_woe_categorical | auto_woe_binning_categorical:500 | INFO | STEP: 12 - Bins assigned based on current category groups.
2026-06-20 21:47:41,117 | [None] | mlops.auto_binning_woe_categorical | calculate_woe_iv_table_categorical:95 | INFO | Calculating WoE / IV table for categorical binning. bin_col='_bin'
2026-06-20 21:47:41,119 | [None] | mlops.auto_binning_woe_categorical | calculate_woe_iv_table_categorical:113 | INFO | Total good: 15654, Total bad: 4446
2026-06-20 21:47:41,121 | [None] | mlops.auto_binning_woe_categorical | calculate_woe_iv_table_categorical:145 | INFO | WoE / IV table calculated. Bin count=9, Total IV=0.303975
2026-06-20 21:47:41,121 | [None] | mlops.auto_binning_woe_categorical | auto_woe_binning_categorical:509 | INFO | STEP: 12 - WoE / IV summary table calculated.
2026-06-20 21:47:41,121 | [None] | mlops.auto_binning_woe_categorical | auto_woe_binning_categorical:513 | INFO | STEP: 12 - Summary table sorted by bad_rate.
2026-06-20 21:47:41,121 | [None] | mlops.auto_binning_woe_categorical | auto_woe_binning_categorical:518 | INFO | STEP: 12 - Current bin count=9, Current IV=0.303975
2026-06-20 21:47:41,122 | [None] | mlops.auto_binning_woe_categorical | auto_woe_binning_categorical:531 | INFO | STEP: 12 - RULES CHECK START
2026-06-20 21:47:41,123 | [None] | mlops.auto_binning_woe_categorical | auto_woe_binning_categorical:555 | INFO | Rule 1 triggered: small bin merge.
2026-06-20 21:47:41,123 | [None] | mlops.auto_binning_woe_categorical | auto_woe_binning_categorical:556 | INFO | STEP: 12 - Problem bin=6, Merge with bin=6
2026-06-20 21:47:41,123 | [None] | mlops.auto_binning_woe_categorical | merge_category_groups:270 | INFO | Merging category groups. Merging group 6 into group 6
2026-06-20 21:47:41,123 | [None] | mlops.auto_binning_woe_categorical | merge_category_groups:286 | INFO | Groups merged and renumbered. New group count=9
2026-06-20 21:47:41,123 | [None] | mlops.auto_binning_woe_categorical | auto_woe_binning_categorical:564 | INFO | STEP: 12 - Category groups merged based on Rule 1.
2026-06-20 21:47:41,124 | [None] | mlops.auto_binning_woe_categorical | auto_woe_binning_categorical:491 | INFO | --- Iteration 13 ---
2026-06-20 21:47:41,124 | [None] | mlops.auto_binning_woe_categorical | assign_bins_from_category_groups:226 | INFO | Assigning observations to category groups. Group count=9
2026-06-20 21:47:41,125 | [None] | mlops.auto_binning_woe_categorical | assign_bins_from_category_groups:231 | INFO | Observations assigned to groups:
2026-06-20 21:47:41,125 | [None] | mlops.auto_binning_woe_categorical | assign_bins_from_category_groups:235 | INFO | 	Group 0: 3838 observations, Categories: ['-1']
2026-06-20 21:47:41,125 | [None] | mlops.auto_binning_woe_categorical | assign_bins_from_category_groups:235 | INFO | 	Group 1: 3290 observations, Categories: ['-2']
2026-06-20 21:47:41,125 | [None] | mlops.auto_binning_woe_categorical | assign_bins_from_category_groups:235 | INFO | 	Group 2: 10881 observations, Categories: ['0']
2026-06-20 21:47:41,125 | [None] | mlops.auto_binning_woe_categorical | assign_bins_from_category_groups:235 | INFO | 	Group 3: 1877 observations, Categories: ['2']
2026-06-20 21:47:41,125 | [None] | mlops.auto_binning_woe_categorical | assign_bins_from_category_groups:235 | INFO | 	Group 4: 134 observations, Categories: ['3']
2026-06-20 21:47:41,125 | [None] | mlops.auto_binning_woe_categorical | assign_bins_from_category_groups:235 | INFO | 	Group 5: 37 observations, Categories: ['4']
2026-06-20 21:47:41,125 | [None] | mlops.auto_binning_woe_categorical | assign_bins_from_category_groups:235 | INFO | 	Group 6: 7 observations, Categories: ['5']
2026-06-20 21:47:41,126 | [None] | mlops.auto_binning_woe_categorical | assign_bins_from_category_groups:235 | INFO | 	Group 7: 9 observations, Categories: ['6']
2026-06-20 21:47:41,126 | [None] | mlops.auto_binning_woe_categorical | assign_bins_from_category_groups:235 | INFO | 	Group 8: 27 observations, Categories: ['7', '8']
2026-06-20 21:47:41,126 | [None] | mlops.auto_binning_woe_categorical | auto_woe_binning_categorical:500 | INFO | STEP: 13 - Bins assigned based on current category groups.
2026-06-20 21:47:41,126 | [None] | mlops.auto_binning_woe_categorical | calculate_woe_iv_table_categorical:95 | INFO | Calculating WoE / IV table for categorical binning. bin_col='_bin'
2026-06-20 21:47:41,128 | [None] | mlops.auto_binning_woe_categorical | calculate_woe_iv_table_categorical:113 | INFO | Total good: 15654, Total bad: 4446
2026-06-20 21:47:41,130 | [None] | mlops.auto_binning_woe_categorical | calculate_woe_iv_table_categorical:145 | INFO | WoE / IV table calculated. Bin count=9, Total IV=0.303975
2026-06-20 21:47:41,130 | [None] | mlops.auto_binning_woe_categorical | auto_woe_binning_categorical:509 | INFO | STEP: 13 - WoE / IV summary table calculated.
2026-06-20 21:47:41,131 | [None] | mlops.auto_binning_woe_categorical | auto_woe_binning_categorical:513 | INFO | STEP: 13 - Summary table sorted by bad_rate.
2026-06-20 21:47:41,131 | [None] | mlops.auto_binning_woe_categorical | auto_woe_binning_categorical:518 | INFO | STEP: 13 - Current bin count=9, Current IV=0.303975
2026-06-20 21:47:41,132 | [None] | mlops.auto_binning_woe_categorical | auto_woe_binning_categorical:531 | INFO | STEP: 13 - RULES CHECK START
2026-06-20 21:47:41,133 | [None] | mlops.auto_binning_woe_categorical | auto_woe_binning_categorical:555 | INFO | Rule 1 triggered: small bin merge.
2026-06-20 21:47:41,133 | [None] | mlops.auto_binning_woe_categorical | auto_woe_binning_categorical:556 | INFO | STEP: 13 - Problem bin=6, Merge with bin=6
2026-06-20 21:47:41,133 | [None] | mlops.auto_binning_woe_categorical | merge_category_groups:270 | INFO | Merging category groups. Merging group 6 into group 6
2026-06-20 21:47:41,133 | [None] | mlops.auto_binning_woe_categorical | merge_category_groups:286 | INFO | Groups merged and renumbered. New group count=9
2026-06-20 21:47:41,133 | [None] | mlops.auto_binning_woe_categorical | auto_woe_binning_categorical:564 | INFO | STEP: 13 - Category groups merged based on Rule 1.
2026-06-20 21:47:41,133 | [None] | mlops.auto_binning_woe_categorical | auto_woe_binning_categorical:491 | INFO | --- Iteration 14 ---
2026-06-20 21:47:41,133 | [None] | mlops.auto_binning_woe_categorical | assign_bins_from_category_groups:226 | INFO | Assigning observations to category groups. Group count=9
2026-06-20 21:47:41,134 | [None] | mlops.auto_binning_woe_categorical | assign_bins_from_category_groups:231 | INFO | Observations assigned to groups:
2026-06-20 21:47:41,134 | [None] | mlops.auto_binning_woe_categorical | assign_bins_from_category_groups:235 | INFO | 	Group 0: 3838 observations, Categories: ['-1']
2026-06-20 21:47:41,134 | [None] | mlops.auto_binning_woe_categorical | assign_bins_from_category_groups:235 | INFO | 	Group 1: 3290 observations, Categories: ['-2']
2026-06-20 21:47:41,134 | [None] | mlops.auto_binning_woe_categorical | assign_bins_from_category_groups:235 | INFO | 	Group 2: 10881 observations, Categories: ['0']
2026-06-20 21:47:41,135 | [None] | mlops.auto_binning_woe_categorical | assign_bins_from_category_groups:235 | INFO | 	Group 3: 1877 observations, Categories: ['2']
2026-06-20 21:47:41,135 | [None] | mlops.auto_binning_woe_categorical | assign_bins_from_category_groups:235 | INFO | 	Group 4: 134 observations, Categories: ['3']
2026-06-20 21:47:41,135 | [None] | mlops.auto_binning_woe_categorical | assign_bins_from_category_groups:235 | INFO | 	Group 5: 37 observations, Categories: ['4']
2026-06-20 21:47:41,135 | [None] | mlops.auto_binning_woe_categorical | assign_bins_from_category_groups:235 | INFO | 	Group 6: 7 observations, Categories: ['5']
2026-06-20 21:47:41,135 | [None] | mlops.auto_binning_woe_categorical | assign_bins_from_category_groups:235 | INFO | 	Group 7: 9 observations, Categories: ['6']
2026-06-20 21:47:41,135 | [None] | mlops.auto_binning_woe_categorical | assign_bins_from_category_groups:235 | INFO | 	Group 8: 27 observations, Categories: ['7', '8']
2026-06-20 21:47:41,136 | [None] | mlops.auto_binning_woe_categorical | auto_woe_binning_categorical:500 | INFO | STEP: 14 - Bins assigned based on current category groups.
2026-06-20 21:47:41,136 | [None] | mlops.auto_binning_woe_categorical | calculate_woe_iv_table_categorical:95 | INFO | Calculating WoE / IV table for categorical binning. bin_col='_bin'
2026-06-20 21:47:41,138 | [None] | mlops.auto_binning_woe_categorical | calculate_woe_iv_table_categorical:113 | INFO | Total good: 15654, Total bad: 4446
2026-06-20 21:47:41,139 | [None] | mlops.auto_binning_woe_categorical | calculate_woe_iv_table_categorical:145 | INFO | WoE / IV table calculated. Bin count=9, Total IV=0.303975
2026-06-20 21:47:41,140 | [None] | mlops.auto_binning_woe_categorical | auto_woe_binning_categorical:509 | INFO | STEP: 14 - WoE / IV summary table calculated.
2026-06-20 21:47:41,140 | [None] | mlops.auto_binning_woe_categorical | auto_woe_binning_categorical:513 | INFO | STEP: 14 - Summary table sorted by bad_rate.
2026-06-20 21:47:41,140 | [None] | mlops.auto_binning_woe_categorical | auto_woe_binning_categorical:518 | INFO | STEP: 14 - Current bin count=9, Current IV=0.303975
2026-06-20 21:47:41,141 | [None] | mlops.auto_binning_woe_categorical | auto_woe_binning_categorical:531 | INFO | STEP: 14 - RULES CHECK START
2026-06-20 21:47:41,142 | [None] | mlops.auto_binning_woe_categorical | auto_woe_binning_categorical:555 | INFO | Rule 1 triggered: small bin merge.
2026-06-20 21:47:41,142 | [None] | mlops.auto_binning_woe_categorical | auto_woe_binning_categorical:556 | INFO | STEP: 14 - Problem bin=6, Merge with bin=6
2026-06-20 21:47:41,142 | [None] | mlops.auto_binning_woe_categorical | merge_category_groups:270 | INFO | Merging category groups. Merging group 6 into group 6
2026-06-20 21:47:41,142 | [None] | mlops.auto_binning_woe_categorical | merge_category_groups:286 | INFO | Groups merged and renumbered. New group count=9
2026-06-20 21:47:41,142 | [None] | mlops.auto_binning_woe_categorical | auto_woe_binning_categorical:564 | INFO | STEP: 14 - Category groups merged based on Rule 1.
2026-06-20 21:47:41,143 | [None] | mlops.auto_binning_woe_categorical | auto_woe_binning_categorical:491 | INFO | --- Iteration 15 ---
2026-06-20 21:47:41,143 | [None] | mlops.auto_binning_woe_categorical | assign_bins_from_category_groups:226 | INFO | Assigning observations to category groups. Group count=9
2026-06-20 21:47:41,144 | [None] | mlops.auto_binning_woe_categorical | assign_bins_from_category_groups:231 | INFO | Observations assigned to groups:
2026-06-20 21:47:41,144 | [None] | mlops.auto_binning_woe_categorical | assign_bins_from_category_groups:235 | INFO | 	Group 0: 3838 observations, Categories: ['-1']
2026-06-20 21:47:41,144 | [None] | mlops.auto_binning_woe_categorical | assign_bins_from_category_groups:235 | INFO | 	Group 1: 3290 observations, Categories: ['-2']
2026-06-20 21:47:41,144 | [None] | mlops.auto_binning_woe_categorical | assign_bins_from_category_groups:235 | INFO | 	Group 2: 10881 observations, Categories: ['0']
2026-06-20 21:47:41,144 | [None] | mlops.auto_binning_woe_categorical | assign_bins_from_category_groups:235 | INFO | 	Group 3: 1877 observations, Categories: ['2']
2026-06-20 21:47:41,145 | [None] | mlops.auto_binning_woe_categorical | assign_bins_from_category_groups:235 | INFO | 	Group 4: 134 observations, Categories: ['3']
2026-06-20 21:47:41,145 | [None] | mlops.auto_binning_woe_categorical | assign_bins_from_category_groups:235 | INFO | 	Group 5: 37 observations, Categories: ['4']
2026-06-20 21:47:41,145 | [None] | mlops.auto_binning_woe_categorical | assign_bins_from_category_groups:235 | INFO | 	Group 6: 7 observations, Categories: ['5']
2026-06-20 21:47:41,145 | [None] | mlops.auto_binning_woe_categorical | assign_bins_from_category_groups:235 | INFO | 	Group 7: 9 observations, Categories: ['6']
2026-06-20 21:47:41,145 | [None] | mlops.auto_binning_woe_categorical | assign_bins_from_category_groups:235 | INFO | 	Group 8: 27 observations, Categories: ['7', '8']
2026-06-20 21:47:41,145 | [None] | mlops.auto_binning_woe_categorical | auto_woe_binning_categorical:500 | INFO | STEP: 15 - Bins assigned based on current category groups.
2026-06-20 21:47:41,145 | [None] | mlops.auto_binning_woe_categorical | calculate_woe_iv_table_categorical:95 | INFO | Calculating WoE / IV table for categorical binning. bin_col='_bin'
2026-06-20 21:47:41,147 | [None] | mlops.auto_binning_woe_categorical | calculate_woe_iv_table_categorical:113 | INFO | Total good: 15654, Total bad: 4446
2026-06-20 21:47:41,149 | [None] | mlops.auto_binning_woe_categorical | calculate_woe_iv_table_categorical:145 | INFO | WoE / IV table calculated. Bin count=9, Total IV=0.303975
2026-06-20 21:47:41,149 | [None] | mlops.auto_binning_woe_categorical | auto_woe_binning_categorical:509 | INFO | STEP: 15 - WoE / IV summary table calculated.
2026-06-20 21:47:41,149 | [None] | mlops.auto_binning_woe_categorical | auto_woe_binning_categorical:513 | INFO | STEP: 15 - Summary table sorted by bad_rate.
2026-06-20 21:47:41,150 | [None] | mlops.auto_binning_woe_categorical | auto_woe_binning_categorical:518 | INFO | STEP: 15 - Current bin count=9, Current IV=0.303975
2026-06-20 21:47:41,150 | [None] | mlops.auto_binning_woe_categorical | auto_woe_binning_categorical:531 | INFO | STEP: 15 - RULES CHECK START
2026-06-20 21:47:41,152 | [None] | mlops.auto_binning_woe_categorical | auto_woe_binning_categorical:555 | INFO | Rule 1 triggered: small bin merge.
2026-06-20 21:47:41,152 | [None] | mlops.auto_binning_woe_categorical | auto_woe_binning_categorical:556 | INFO | STEP: 15 - Problem bin=6, Merge with bin=6
2026-06-20 21:47:41,152 | [None] | mlops.auto_binning_woe_categorical | merge_category_groups:270 | INFO | Merging category groups. Merging group 6 into group 6
2026-06-20 21:47:41,152 | [None] | mlops.auto_binning_woe_categorical | merge_category_groups:286 | INFO | Groups merged and renumbered. New group count=9
2026-06-20 21:47:41,152 | [None] | mlops.auto_binning_woe_categorical | auto_woe_binning_categorical:564 | INFO | STEP: 15 - Category groups merged based on Rule 1.
2026-06-20 21:47:41,152 | [None] | mlops.auto_binning_woe_categorical | auto_woe_binning_categorical:491 | INFO | --- Iteration 16 ---
2026-06-20 21:47:41,152 | [None] | mlops.auto_binning_woe_categorical | assign_bins_from_category_groups:226 | INFO | Assigning observations to category groups. Group count=9
2026-06-20 21:47:41,153 | [None] | mlops.auto_binning_woe_categorical | assign_bins_from_category_groups:231 | INFO | Observations assigned to groups:
2026-06-20 21:47:41,153 | [None] | mlops.auto_binning_woe_categorical | assign_bins_from_category_groups:235 | INFO | 	Group 0: 3838 observations, Categories: ['-1']
2026-06-20 21:47:41,153 | [None] | mlops.auto_binning_woe_categorical | assign_bins_from_category_groups:235 | INFO | 	Group 1: 3290 observations, Categories: ['-2']
2026-06-20 21:47:41,153 | [None] | mlops.auto_binning_woe_categorical | assign_bins_from_category_groups:235 | INFO | 	Group 2: 10881 observations, Categories: ['0']
2026-06-20 21:47:41,153 | [None] | mlops.auto_binning_woe_categorical | assign_bins_from_category_groups:235 | INFO | 	Group 3: 1877 observations, Categories: ['2']
2026-06-20 21:47:41,154 | [None] | mlops.auto_binning_woe_categorical | assign_bins_from_category_groups:235 | INFO | 	Group 4: 134 observations, Categories: ['3']
2026-06-20 21:47:41,154 | [None] | mlops.auto_binning_woe_categorical | assign_bins_from_category_groups:235 | INFO | 	Group 5: 37 observations, Categories: ['4']
2026-06-20 21:47:41,154 | [None] | mlops.auto_binning_woe_categorical | assign_bins_from_category_groups:235 | INFO | 	Group 6: 7 observations, Categories: ['5']
2026-06-20 21:47:41,154 | [None] | mlops.auto_binning_woe_categorical | assign_bins_from_category_groups:235 | INFO | 	Group 7: 9 observations, Categories: ['6']
2026-06-20 21:47:41,154 | [None] | mlops.auto_binning_woe_categorical | assign_bins_from_category_groups:235 | INFO | 	Group 8: 27 observations, Categories: ['7', '8']
2026-06-20 21:47:41,154 | [None] | mlops.auto_binning_woe_categorical | auto_woe_binning_categorical:500 | INFO | STEP: 16 - Bins assigned based on current category groups.
2026-06-20 21:47:41,154 | [None] | mlops.auto_binning_woe_categorical | calculate_woe_iv_table_categorical:95 | INFO | Calculating WoE / IV table for categorical binning. bin_col='_bin'
2026-06-20 21:47:41,156 | [None] | mlops.auto_binning_woe_categorical | calculate_woe_iv_table_categorical:113 | INFO | Total good: 15654, Total bad: 4446
2026-06-20 21:47:41,158 | [None] | mlops.auto_binning_woe_categorical | calculate_woe_iv_table_categorical:145 | INFO | WoE / IV table calculated. Bin count=9, Total IV=0.303975
2026-06-20 21:47:41,158 | [None] | mlops.auto_binning_woe_categorical | auto_woe_binning_categorical:509 | INFO | STEP: 16 - WoE / IV summary table calculated.
2026-06-20 21:47:41,158 | [None] | mlops.auto_binning_woe_categorical | auto_woe_binning_categorical:513 | INFO | STEP: 16 - Summary table sorted by bad_rate.
2026-06-20 21:47:41,159 | [None] | mlops.auto_binning_woe_categorical | auto_woe_binning_categorical:518 | INFO | STEP: 16 - Current bin count=9, Current IV=0.303975
2026-06-20 21:47:41,159 | [None] | mlops.auto_binning_woe_categorical | auto_woe_binning_categorical:531 | INFO | STEP: 16 - RULES CHECK START
2026-06-20 21:47:41,161 | [None] | mlops.auto_binning_woe_categorical | auto_woe_binning_categorical:555 | INFO | Rule 1 triggered: small bin merge.
2026-06-20 21:47:41,161 | [None] | mlops.auto_binning_woe_categorical | auto_woe_binning_categorical:556 | INFO | STEP: 16 - Problem bin=6, Merge with bin=6
2026-06-20 21:47:41,161 | [None] | mlops.auto_binning_woe_categorical | merge_category_groups:270 | INFO | Merging category groups. Merging group 6 into group 6
2026-06-20 21:47:41,161 | [None] | mlops.auto_binning_woe_categorical | merge_category_groups:286 | INFO | Groups merged and renumbered. New group count=9
2026-06-20 21:47:41,161 | [None] | mlops.auto_binning_woe_categorical | auto_woe_binning_categorical:564 | INFO | STEP: 16 - Category groups merged based on Rule 1.
2026-06-20 21:47:41,161 | [None] | mlops.auto_binning_woe_categorical | auto_woe_binning_categorical:491 | INFO | --- Iteration 17 ---
2026-06-20 21:47:41,161 | [None] | mlops.auto_binning_woe_categorical | assign_bins_from_category_groups:226 | INFO | Assigning observations to category groups. Group count=9
2026-06-20 21:47:41,162 | [None] | mlops.auto_binning_woe_categorical | assign_bins_from_category_groups:231 | INFO | Observations assigned to groups:
2026-06-20 21:47:41,162 | [None] | mlops.auto_binning_woe_categorical | assign_bins_from_category_groups:235 | INFO | 	Group 0: 3838 observations, Categories: ['-1']
2026-06-20 21:47:41,163 | [None] | mlops.auto_binning_woe_categorical | assign_bins_from_category_groups:235 | INFO | 	Group 1: 3290 observations, Categories: ['-2']
2026-06-20 21:47:41,163 | [None] | mlops.auto_binning_woe_categorical | assign_bins_from_category_groups:235 | INFO | 	Group 2: 10881 observations, Categories: ['0']
2026-06-20 21:47:41,163 | [None] | mlops.auto_binning_woe_categorical | assign_bins_from_category_groups:235 | INFO | 	Group 3: 1877 observations, Categories: ['2']
2026-06-20 21:47:41,164 | [None] | mlops.auto_binning_woe_categorical | assign_bins_from_category_groups:235 | INFO | 	Group 4: 134 observations, Categories: ['3']
2026-06-20 21:47:41,164 | [None] | mlops.auto_binning_woe_categorical | assign_bins_from_category_groups:235 | INFO | 	Group 5: 37 observations, Categories: ['4']
2026-06-20 21:47:41,164 | [None] | mlops.auto_binning_woe_categorical | assign_bins_from_category_groups:235 | INFO | 	Group 6: 7 observations, Categories: ['5']
2026-06-20 21:47:41,164 | [None] | mlops.auto_binning_woe_categorical | assign_bins_from_category_groups:235 | INFO | 	Group 7: 9 observations, Categories: ['6']
2026-06-20 21:47:41,164 | [None] | mlops.auto_binning_woe_categorical | assign_bins_from_category_groups:235 | INFO | 	Group 8: 27 observations, Categories: ['7', '8']
2026-06-20 21:47:41,164 | [None] | mlops.auto_binning_woe_categorical | auto_woe_binning_categorical:500 | INFO | STEP: 17 - Bins assigned based on current category groups.
2026-06-20 21:47:41,164 | [None] | mlops.auto_binning_woe_categorical | calculate_woe_iv_table_categorical:95 | INFO | Calculating WoE / IV table for categorical binning. bin_col='_bin'
2026-06-20 21:47:41,166 | [None] | mlops.auto_binning_woe_categorical | calculate_woe_iv_table_categorical:113 | INFO | Total good: 15654, Total bad: 4446
2026-06-20 21:47:41,168 | [None] | mlops.auto_binning_woe_categorical | calculate_woe_iv_table_categorical:145 | INFO | WoE / IV table calculated. Bin count=9, Total IV=0.303975
2026-06-20 21:47:41,168 | [None] | mlops.auto_binning_woe_categorical | auto_woe_binning_categorical:509 | INFO | STEP: 17 - WoE / IV summary table calculated.
2026-06-20 21:47:41,169 | [None] | mlops.auto_binning_woe_categorical | auto_woe_binning_categorical:513 | INFO | STEP: 17 - Summary table sorted by bad_rate.
2026-06-20 21:47:41,169 | [None] | mlops.auto_binning_woe_categorical | auto_woe_binning_categorical:518 | INFO | STEP: 17 - Current bin count=9, Current IV=0.303975
2026-06-20 21:47:41,170 | [None] | mlops.auto_binning_woe_categorical | auto_woe_binning_categorical:531 | INFO | STEP: 17 - RULES CHECK START
2026-06-20 21:47:41,170 | [None] | mlops.auto_binning_woe_categorical | auto_woe_binning_categorical:555 | INFO | Rule 1 triggered: small bin merge.
2026-06-20 21:47:41,170 | [None] | mlops.auto_binning_woe_categorical | auto_woe_binning_categorical:556 | INFO | STEP: 17 - Problem bin=6, Merge with bin=6
2026-06-20 21:47:41,171 | [None] | mlops.auto_binning_woe_categorical | merge_category_groups:270 | INFO | Merging category groups. Merging group 6 into group 6
2026-06-20 21:47:41,171 | [None] | mlops.auto_binning_woe_categorical | merge_category_groups:286 | INFO | Groups merged and renumbered. New group count=9
2026-06-20 21:47:41,171 | [None] | mlops.auto_binning_woe_categorical | auto_woe_binning_categorical:564 | INFO | STEP: 17 - Category groups merged based on Rule 1.
2026-06-20 21:47:41,171 | [None] | mlops.auto_binning_woe_categorical | auto_woe_binning_categorical:491 | INFO | --- Iteration 18 ---
2026-06-20 21:47:41,171 | [None] | mlops.auto_binning_woe_categorical | assign_bins_from_category_groups:226 | INFO | Assigning observations to category groups. Group count=9
2026-06-20 21:47:41,172 | [None] | mlops.auto_binning_woe_categorical | assign_bins_from_category_groups:231 | INFO | Observations assigned to groups:
2026-06-20 21:47:41,172 | [None] | mlops.auto_binning_woe_categorical | assign_bins_from_category_groups:235 | INFO | 	Group 0: 3838 observations, Categories: ['-1']
2026-06-20 21:47:41,172 | [None] | mlops.auto_binning_woe_categorical | assign_bins_from_category_groups:235 | INFO | 	Group 1: 3290 observations, Categories: ['-2']
2026-06-20 21:47:41,172 | [None] | mlops.auto_binning_woe_categorical | assign_bins_from_category_groups:235 | INFO | 	Group 2: 10881 observations, Categories: ['0']
2026-06-20 21:47:41,172 | [None] | mlops.auto_binning_woe_categorical | assign_bins_from_category_groups:235 | INFO | 	Group 3: 1877 observations, Categories: ['2']
2026-06-20 21:47:41,172 | [None] | mlops.auto_binning_woe_categorical | assign_bins_from_category_groups:235 | INFO | 	Group 4: 134 observations, Categories: ['3']
2026-06-20 21:47:41,173 | [None] | mlops.auto_binning_woe_categorical | assign_bins_from_category_groups:235 | INFO | 	Group 5: 37 observations, Categories: ['4']
2026-06-20 21:47:41,173 | [None] | mlops.auto_binning_woe_categorical | assign_bins_from_category_groups:235 | INFO | 	Group 6: 7 observations, Categories: ['5']
2026-06-20 21:47:41,173 | [None] | mlops.auto_binning_woe_categorical | assign_bins_from_category_groups:235 | INFO | 	Group 7: 9 observations, Categories: ['6']
2026-06-20 21:47:41,173 | [None] | mlops.auto_binning_woe_categorical | assign_bins_from_category_groups:235 | INFO | 	Group 8: 27 observations, Categories: ['7', '8']
2026-06-20 21:47:41,173 | [None] | mlops.auto_binning_woe_categorical | auto_woe_binning_categorical:500 | INFO | STEP: 18 - Bins assigned based on current category groups.
2026-06-20 21:47:41,173 | [None] | mlops.auto_binning_woe_categorical | calculate_woe_iv_table_categorical:95 | INFO | Calculating WoE / IV table for categorical binning. bin_col='_bin'
2026-06-20 21:47:41,175 | [None] | mlops.auto_binning_woe_categorical | calculate_woe_iv_table_categorical:113 | INFO | Total good: 15654, Total bad: 4446
2026-06-20 21:47:41,178 | [None] | mlops.auto_binning_woe_categorical | calculate_woe_iv_table_categorical:145 | INFO | WoE / IV table calculated. Bin count=9, Total IV=0.303975
2026-06-20 21:47:41,178 | [None] | mlops.auto_binning_woe_categorical | auto_woe_binning_categorical:509 | INFO | STEP: 18 - WoE / IV summary table calculated.
2026-06-20 21:47:41,178 | [None] | mlops.auto_binning_woe_categorical | auto_woe_binning_categorical:513 | INFO | STEP: 18 - Summary table sorted by bad_rate.
2026-06-20 21:47:41,178 | [None] | mlops.auto_binning_woe_categorical | auto_woe_binning_categorical:518 | INFO | STEP: 18 - Current bin count=9, Current IV=0.303975
2026-06-20 21:47:41,179 | [None] | mlops.auto_binning_woe_categorical | auto_woe_binning_categorical:531 | INFO | STEP: 18 - RULES CHECK START
2026-06-20 21:47:41,180 | [None] | mlops.auto_binning_woe_categorical | auto_woe_binning_categorical:555 | INFO | Rule 1 triggered: small bin merge.
2026-06-20 21:47:41,180 | [None] | mlops.auto_binning_woe_categorical | auto_woe_binning_categorical:556 | INFO | STEP: 18 - Problem bin=6, Merge with bin=6
2026-06-20 21:47:41,180 | [None] | mlops.auto_binning_woe_categorical | merge_category_groups:270 | INFO | Merging category groups. Merging group 6 into group 6
2026-06-20 21:47:41,181 | [None] | mlops.auto_binning_woe_categorical | merge_category_groups:286 | INFO | Groups merged and renumbered. New group count=9
2026-06-20 21:47:41,181 | [None] | mlops.auto_binning_woe_categorical | auto_woe_binning_categorical:564 | INFO | STEP: 18 - Category groups merged based on Rule 1.
2026-06-20 21:47:41,181 | [None] | mlops.auto_binning_woe_categorical | auto_woe_binning_categorical:491 | INFO | --- Iteration 19 ---
2026-06-20 21:47:41,181 | [None] | mlops.auto_binning_woe_categorical | assign_bins_from_category_groups:226 | INFO | Assigning observations to category groups. Group count=9
2026-06-20 21:47:41,182 | [None] | mlops.auto_binning_woe_categorical | assign_bins_from_category_groups:231 | INFO | Observations assigned to groups:
2026-06-20 21:47:41,182 | [None] | mlops.auto_binning_woe_categorical | assign_bins_from_category_groups:235 | INFO | 	Group 0: 3838 observations, Categories: ['-1']
2026-06-20 21:47:41,182 | [None] | mlops.auto_binning_woe_categorical | assign_bins_from_category_groups:235 | INFO | 	Group 1: 3290 observations, Categories: ['-2']
2026-06-20 21:47:41,183 | [None] | mlops.auto_binning_woe_categorical | assign_bins_from_category_groups:235 | INFO | 	Group 2: 10881 observations, Categories: ['0']
2026-06-20 21:47:41,183 | [None] | mlops.auto_binning_woe_categorical | assign_bins_from_category_groups:235 | INFO | 	Group 3: 1877 observations, Categories: ['2']
2026-06-20 21:47:41,183 | [None] | mlops.auto_binning_woe_categorical | assign_bins_from_category_groups:235 | INFO | 	Group 4: 134 observations, Categories: ['3']
2026-06-20 21:47:41,183 | [None] | mlops.auto_binning_woe_categorical | assign_bins_from_category_groups:235 | INFO | 	Group 5: 37 observations, Categories: ['4']
2026-06-20 21:47:41,183 | [None] | mlops.auto_binning_woe_categorical | assign_bins_from_category_groups:235 | INFO | 	Group 6: 7 observations, Categories: ['5']
2026-06-20 21:47:41,184 | [None] | mlops.auto_binning_woe_categorical | assign_bins_from_category_groups:235 | INFO | 	Group 7: 9 observations, Categories: ['6']
2026-06-20 21:47:41,184 | [None] | mlops.auto_binning_woe_categorical | assign_bins_from_category_groups:235 | INFO | 	Group 8: 27 observations, Categories: ['7', '8']
2026-06-20 21:47:41,184 | [None] | mlops.auto_binning_woe_categorical | auto_woe_binning_categorical:500 | INFO | STEP: 19 - Bins assigned based on current category groups.
2026-06-20 21:47:41,184 | [None] | mlops.auto_binning_woe_categorical | calculate_woe_iv_table_categorical:95 | INFO | Calculating WoE / IV table for categorical binning. bin_col='_bin'
2026-06-20 21:47:41,186 | [None] | mlops.auto_binning_woe_categorical | calculate_woe_iv_table_categorical:113 | INFO | Total good: 15654, Total bad: 4446
2026-06-20 21:47:41,188 | [None] | mlops.auto_binning_woe_categorical | calculate_woe_iv_table_categorical:145 | INFO | WoE / IV table calculated. Bin count=9, Total IV=0.303975
2026-06-20 21:47:41,188 | [None] | mlops.auto_binning_woe_categorical | auto_woe_binning_categorical:509 | INFO | STEP: 19 - WoE / IV summary table calculated.
2026-06-20 21:47:41,188 | [None] | mlops.auto_binning_woe_categorical | auto_woe_binning_categorical:513 | INFO | STEP: 19 - Summary table sorted by bad_rate.
2026-06-20 21:47:41,189 | [None] | mlops.auto_binning_woe_categorical | auto_woe_binning_categorical:518 | INFO | STEP: 19 - Current bin count=9, Current IV=0.303975
2026-06-20 21:47:41,189 | [None] | mlops.auto_binning_woe_categorical | auto_woe_binning_categorical:531 | INFO | STEP: 19 - RULES CHECK START
2026-06-20 21:47:41,190 | [None] | mlops.auto_binning_woe_categorical | auto_woe_binning_categorical:555 | INFO | Rule 1 triggered: small bin merge.
2026-06-20 21:47:41,190 | [None] | mlops.auto_binning_woe_categorical | auto_woe_binning_categorical:556 | INFO | STEP: 19 - Problem bin=6, Merge with bin=6
2026-06-20 21:47:41,190 | [None] | mlops.auto_binning_woe_categorical | merge_category_groups:270 | INFO | Merging category groups. Merging group 6 into group 6
2026-06-20 21:47:41,190 | [None] | mlops.auto_binning_woe_categorical | merge_category_groups:286 | INFO | Groups merged and renumbered. New group count=9
2026-06-20 21:47:41,190 | [None] | mlops.auto_binning_woe_categorical | auto_woe_binning_categorical:564 | INFO | STEP: 19 - Category groups merged based on Rule 1.
2026-06-20 21:47:41,191 | [None] | mlops.auto_binning_woe_categorical | auto_woe_binning_categorical:491 | INFO | --- Iteration 20 ---
2026-06-20 21:47:41,191 | [None] | mlops.auto_binning_woe_categorical | assign_bins_from_category_groups:226 | INFO | Assigning observations to category groups. Group count=9
2026-06-20 21:47:41,192 | [None] | mlops.auto_binning_woe_categorical | assign_bins_from_category_groups:231 | INFO | Observations assigned to groups:
2026-06-20 21:47:41,192 | [None] | mlops.auto_binning_woe_categorical | assign_bins_from_category_groups:235 | INFO | 	Group 0: 3838 observations, Categories: ['-1']
2026-06-20 21:47:41,192 | [None] | mlops.auto_binning_woe_categorical | assign_bins_from_category_groups:235 | INFO | 	Group 1: 3290 observations, Categories: ['-2']
2026-06-20 21:47:41,192 | [None] | mlops.auto_binning_woe_categorical | assign_bins_from_category_groups:235 | INFO | 	Group 2: 10881 observations, Categories: ['0']
2026-06-20 21:47:41,192 | [None] | mlops.auto_binning_woe_categorical | assign_bins_from_category_groups:235 | INFO | 	Group 3: 1877 observations, Categories: ['2']
2026-06-20 21:47:41,192 | [None] | mlops.auto_binning_woe_categorical | assign_bins_from_category_groups:235 | INFO | 	Group 4: 134 observations, Categories: ['3']
2026-06-20 21:47:41,193 | [None] | mlops.auto_binning_woe_categorical | assign_bins_from_category_groups:235 | INFO | 	Group 5: 37 observations, Categories: ['4']
2026-06-20 21:47:41,193 | [None] | mlops.auto_binning_woe_categorical | assign_bins_from_category_groups:235 | INFO | 	Group 6: 7 observations, Categories: ['5']
2026-06-20 21:47:41,193 | [None] | mlops.auto_binning_woe_categorical | assign_bins_from_category_groups:235 | INFO | 	Group 7: 9 observations, Categories: ['6']
2026-06-20 21:47:41,193 | [None] | mlops.auto_binning_woe_categorical | assign_bins_from_category_groups:235 | INFO | 	Group 8: 27 observations, Categories: ['7', '8']
2026-06-20 21:47:41,194 | [None] | mlops.auto_binning_woe_categorical | auto_woe_binning_categorical:500 | INFO | STEP: 20 - Bins assigned based on current category groups.
2026-06-20 21:47:41,194 | [None] | mlops.auto_binning_woe_categorical | calculate_woe_iv_table_categorical:95 | INFO | Calculating WoE / IV table for categorical binning. bin_col='_bin'
2026-06-20 21:47:41,196 | [None] | mlops.auto_binning_woe_categorical | calculate_woe_iv_table_categorical:113 | INFO | Total good: 15654, Total bad: 4446
2026-06-20 21:47:41,197 | [None] | mlops.auto_binning_woe_categorical | calculate_woe_iv_table_categorical:145 | INFO | WoE / IV table calculated. Bin count=9, Total IV=0.303975
2026-06-20 21:47:41,197 | [None] | mlops.auto_binning_woe_categorical | auto_woe_binning_categorical:509 | INFO | STEP: 20 - WoE / IV summary table calculated.
2026-06-20 21:47:41,198 | [None] | mlops.auto_binning_woe_categorical | auto_woe_binning_categorical:513 | INFO | STEP: 20 - Summary table sorted by bad_rate.
2026-06-20 21:47:41,198 | [None] | mlops.auto_binning_woe_categorical | auto_woe_binning_categorical:518 | INFO | STEP: 20 - Current bin count=9, Current IV=0.303975
2026-06-20 21:47:41,199 | [None] | mlops.auto_binning_woe_categorical | auto_woe_binning_categorical:531 | INFO | STEP: 20 - RULES CHECK START
2026-06-20 21:47:41,200 | [None] | mlops.auto_binning_woe_categorical | auto_woe_binning_categorical:555 | INFO | Rule 1 triggered: small bin merge.
2026-06-20 21:47:41,200 | [None] | mlops.auto_binning_woe_categorical | auto_woe_binning_categorical:556 | INFO | STEP: 20 - Problem bin=6, Merge with bin=6
2026-06-20 21:47:41,200 | [None] | mlops.auto_binning_woe_categorical | merge_category_groups:270 | INFO | Merging category groups. Merging group 6 into group 6
2026-06-20 21:47:41,200 | [None] | mlops.auto_binning_woe_categorical | merge_category_groups:286 | INFO | Groups merged and renumbered. New group count=9
2026-06-20 21:47:41,200 | [None] | mlops.auto_binning_woe_categorical | auto_woe_binning_categorical:564 | INFO | STEP: 20 - Category groups merged based on Rule 1.
2026-06-20 21:47:41,200 | [None] | mlops.auto_binning_woe_categorical | auto_woe_binning_categorical:686 | WARNING | Auto binning did NOT converge for feature 'repayment_status_apr_2005'. Reached max_iter=20 while rule violations were still present.
2026-06-20 21:47:41,200 | [None] | mlops.auto_binning_woe_categorical | auto_woe_binning_categorical:689 | INFO | Iterative merging process completed after 20 iterations.
2026-06-20 21:47:41,200 | [None] | mlops.auto_binning_woe_categorical | auto_woe_binning_categorical:690 | INFO | ----FINAL BINNING RESULTS----
2026-06-20 21:47:41,200 | [None] | mlops.auto_binning_woe_categorical | assign_bins_from_category_groups:226 | INFO | Assigning observations to category groups. Group count=9
2026-06-20 21:47:41,201 | [None] | mlops.auto_binning_woe_categorical | assign_bins_from_category_groups:231 | INFO | Observations assigned to groups:
2026-06-20 21:47:41,201 | [None] | mlops.auto_binning_woe_categorical | assign_bins_from_category_groups:235 | INFO | 	Group 0: 3838 observations, Categories: ['-1']
2026-06-20 21:47:41,201 | [None] | mlops.auto_binning_woe_categorical | assign_bins_from_category_groups:235 | INFO | 	Group 1: 3290 observations, Categories: ['-2']
2026-06-20 21:47:41,202 | [None] | mlops.auto_binning_woe_categorical | assign_bins_from_category_groups:235 | INFO | 	Group 2: 10881 observations, Categories: ['0']
2026-06-20 21:47:41,202 | [None] | mlops.auto_binning_woe_categorical | assign_bins_from_category_groups:235 | INFO | 	Group 3: 1877 observations, Categories: ['2']
2026-06-20 21:47:41,202 | [None] | mlops.auto_binning_woe_categorical | assign_bins_from_category_groups:235 | INFO | 	Group 4: 134 observations, Categories: ['3']
2026-06-20 21:47:41,202 | [None] | mlops.auto_binning_woe_categorical | assign_bins_from_category_groups:235 | INFO | 	Group 5: 37 observations, Categories: ['4']
2026-06-20 21:47:41,202 | [None] | mlops.auto_binning_woe_categorical | assign_bins_from_category_groups:235 | INFO | 	Group 6: 7 observations, Categories: ['5']
2026-06-20 21:47:41,202 | [None] | mlops.auto_binning_woe_categorical | assign_bins_from_category_groups:235 | INFO | 	Group 7: 9 observations, Categories: ['6']
2026-06-20 21:47:41,202 | [None] | mlops.auto_binning_woe_categorical | assign_bins_from_category_groups:235 | INFO | 	Group 8: 27 observations, Categories: ['7', '8']
2026-06-20 21:47:41,202 | [None] | mlops.auto_binning_woe_categorical | calculate_woe_iv_table_categorical:95 | INFO | Calculating WoE / IV table for categorical binning. bin_col='_bin'
2026-06-20 21:47:41,204 | [None] | mlops.auto_binning_woe_categorical | calculate_woe_iv_table_categorical:113 | INFO | Total good: 15654, Total bad: 4446
2026-06-20 21:47:41,206 | [None] | mlops.auto_binning_woe_categorical | calculate_woe_iv_table_categorical:145 | INFO | WoE / IV table calculated. Bin count=9, Total IV=0.303975
2026-06-20 21:47:41,208 | [None] | mlops.auto_binning_woe_categorical | auto_woe_binning_categorical:750 | WARNING | Final status: REVIEW_NOT_CONVERGED (max_iter reached)
2026-06-20 21:47:41,208 | [None] | mlops.auto_binning_woe_categorical | auto_woe_binning_categorical:764 | INFO | Feature: repayment_status_apr_2005, Final bins=9, Total IV=0.303975, Status=REVIEW_NOT_CONVERGED
2026-06-20 21:47:41,208 | [None] | mlops.auto_binning_woe_categorical | auto_woe_binning_categorical:766 | INFO | Values to Group mapping:
2026-06-20 21:47:41,209 | [None] | mlops.auto_binning_woe_categorical | auto_woe_binning_categorical:768 | INFO |   - repayment_status_apr_2005_grp0: ['-1']
2026-06-20 21:47:41,209 | [None] | mlops.auto_binning_woe_categorical | auto_woe_binning_categorical:768 | INFO |   - repayment_status_apr_2005_grp1: ['-2']
2026-06-20 21:47:41,209 | [None] | mlops.auto_binning_woe_categorical | auto_woe_binning_categorical:768 | INFO |   - repayment_status_apr_2005_grp2: ['0']
2026-06-20 21:47:41,209 | [None] | mlops.auto_binning_woe_categorical | auto_woe_binning_categorical:768 | INFO |   - repayment_status_apr_2005_grp3: ['2']
2026-06-20 21:47:41,209 | [None] | mlops.auto_binning_woe_categorical | auto_woe_binning_categorical:768 | INFO |   - repayment_status_apr_2005_grp4: ['3']
2026-06-20 21:47:41,209 | [None] | mlops.auto_binning_woe_categorical | auto_woe_binning_categorical:768 | INFO |   - repayment_status_apr_2005_grp5: ['4']
2026-06-20 21:47:41,209 | [None] | mlops.auto_binning_woe_categorical | auto_woe_binning_categorical:768 | INFO |   - repayment_status_apr_2005_grp6: ['5']
2026-06-20 21:47:41,209 | [None] | mlops.auto_binning_woe_categorical | auto_woe_binning_categorical:768 | INFO |   - repayment_status_apr_2005_grp7: ['6']
2026-06-20 21:47:41,209 | [None] | mlops.auto_binning_woe_categorical | auto_woe_binning_categorical:768 | INFO |   - repayment_status_apr_2005_grp8: ['7', '8']
2026-06-20 21:47:41,211 | [None] | mlops.auto_binning_woe_categorical | auto_woe_binning_categorical:788 | INFO | Auto binning result saved to ./outputs/auto_binning_woe/repayment_status_apr_2005/final_auto_binning_woe.json
2026-06-20 21:47:41,212 | [None] | mlops.auto_binning_woe_categorical | auto_woe_binning_categorical:792 | INFO | Final WOE table saved to ./outputs/auto_binning_woe/repayment_status_apr_2005/final_woe_table.csv
2026-06-20 21:47:41,213 | [None] | mlops.auto_binning_woe_categorical | auto_woe_binning_categorical:795 | INFO | ==================================================
2026-06-20 21:47:41,213 | [None] | mlops.auto_binning_woe_categorical | auto_woe_binning_categorical:796 | INFO | INITIALIZE PARAMETERS
2026-06-20 21:47:41,213 | [None] | mlops.auto_binning_woe_categorical | auto_woe_binning_categorical:797 | INFO | Feature:..................... repayment_status_apr_2005
2026-06-20 21:47:41,213 | [None] | mlops.auto_binning_woe_categorical | auto_woe_binning_categorical:798 | INFO | Target:...................... TARGET
2026-06-20 21:47:41,213 | [None] | mlops.auto_binning_woe_categorical | auto_woe_binning_categorical:799 | INFO | Minimum Bin Percentage:...... 0.05
2026-06-20 21:47:41,213 | [None] | mlops.auto_binning_woe_categorical | auto_woe_binning_categorical:800 | INFO | Maximum Final Bins:.......... 6
2026-06-20 21:47:41,213 | [None] | mlops.auto_binning_woe_categorical | auto_woe_binning_categorical:801 | INFO | Minimum Final Bins:.......... 2
2026-06-20 21:47:41,214 | [None] | mlops.auto_binning_woe_categorical | auto_woe_binning_categorical:802 | INFO | Minimum IV:.................. 0.02
2026-06-20 21:47:41,214 | [None] | mlops.auto_binning_woe_categorical | auto_woe_binning_categorical:803 | INFO | Maximum IV:.................. 0.5
2026-06-20 21:47:41,214 | [None] | mlops.auto_binning_woe_categorical | auto_woe_binning_categorical:804 | INFO | Maximum Iterations:.......... 20
2026-06-20 21:47:41,214 | [None] | mlops.auto_binning_woe_categorical | auto_woe_binning_categorical:805 | INFO | ==================================================
2026-06-20 21:47:41,214 | [None] | mlops.auto_binning_woe_categorical | auto_woe_binning_categorical:807 | INFO | ==================================================
2026-06-20 21:47:41,214 | [None] | mlops.auto_binning_woe_categorical | auto_woe_binning_categorical:808 | INFO | AUTO BINNING RESULTS
2026-06-20 21:47:41,214 | [None] | mlops.auto_binning_woe_categorical | auto_woe_binning_categorical:809 | INFO | Stopping Iteration:............... 20
2026-06-20 21:47:41,214 | [None] | mlops.auto_binning_woe_categorical | auto_woe_binning_categorical:810 | INFO | Feature Name:..................... repayment_status_apr_2005
2026-06-20 21:47:41,214 | [None] | mlops.auto_binning_woe_categorical | auto_woe_binning_categorical:811 | INFO | Final Bin Count:.................. 9
2026-06-20 21:47:41,214 | [None] | mlops.auto_binning_woe_categorical | auto_woe_binning_categorical:812 | INFO | Total Information Value (IV):..... 0.303975
2026-06-20 21:47:41,214 | [None] | mlops.auto_binning_woe_categorical | auto_woe_binning_categorical:813 | INFO | IV Interpretation:................ Strong Predictive Power
2026-06-20 21:47:41,214 | [None] | mlops.auto_binning_woe_categorical | auto_woe_binning_categorical:814 | INFO | Binning Status:................... REVIEW_NOT_CONVERGED
2026-06-20 21:47:41,214 | [None] | mlops.auto_binning_woe_categorical | auto_woe_binning_categorical:815 | INFO | --------------------------------------------------
2026-06-20 21:47:41,214 | [None] | mlops.auto_binning_woe_categorical | auto_woe_binning_categorical:816 | INFO | WoE Summary Table:
2026-06-20 21:47:41,216 | [None] | mlops.auto_binning_woe_categorical | auto_woe_binning_categorical:817 | INFO | 
                          _bin  total  good  bad  bad_rate  bin_pct  good_dist  bad_dist  good_dist_minus_bad_dist  odds_ratio       woe  woe_display       iv
repayment_status_apr_2005_grp0   3838  3181  657  0.171183 0.190945   0.203180  0.147736                  0.055444    1.375292  0.318666    31.866585 0.017668
repayment_status_apr_2005_grp2  10881  8830 2051  0.188494 0.541343   0.563943  0.460959                  0.102983    1.223411  0.201643    20.164295 0.020766
repayment_status_apr_2005_grp1   3290  2655  635  0.193009 0.163682   0.169588  0.142793                  0.026795    1.187653  0.171979    17.197870 0.004608
repayment_status_apr_2005_grp3   1877   916  961  0.511987 0.093383   0.058531  0.216043                 -0.157513    0.270920 -1.305930  -130.592995 0.205700
repayment_status_apr_2005_grp6      7     3    4  0.571429 0.000348   0.000224  0.001011                 -0.000788    0.221062 -1.509312  -150.931188 0.001189
repayment_status_apr_2005_grp4    134    51   83  0.619403 0.006667   0.003289  0.018762                 -0.015473    0.175299 -1.741262  -174.126228 0.026943
repayment_status_apr_2005_grp7      9     3    6  0.666667 0.000448   0.000224  0.001461                 -0.001237    0.153043 -1.877037  -187.703666 0.002322
repayment_status_apr_2005_grp5     37    10   27  0.729730 0.001841   0.000671  0.006179                 -0.005509    0.108521 -2.220808  -222.080820 0.012233
repayment_status_apr_2005_grp8     27     5   22  0.814815 0.001343   0.000351  0.005056                 -0.004704    0.069477 -2.666765  -266.676467 0.012545

2026-06-20 21:47:41,216 | [None] | mlops.auto_binning_woe_categorical | auto_woe_binning_categorical:818 | INFO | --------------------------------------------------
2026-06-20 21:47:41,216 | [None] | mlops.auto_binning_woe_categorical | auto_woe_binning_categorical:819 | INFO | Values to Group:
2026-06-20 21:47:41,216 | [None] | mlops.auto_binning_woe_categorical | auto_woe_binning_categorical:821 | INFO |   repayment_status_apr_2005_grp0: ['-1']
2026-06-20 21:47:41,216 | [None] | mlops.auto_binning_woe_categorical | auto_woe_binning_categorical:821 | INFO |   repayment_status_apr_2005_grp1: ['-2']
2026-06-20 21:47:41,216 | [None] | mlops.auto_binning_woe_categorical | auto_woe_binning_categorical:821 | INFO |   repayment_status_apr_2005_grp2: ['0']
2026-06-20 21:47:41,216 | [None] | mlops.auto_binning_woe_categorical | auto_woe_binning_categorical:821 | INFO |   repayment_status_apr_2005_grp3: ['2']
2026-06-20 21:47:41,216 | [None] | mlops.auto_binning_woe_categorical | auto_woe_binning_categorical:821 | INFO |   repayment_status_apr_2005_grp4: ['3']
2026-06-20 21:47:41,216 | [None] | mlops.auto_binning_woe_categorical | auto_woe_binning_categorical:821 | INFO |   repayment_status_apr_2005_grp5: ['4']
2026-06-20 21:47:41,216 | [None] | mlops.auto_binning_woe_categorical | auto_woe_binning_categorical:821 | INFO |   repayment_status_apr_2005_grp6: ['5']
2026-06-20 21:47:41,216 | [None] | mlops.auto_binning_woe_categorical | auto_woe_binning_categorical:821 | INFO |   repayment_status_apr_2005_grp7: ['6']
2026-06-20 21:47:41,216 | [None] | mlops.auto_binning_woe_categorical | auto_woe_binning_categorical:821 | INFO |   repayment_status_apr_2005_grp8: ['7', '8']
2026-06-20 21:47:41,217 | [None] | mlops.auto_binning_woe_categorical | auto_woe_binning_categorical:822 | INFO | --------------------------------------------------
2026-06-20 21:47:41,217 | [None] | mlops.auto_binning_woe_categorical | auto_woe_binning_categorical:823 | INFO | Quality Check Results:
2026-06-20 21:47:41,217 | [None] | mlops.auto_binning_woe_categorical | auto_woe_binning_categorical:825 | INFO |   minBinPct: Is minimum pct of each bin > 0.05? -> False
2026-06-20 21:47:41,217 | [None] | mlops.auto_binning_woe_categorical | auto_woe_binning_categorical:825 | INFO |   goodBadExist: Do good and bad exist in every bin? -> True
2026-06-20 21:47:41,217 | [None] | mlops.auto_binning_woe_categorical | auto_woe_binning_categorical:825 | INFO |   badRateMonotonic: Is Bad Rate monotonic? -> True
2026-06-20 21:47:41,217 | [None] | mlops.auto_binning_woe_categorical | auto_woe_binning_categorical:825 | INFO |   woeMonotonic: Is WoE monotonic? -> True
2026-06-20 21:47:41,217 | [None] | mlops.auto_binning_woe_categorical | auto_woe_binning_categorical:825 | INFO |   binCount: Are bins between 2 and 6? -> False
2026-06-20 21:47:41,217 | [None] | mlops.auto_binning_woe_categorical | auto_woe_binning_categorical:825 | INFO |   ivReasonable: Is IV 0.303975 reasonable? (0.02 < IV < 0.50) -> True
2026-06-20 21:47:41,217 | [None] | mlops.auto_binning_woe_categorical | auto_woe_binning_categorical:826 | INFO | --------------------------------------------------
2026-06-20 21:47:41,217 | [None] | mlops.auto_binning_woe_categorical | auto_woe_binning_categorical:828 | INFO | Auto binning completed successfully for feature: 'repayment_status_apr_2005'
2026-06-20 21:47:41,217 | [None] | mlops.auto_binning_woe_categorical | auto_woe_binning_categorical:829 | INFO | ==================================================
2026-06-20 21:47:41,218 | [None] | mlops.auto_binning_woe_categorical | auto_woe_binning_categorical:409 | INFO | Starting categorical WoE auto binning. Feature:low_cardinality_numeric, Target:TARGET
2026-06-20 21:47:41,221 | [None] | mlops.auto_binning_woe_categorical | auto_woe_binning_categorical:463 | INFO | Missing rows dropped. Before=20100, After=20100, Dropped=0
2026-06-20 21:47:41,221 | [None] | mlops.auto_binning_woe_categorical | auto_woe_binning_categorical:466 | INFO | Target variable TARGET converted to integer type.
2026-06-20 21:47:41,222 | [None] | mlops.auto_binning_woe_categorical | auto_woe_binning_categorical:470 | INFO | Distinct categories found: ['10s', '1s', '2s', '3s', '4s', '5s', '6s', '7s', '8s', '9s']
2026-06-20 21:47:41,222 | [None] | mlops.auto_binning_woe_categorical | create_initial_category_groups:182 | INFO | Creating initial category groups. Category count=10
2026-06-20 21:47:41,222 | [None] | mlops.auto_binning_woe_categorical | create_initial_category_groups:188 | INFO | Initial category groups created:
2026-06-20 21:47:41,222 | [None] | mlops.auto_binning_woe_categorical | create_initial_category_groups:190 | INFO |   - Category: '10s' -> Group: 0
2026-06-20 21:47:41,222 | [None] | mlops.auto_binning_woe_categorical | create_initial_category_groups:190 | INFO |   - Category: '1s' -> Group: 1
2026-06-20 21:47:41,222 | [None] | mlops.auto_binning_woe_categorical | create_initial_category_groups:190 | INFO |   - Category: '2s' -> Group: 2
2026-06-20 21:47:41,222 | [None] | mlops.auto_binning_woe_categorical | create_initial_category_groups:190 | INFO |   - Category: '3s' -> Group: 3
2026-06-20 21:47:41,222 | [None] | mlops.auto_binning_woe_categorical | create_initial_category_groups:190 | INFO |   - Category: '4s' -> Group: 4
2026-06-20 21:47:41,222 | [None] | mlops.auto_binning_woe_categorical | create_initial_category_groups:190 | INFO |   - Category: '5s' -> Group: 5
2026-06-20 21:47:41,222 | [None] | mlops.auto_binning_woe_categorical | create_initial_category_groups:190 | INFO |   - Category: '6s' -> Group: 6
2026-06-20 21:47:41,222 | [None] | mlops.auto_binning_woe_categorical | create_initial_category_groups:190 | INFO |   - Category: '7s' -> Group: 7
2026-06-20 21:47:41,222 | [None] | mlops.auto_binning_woe_categorical | create_initial_category_groups:190 | INFO |   - Category: '8s' -> Group: 8
2026-06-20 21:47:41,223 | [None] | mlops.auto_binning_woe_categorical | create_initial_category_groups:190 | INFO |   - Category: '9s' -> Group: 9
2026-06-20 21:47:41,223 | [None] | mlops.auto_binning_woe_categorical | auto_woe_binning_categorical:491 | INFO | --- Iteration 1 ---
2026-06-20 21:47:41,223 | [None] | mlops.auto_binning_woe_categorical | assign_bins_from_category_groups:226 | INFO | Assigning observations to category groups. Group count=10
2026-06-20 21:47:41,224 | [None] | mlops.auto_binning_woe_categorical | assign_bins_from_category_groups:231 | INFO | Observations assigned to groups:
2026-06-20 21:47:41,224 | [None] | mlops.auto_binning_woe_categorical | assign_bins_from_category_groups:235 | INFO | 	Group 0: 1992 observations, Categories: ['10s']
2026-06-20 21:47:41,224 | [None] | mlops.auto_binning_woe_categorical | assign_bins_from_category_groups:235 | INFO | 	Group 1: 2011 observations, Categories: ['1s']
2026-06-20 21:47:41,224 | [None] | mlops.auto_binning_woe_categorical | assign_bins_from_category_groups:235 | INFO | 	Group 2: 1989 observations, Categories: ['2s']
2026-06-20 21:47:41,224 | [None] | mlops.auto_binning_woe_categorical | assign_bins_from_category_groups:235 | INFO | 	Group 3: 1986 observations, Categories: ['3s']
2026-06-20 21:47:41,225 | [None] | mlops.auto_binning_woe_categorical | assign_bins_from_category_groups:235 | INFO | 	Group 4: 1985 observations, Categories: ['4s']
2026-06-20 21:47:41,225 | [None] | mlops.auto_binning_woe_categorical | assign_bins_from_category_groups:235 | INFO | 	Group 5: 2042 observations, Categories: ['5s']
2026-06-20 21:47:41,225 | [None] | mlops.auto_binning_woe_categorical | assign_bins_from_category_groups:235 | INFO | 	Group 6: 2018 observations, Categories: ['6s']
2026-06-20 21:47:41,225 | [None] | mlops.auto_binning_woe_categorical | assign_bins_from_category_groups:235 | INFO | 	Group 7: 1998 observations, Categories: ['7s']
2026-06-20 21:47:41,225 | [None] | mlops.auto_binning_woe_categorical | assign_bins_from_category_groups:235 | INFO | 	Group 8: 2052 observations, Categories: ['8s']
2026-06-20 21:47:41,225 | [None] | mlops.auto_binning_woe_categorical | assign_bins_from_category_groups:235 | INFO | 	Group 9: 2027 observations, Categories: ['9s']
2026-06-20 21:47:41,225 | [None] | mlops.auto_binning_woe_categorical | auto_woe_binning_categorical:500 | INFO | STEP: 1 - Bins assigned based on current category groups.
2026-06-20 21:47:41,225 | [None] | mlops.auto_binning_woe_categorical | calculate_woe_iv_table_categorical:95 | INFO | Calculating WoE / IV table for categorical binning. bin_col='_bin'
2026-06-20 21:47:41,228 | [None] | mlops.auto_binning_woe_categorical | calculate_woe_iv_table_categorical:113 | INFO | Total good: 15654, Total bad: 4446
2026-06-20 21:47:41,229 | [None] | mlops.auto_binning_woe_categorical | calculate_woe_iv_table_categorical:145 | INFO | WoE / IV table calculated. Bin count=10, Total IV=0.000923
2026-06-20 21:47:41,229 | [None] | mlops.auto_binning_woe_categorical | auto_woe_binning_categorical:509 | INFO | STEP: 1 - WoE / IV summary table calculated.
2026-06-20 21:47:41,230 | [None] | mlops.auto_binning_woe_categorical | auto_woe_binning_categorical:513 | INFO | STEP: 1 - Summary table sorted by bad_rate.
2026-06-20 21:47:41,230 | [None] | mlops.auto_binning_woe_categorical | auto_woe_binning_categorical:518 | INFO | STEP: 1 - Current bin count=10, Current IV=0.000923
2026-06-20 21:47:41,231 | [None] | mlops.auto_binning_woe_categorical | auto_woe_binning_categorical:531 | INFO | STEP: 1 - RULES CHECK START
2026-06-20 21:47:41,233 | [None] | mlops.auto_binning_woe_categorical | auto_woe_binning_categorical:665 | INFO | Rule 5 triggered: reducing bin count.
2026-06-20 21:47:41,233 | [None] | mlops.auto_binning_woe_categorical | auto_woe_binning_categorical:666 | INFO | STEP: 1 - Merge pair=(8, 6)
2026-06-20 21:47:41,233 | [None] | mlops.auto_binning_woe_categorical | merge_category_groups:270 | INFO | Merging category groups. Merging group 6 into group 8
2026-06-20 21:47:41,233 | [None] | mlops.auto_binning_woe_categorical | merge_category_groups:286 | INFO | Groups merged and renumbered. New group count=9
2026-06-20 21:47:41,233 | [None] | mlops.auto_binning_woe_categorical | auto_woe_binning_categorical:673 | INFO | STEP: 1 - Category groups merged based on Rule 5.
2026-06-20 21:47:41,233 | [None] | mlops.auto_binning_woe_categorical | auto_woe_binning_categorical:491 | INFO | --- Iteration 2 ---
2026-06-20 21:47:41,233 | [None] | mlops.auto_binning_woe_categorical | assign_bins_from_category_groups:226 | INFO | Assigning observations to category groups. Group count=9
2026-06-20 21:47:41,234 | [None] | mlops.auto_binning_woe_categorical | assign_bins_from_category_groups:231 | INFO | Observations assigned to groups:
2026-06-20 21:47:41,235 | [None] | mlops.auto_binning_woe_categorical | assign_bins_from_category_groups:235 | INFO | 	Group 0: 1992 observations, Categories: ['10s']
2026-06-20 21:47:41,235 | [None] | mlops.auto_binning_woe_categorical | assign_bins_from_category_groups:235 | INFO | 	Group 1: 2011 observations, Categories: ['1s']
2026-06-20 21:47:41,235 | [None] | mlops.auto_binning_woe_categorical | assign_bins_from_category_groups:235 | INFO | 	Group 2: 1989 observations, Categories: ['2s']
2026-06-20 21:47:41,235 | [None] | mlops.auto_binning_woe_categorical | assign_bins_from_category_groups:235 | INFO | 	Group 3: 1986 observations, Categories: ['3s']
2026-06-20 21:47:41,235 | [None] | mlops.auto_binning_woe_categorical | assign_bins_from_category_groups:235 | INFO | 	Group 4: 1985 observations, Categories: ['4s']
2026-06-20 21:47:41,236 | [None] | mlops.auto_binning_woe_categorical | assign_bins_from_category_groups:235 | INFO | 	Group 5: 2042 observations, Categories: ['5s']
2026-06-20 21:47:41,236 | [None] | mlops.auto_binning_woe_categorical | assign_bins_from_category_groups:235 | INFO | 	Group 6: 1998 observations, Categories: ['7s']
2026-06-20 21:47:41,236 | [None] | mlops.auto_binning_woe_categorical | assign_bins_from_category_groups:235 | INFO | 	Group 7: 4070 observations, Categories: ['6s', '8s']
2026-06-20 21:47:41,236 | [None] | mlops.auto_binning_woe_categorical | assign_bins_from_category_groups:235 | INFO | 	Group 8: 2027 observations, Categories: ['9s']
2026-06-20 21:47:41,236 | [None] | mlops.auto_binning_woe_categorical | auto_woe_binning_categorical:500 | INFO | STEP: 2 - Bins assigned based on current category groups.
2026-06-20 21:47:41,236 | [None] | mlops.auto_binning_woe_categorical | calculate_woe_iv_table_categorical:95 | INFO | Calculating WoE / IV table for categorical binning. bin_col='_bin'
2026-06-20 21:47:41,238 | [None] | mlops.auto_binning_woe_categorical | calculate_woe_iv_table_categorical:113 | INFO | Total good: 15654, Total bad: 4446
2026-06-20 21:47:41,239 | [None] | mlops.auto_binning_woe_categorical | calculate_woe_iv_table_categorical:145 | INFO | WoE / IV table calculated. Bin count=9, Total IV=0.000924
2026-06-20 21:47:41,240 | [None] | mlops.auto_binning_woe_categorical | auto_woe_binning_categorical:509 | INFO | STEP: 2 - WoE / IV summary table calculated.
2026-06-20 21:47:41,240 | [None] | mlops.auto_binning_woe_categorical | auto_woe_binning_categorical:513 | INFO | STEP: 2 - Summary table sorted by bad_rate.
2026-06-20 21:47:41,240 | [None] | mlops.auto_binning_woe_categorical | auto_woe_binning_categorical:518 | INFO | STEP: 2 - Current bin count=9, Current IV=0.000924
2026-06-20 21:47:41,241 | [None] | mlops.auto_binning_woe_categorical | auto_woe_binning_categorical:531 | INFO | STEP: 2 - RULES CHECK START
2026-06-20 21:47:41,244 | [None] | mlops.auto_binning_woe_categorical | auto_woe_binning_categorical:665 | INFO | Rule 5 triggered: reducing bin count.
2026-06-20 21:47:41,244 | [None] | mlops.auto_binning_woe_categorical | auto_woe_binning_categorical:666 | INFO | STEP: 2 - Merge pair=(1, 3)
2026-06-20 21:47:41,244 | [None] | mlops.auto_binning_woe_categorical | merge_category_groups:270 | INFO | Merging category groups. Merging group 3 into group 1
2026-06-20 21:47:41,244 | [None] | mlops.auto_binning_woe_categorical | merge_category_groups:286 | INFO | Groups merged and renumbered. New group count=8
2026-06-20 21:47:41,244 | [None] | mlops.auto_binning_woe_categorical | auto_woe_binning_categorical:673 | INFO | STEP: 2 - Category groups merged based on Rule 5.
2026-06-20 21:47:41,244 | [None] | mlops.auto_binning_woe_categorical | auto_woe_binning_categorical:491 | INFO | --- Iteration 3 ---
2026-06-20 21:47:41,244 | [None] | mlops.auto_binning_woe_categorical | assign_bins_from_category_groups:226 | INFO | Assigning observations to category groups. Group count=8
2026-06-20 21:47:41,246 | [None] | mlops.auto_binning_woe_categorical | assign_bins_from_category_groups:231 | INFO | Observations assigned to groups:
2026-06-20 21:47:41,246 | [None] | mlops.auto_binning_woe_categorical | assign_bins_from_category_groups:235 | INFO | 	Group 0: 1992 observations, Categories: ['10s']
2026-06-20 21:47:41,246 | [None] | mlops.auto_binning_woe_categorical | assign_bins_from_category_groups:235 | INFO | 	Group 1: 3997 observations, Categories: ['1s', '3s']
2026-06-20 21:47:41,246 | [None] | mlops.auto_binning_woe_categorical | assign_bins_from_category_groups:235 | INFO | 	Group 2: 1989 observations, Categories: ['2s']
2026-06-20 21:47:41,246 | [None] | mlops.auto_binning_woe_categorical | assign_bins_from_category_groups:235 | INFO | 	Group 3: 1985 observations, Categories: ['4s']
2026-06-20 21:47:41,246 | [None] | mlops.auto_binning_woe_categorical | assign_bins_from_category_groups:235 | INFO | 	Group 4: 2042 observations, Categories: ['5s']
2026-06-20 21:47:41,246 | [None] | mlops.auto_binning_woe_categorical | assign_bins_from_category_groups:235 | INFO | 	Group 5: 1998 observations, Categories: ['7s']
2026-06-20 21:47:41,247 | [None] | mlops.auto_binning_woe_categorical | assign_bins_from_category_groups:235 | INFO | 	Group 6: 4070 observations, Categories: ['6s', '8s']
2026-06-20 21:47:41,247 | [None] | mlops.auto_binning_woe_categorical | assign_bins_from_category_groups:235 | INFO | 	Group 7: 2027 observations, Categories: ['9s']
2026-06-20 21:47:41,247 | [None] | mlops.auto_binning_woe_categorical | auto_woe_binning_categorical:500 | INFO | STEP: 3 - Bins assigned based on current category groups.
2026-06-20 21:47:41,247 | [None] | mlops.auto_binning_woe_categorical | calculate_woe_iv_table_categorical:95 | INFO | Calculating WoE / IV table for categorical binning. bin_col='_bin'
2026-06-20 21:47:41,249 | [None] | mlops.auto_binning_woe_categorical | calculate_woe_iv_table_categorical:113 | INFO | Total good: 15654, Total bad: 4446
2026-06-20 21:47:41,250 | [None] | mlops.auto_binning_woe_categorical | calculate_woe_iv_table_categorical:145 | INFO | WoE / IV table calculated. Bin count=8, Total IV=0.000923
2026-06-20 21:47:41,251 | [None] | mlops.auto_binning_woe_categorical | auto_woe_binning_categorical:509 | INFO | STEP: 3 - WoE / IV summary table calculated.
2026-06-20 21:47:41,251 | [None] | mlops.auto_binning_woe_categorical | auto_woe_binning_categorical:513 | INFO | STEP: 3 - Summary table sorted by bad_rate.
2026-06-20 21:47:41,251 | [None] | mlops.auto_binning_woe_categorical | auto_woe_binning_categorical:518 | INFO | STEP: 3 - Current bin count=8, Current IV=0.000923
2026-06-20 21:47:41,252 | [None] | mlops.auto_binning_woe_categorical | auto_woe_binning_categorical:531 | INFO | STEP: 3 - RULES CHECK START
2026-06-20 21:47:41,254 | [None] | mlops.auto_binning_woe_categorical | auto_woe_binning_categorical:665 | INFO | Rule 5 triggered: reducing bin count.
2026-06-20 21:47:41,254 | [None] | mlops.auto_binning_woe_categorical | auto_woe_binning_categorical:666 | INFO | STEP: 3 - Merge pair=(5, 3)
2026-06-20 21:47:41,254 | [None] | mlops.auto_binning_woe_categorical | merge_category_groups:270 | INFO | Merging category groups. Merging group 3 into group 5
2026-06-20 21:47:41,254 | [None] | mlops.auto_binning_woe_categorical | merge_category_groups:286 | INFO | Groups merged and renumbered. New group count=7
2026-06-20 21:47:41,254 | [None] | mlops.auto_binning_woe_categorical | auto_woe_binning_categorical:673 | INFO | STEP: 3 - Category groups merged based on Rule 5.
2026-06-20 21:47:41,254 | [None] | mlops.auto_binning_woe_categorical | auto_woe_binning_categorical:491 | INFO | --- Iteration 4 ---
2026-06-20 21:47:41,255 | [None] | mlops.auto_binning_woe_categorical | assign_bins_from_category_groups:226 | INFO | Assigning observations to category groups. Group count=7
2026-06-20 21:47:41,256 | [None] | mlops.auto_binning_woe_categorical | assign_bins_from_category_groups:231 | INFO | Observations assigned to groups:
2026-06-20 21:47:41,256 | [None] | mlops.auto_binning_woe_categorical | assign_bins_from_category_groups:235 | INFO | 	Group 0: 1992 observations, Categories: ['10s']
2026-06-20 21:47:41,256 | [None] | mlops.auto_binning_woe_categorical | assign_bins_from_category_groups:235 | INFO | 	Group 1: 3997 observations, Categories: ['1s', '3s']
2026-06-20 21:47:41,256 | [None] | mlops.auto_binning_woe_categorical | assign_bins_from_category_groups:235 | INFO | 	Group 2: 1989 observations, Categories: ['2s']
2026-06-20 21:47:41,256 | [None] | mlops.auto_binning_woe_categorical | assign_bins_from_category_groups:235 | INFO | 	Group 3: 2042 observations, Categories: ['5s']
2026-06-20 21:47:41,257 | [None] | mlops.auto_binning_woe_categorical | assign_bins_from_category_groups:235 | INFO | 	Group 4: 3983 observations, Categories: ['4s', '7s']
2026-06-20 21:47:41,257 | [None] | mlops.auto_binning_woe_categorical | assign_bins_from_category_groups:235 | INFO | 	Group 5: 4070 observations, Categories: ['6s', '8s']
2026-06-20 21:47:41,257 | [None] | mlops.auto_binning_woe_categorical | assign_bins_from_category_groups:235 | INFO | 	Group 6: 2027 observations, Categories: ['9s']
2026-06-20 21:47:41,257 | [None] | mlops.auto_binning_woe_categorical | auto_woe_binning_categorical:500 | INFO | STEP: 4 - Bins assigned based on current category groups.
2026-06-20 21:47:41,257 | [None] | mlops.auto_binning_woe_categorical | calculate_woe_iv_table_categorical:95 | INFO | Calculating WoE / IV table for categorical binning. bin_col='_bin'
2026-06-20 21:47:41,259 | [None] | mlops.auto_binning_woe_categorical | calculate_woe_iv_table_categorical:113 | INFO | Total good: 15654, Total bad: 4446
2026-06-20 21:47:41,261 | [None] | mlops.auto_binning_woe_categorical | calculate_woe_iv_table_categorical:145 | INFO | WoE / IV table calculated. Bin count=7, Total IV=0.000925
2026-06-20 21:47:41,261 | [None] | mlops.auto_binning_woe_categorical | auto_woe_binning_categorical:509 | INFO | STEP: 4 - WoE / IV summary table calculated.
2026-06-20 21:47:41,261 | [None] | mlops.auto_binning_woe_categorical | auto_woe_binning_categorical:513 | INFO | STEP: 4 - Summary table sorted by bad_rate.
2026-06-20 21:47:41,262 | [None] | mlops.auto_binning_woe_categorical | auto_woe_binning_categorical:518 | INFO | STEP: 4 - Current bin count=7, Current IV=0.000925
2026-06-20 21:47:41,262 | [None] | mlops.auto_binning_woe_categorical | auto_woe_binning_categorical:531 | INFO | STEP: 4 - RULES CHECK START
2026-06-20 21:47:41,264 | [None] | mlops.auto_binning_woe_categorical | auto_woe_binning_categorical:665 | INFO | Rule 5 triggered: reducing bin count.
2026-06-20 21:47:41,264 | [None] | mlops.auto_binning_woe_categorical | auto_woe_binning_categorical:666 | INFO | STEP: 4 - Merge pair=(2, 1)
2026-06-20 21:47:41,264 | [None] | mlops.auto_binning_woe_categorical | merge_category_groups:270 | INFO | Merging category groups. Merging group 1 into group 2
2026-06-20 21:47:41,264 | [None] | mlops.auto_binning_woe_categorical | merge_category_groups:286 | INFO | Groups merged and renumbered. New group count=6
2026-06-20 21:47:41,264 | [None] | mlops.auto_binning_woe_categorical | auto_woe_binning_categorical:673 | INFO | STEP: 4 - Category groups merged based on Rule 5.
2026-06-20 21:47:41,265 | [None] | mlops.auto_binning_woe_categorical | auto_woe_binning_categorical:491 | INFO | --- Iteration 5 ---
2026-06-20 21:47:41,265 | [None] | mlops.auto_binning_woe_categorical | assign_bins_from_category_groups:226 | INFO | Assigning observations to category groups. Group count=6
2026-06-20 21:47:41,266 | [None] | mlops.auto_binning_woe_categorical | assign_bins_from_category_groups:231 | INFO | Observations assigned to groups:
2026-06-20 21:47:41,266 | [None] | mlops.auto_binning_woe_categorical | assign_bins_from_category_groups:235 | INFO | 	Group 0: 1992 observations, Categories: ['10s']
2026-06-20 21:47:41,266 | [None] | mlops.auto_binning_woe_categorical | assign_bins_from_category_groups:235 | INFO | 	Group 1: 5986 observations, Categories: ['1s', '2s', '3s']
2026-06-20 21:47:41,267 | [None] | mlops.auto_binning_woe_categorical | assign_bins_from_category_groups:235 | INFO | 	Group 2: 2042 observations, Categories: ['5s']
2026-06-20 21:47:41,267 | [None] | mlops.auto_binning_woe_categorical | assign_bins_from_category_groups:235 | INFO | 	Group 3: 3983 observations, Categories: ['4s', '7s']
2026-06-20 21:47:41,267 | [None] | mlops.auto_binning_woe_categorical | assign_bins_from_category_groups:235 | INFO | 	Group 4: 4070 observations, Categories: ['6s', '8s']
2026-06-20 21:47:41,267 | [None] | mlops.auto_binning_woe_categorical | assign_bins_from_category_groups:235 | INFO | 	Group 5: 2027 observations, Categories: ['9s']
2026-06-20 21:47:41,267 | [None] | mlops.auto_binning_woe_categorical | auto_woe_binning_categorical:500 | INFO | STEP: 5 - Bins assigned based on current category groups.
2026-06-20 21:47:41,267 | [None] | mlops.auto_binning_woe_categorical | calculate_woe_iv_table_categorical:95 | INFO | Calculating WoE / IV table for categorical binning. bin_col='_bin'
2026-06-20 21:47:41,269 | [None] | mlops.auto_binning_woe_categorical | calculate_woe_iv_table_categorical:113 | INFO | Total good: 15654, Total bad: 4446
2026-06-20 21:47:41,271 | [None] | mlops.auto_binning_woe_categorical | calculate_woe_iv_table_categorical:145 | INFO | WoE / IV table calculated. Bin count=6, Total IV=0.000919
2026-06-20 21:47:41,271 | [None] | mlops.auto_binning_woe_categorical | auto_woe_binning_categorical:509 | INFO | STEP: 5 - WoE / IV summary table calculated.
2026-06-20 21:47:41,271 | [None] | mlops.auto_binning_woe_categorical | auto_woe_binning_categorical:513 | INFO | STEP: 5 - Summary table sorted by bad_rate.
2026-06-20 21:47:41,271 | [None] | mlops.auto_binning_woe_categorical | auto_woe_binning_categorical:518 | INFO | STEP: 5 - Current bin count=6, Current IV=0.000919
2026-06-20 21:47:41,272 | [None] | mlops.auto_binning_woe_categorical | auto_woe_binning_categorical:531 | INFO | STEP: 5 - RULES CHECK START
2026-06-20 21:47:41,273 | [None] | mlops.auto_binning_woe_categorical | auto_woe_binning_categorical:681 | INFO | No more merge required. Stopping at iteration=5
2026-06-20 21:47:41,273 | [None] | mlops.auto_binning_woe_categorical | auto_woe_binning_categorical:689 | INFO | Iterative merging process completed after 5 iterations.
2026-06-20 21:47:41,273 | [None] | mlops.auto_binning_woe_categorical | auto_woe_binning_categorical:690 | INFO | ----FINAL BINNING RESULTS----
2026-06-20 21:47:41,273 | [None] | mlops.auto_binning_woe_categorical | assign_bins_from_category_groups:226 | INFO | Assigning observations to category groups. Group count=6
2026-06-20 21:47:41,274 | [None] | mlops.auto_binning_woe_categorical | assign_bins_from_category_groups:231 | INFO | Observations assigned to groups:
2026-06-20 21:47:41,274 | [None] | mlops.auto_binning_woe_categorical | assign_bins_from_category_groups:235 | INFO | 	Group 0: 1992 observations, Categories: ['10s']
2026-06-20 21:47:41,274 | [None] | mlops.auto_binning_woe_categorical | assign_bins_from_category_groups:235 | INFO | 	Group 1: 5986 observations, Categories: ['1s', '2s', '3s']
2026-06-20 21:47:41,275 | [None] | mlops.auto_binning_woe_categorical | assign_bins_from_category_groups:235 | INFO | 	Group 2: 2042 observations, Categories: ['5s']
2026-06-20 21:47:41,275 | [None] | mlops.auto_binning_woe_categorical | assign_bins_from_category_groups:235 | INFO | 	Group 3: 3983 observations, Categories: ['4s', '7s']
2026-06-20 21:47:41,275 | [None] | mlops.auto_binning_woe_categorical | assign_bins_from_category_groups:235 | INFO | 	Group 4: 4070 observations, Categories: ['6s', '8s']
2026-06-20 21:47:41,275 | [None] | mlops.auto_binning_woe_categorical | assign_bins_from_category_groups:235 | INFO | 	Group 5: 2027 observations, Categories: ['9s']
2026-06-20 21:47:41,275 | [None] | mlops.auto_binning_woe_categorical | calculate_woe_iv_table_categorical:95 | INFO | Calculating WoE / IV table for categorical binning. bin_col='_bin'
2026-06-20 21:47:41,277 | [None] | mlops.auto_binning_woe_categorical | calculate_woe_iv_table_categorical:113 | INFO | Total good: 15654, Total bad: 4446
2026-06-20 21:47:41,279 | [None] | mlops.auto_binning_woe_categorical | calculate_woe_iv_table_categorical:145 | INFO | WoE / IV table calculated. Bin count=6, Total IV=0.000919
2026-06-20 21:47:41,281 | [None] | mlops.auto_binning_woe_categorical | auto_woe_binning_categorical:753 | WARNING | Final status: REVIEW_WEAK_VARIABLE (IV=0.000919 < 0.02)
2026-06-20 21:47:41,281 | [None] | mlops.auto_binning_woe_categorical | auto_woe_binning_categorical:764 | INFO | Feature: low_cardinality_numeric, Final bins=6, Total IV=0.000919, Status=REVIEW_WEAK_VARIABLE
2026-06-20 21:47:41,281 | [None] | mlops.auto_binning_woe_categorical | auto_woe_binning_categorical:766 | INFO | Values to Group mapping:
2026-06-20 21:47:41,282 | [None] | mlops.auto_binning_woe_categorical | auto_woe_binning_categorical:768 | INFO |   - low_cardinality_numeric_grp0: ['10s']
2026-06-20 21:47:41,282 | [None] | mlops.auto_binning_woe_categorical | auto_woe_binning_categorical:768 | INFO |   - low_cardinality_numeric_grp1: ['1s', '2s', '3s']
2026-06-20 21:47:41,282 | [None] | mlops.auto_binning_woe_categorical | auto_woe_binning_categorical:768 | INFO |   - low_cardinality_numeric_grp3: ['4s', '7s']
2026-06-20 21:47:41,282 | [None] | mlops.auto_binning_woe_categorical | auto_woe_binning_categorical:768 | INFO |   - low_cardinality_numeric_grp2: ['5s']
2026-06-20 21:47:41,282 | [None] | mlops.auto_binning_woe_categorical | auto_woe_binning_categorical:768 | INFO |   - low_cardinality_numeric_grp4: ['6s', '8s']
2026-06-20 21:47:41,282 | [None] | mlops.auto_binning_woe_categorical | auto_woe_binning_categorical:768 | INFO |   - low_cardinality_numeric_grp5: ['9s']
2026-06-20 21:47:41,284 | [None] | mlops.auto_binning_woe_categorical | auto_woe_binning_categorical:788 | INFO | Auto binning result saved to ./outputs/auto_binning_woe/low_cardinality_numeric/final_auto_binning_woe.json
2026-06-20 21:47:41,285 | [None] | mlops.auto_binning_woe_categorical | auto_woe_binning_categorical:792 | INFO | Final WOE table saved to ./outputs/auto_binning_woe/low_cardinality_numeric/final_woe_table.csv
2026-06-20 21:47:41,285 | [None] | mlops.auto_binning_woe_categorical | auto_woe_binning_categorical:795 | INFO | ==================================================
2026-06-20 21:47:41,285 | [None] | mlops.auto_binning_woe_categorical | auto_woe_binning_categorical:796 | INFO | INITIALIZE PARAMETERS
2026-06-20 21:47:41,285 | [None] | mlops.auto_binning_woe_categorical | auto_woe_binning_categorical:797 | INFO | Feature:..................... low_cardinality_numeric
2026-06-20 21:47:41,285 | [None] | mlops.auto_binning_woe_categorical | auto_woe_binning_categorical:798 | INFO | Target:...................... TARGET
2026-06-20 21:47:41,285 | [None] | mlops.auto_binning_woe_categorical | auto_woe_binning_categorical:799 | INFO | Minimum Bin Percentage:...... 0.05
2026-06-20 21:47:41,285 | [None] | mlops.auto_binning_woe_categorical | auto_woe_binning_categorical:800 | INFO | Maximum Final Bins:.......... 6
2026-06-20 21:47:41,285 | [None] | mlops.auto_binning_woe_categorical | auto_woe_binning_categorical:801 | INFO | Minimum Final Bins:.......... 2
2026-06-20 21:47:41,286 | [None] | mlops.auto_binning_woe_categorical | auto_woe_binning_categorical:802 | INFO | Minimum IV:.................. 0.02
2026-06-20 21:47:41,286 | [None] | mlops.auto_binning_woe_categorical | auto_woe_binning_categorical:803 | INFO | Maximum IV:.................. 0.5
2026-06-20 21:47:41,286 | [None] | mlops.auto_binning_woe_categorical | auto_woe_binning_categorical:804 | INFO | Maximum Iterations:.......... 20
2026-06-20 21:47:41,286 | [None] | mlops.auto_binning_woe_categorical | auto_woe_binning_categorical:805 | INFO | ==================================================
2026-06-20 21:47:41,286 | [None] | mlops.auto_binning_woe_categorical | auto_woe_binning_categorical:807 | INFO | ==================================================
2026-06-20 21:47:41,286 | [None] | mlops.auto_binning_woe_categorical | auto_woe_binning_categorical:808 | INFO | AUTO BINNING RESULTS
2026-06-20 21:47:41,286 | [None] | mlops.auto_binning_woe_categorical | auto_woe_binning_categorical:809 | INFO | Stopping Iteration:............... 5
2026-06-20 21:47:41,286 | [None] | mlops.auto_binning_woe_categorical | auto_woe_binning_categorical:810 | INFO | Feature Name:..................... low_cardinality_numeric
2026-06-20 21:47:41,286 | [None] | mlops.auto_binning_woe_categorical | auto_woe_binning_categorical:811 | INFO | Final Bin Count:.................. 6
2026-06-20 21:47:41,286 | [None] | mlops.auto_binning_woe_categorical | auto_woe_binning_categorical:812 | INFO | Total Information Value (IV):..... 0.000919
2026-06-20 21:47:41,286 | [None] | mlops.auto_binning_woe_categorical | auto_woe_binning_categorical:813 | INFO | IV Interpretation:................ Not Predictive
2026-06-20 21:47:41,286 | [None] | mlops.auto_binning_woe_categorical | auto_woe_binning_categorical:814 | INFO | Binning Status:................... REVIEW_WEAK_VARIABLE
2026-06-20 21:47:41,286 | [None] | mlops.auto_binning_woe_categorical | auto_woe_binning_categorical:815 | INFO | --------------------------------------------------
2026-06-20 21:47:41,286 | [None] | mlops.auto_binning_woe_categorical | auto_woe_binning_categorical:816 | INFO | WoE Summary Table:
2026-06-20 21:47:41,287 | [None] | mlops.auto_binning_woe_categorical | auto_woe_binning_categorical:817 | INFO | 
                        _bin  total  good  bad  bad_rate  bin_pct  good_dist  bad_dist  good_dist_minus_bad_dist  odds_ratio       woe  woe_display       iv
low_cardinality_numeric_grp3   3983  3127  856  0.214913 0.198159   0.199751  0.192515                  0.007236    1.037585  0.036896     3.689618 0.000267
low_cardinality_numeric_grp0   1992  1559  433  0.217369 0.099104   0.099604  0.097438                  0.002166    1.022234  0.021990     2.198999 0.000048
low_cardinality_numeric_grp4   4070  3177  893  0.219410 0.202488   0.202944  0.200832                  0.002113    1.010520  0.010465     1.046492 0.000022
low_cardinality_numeric_grp1   5986  4655 1331  0.222352 0.297811   0.297343  0.299281                 -0.001938    0.993525 -0.006496    -0.649556 0.000013
low_cardinality_numeric_grp5   2027  1571  456  0.224963 0.100846   0.100370  0.102607                 -0.002237    0.978200 -0.022042    -2.204159 0.000049
low_cardinality_numeric_grp2   2042  1565  477  0.233595 0.101592   0.099987  0.107327                 -0.007340    0.931609 -0.070842    -7.084237 0.000520

2026-06-20 21:47:41,288 | [None] | mlops.auto_binning_woe_categorical | auto_woe_binning_categorical:818 | INFO | --------------------------------------------------
2026-06-20 21:47:41,288 | [None] | mlops.auto_binning_woe_categorical | auto_woe_binning_categorical:819 | INFO | Values to Group:
2026-06-20 21:47:41,288 | [None] | mlops.auto_binning_woe_categorical | auto_woe_binning_categorical:821 | INFO |   low_cardinality_numeric_grp0: ['10s']
2026-06-20 21:47:41,288 | [None] | mlops.auto_binning_woe_categorical | auto_woe_binning_categorical:821 | INFO |   low_cardinality_numeric_grp1: ['1s', '2s', '3s']
2026-06-20 21:47:41,288 | [None] | mlops.auto_binning_woe_categorical | auto_woe_binning_categorical:821 | INFO |   low_cardinality_numeric_grp3: ['4s', '7s']
2026-06-20 21:47:41,288 | [None] | mlops.auto_binning_woe_categorical | auto_woe_binning_categorical:821 | INFO |   low_cardinality_numeric_grp2: ['5s']
2026-06-20 21:47:41,288 | [None] | mlops.auto_binning_woe_categorical | auto_woe_binning_categorical:821 | INFO |   low_cardinality_numeric_grp4: ['6s', '8s']
2026-06-20 21:47:41,288 | [None] | mlops.auto_binning_woe_categorical | auto_woe_binning_categorical:821 | INFO |   low_cardinality_numeric_grp5: ['9s']
2026-06-20 21:47:41,288 | [None] | mlops.auto_binning_woe_categorical | auto_woe_binning_categorical:822 | INFO | --------------------------------------------------
2026-06-20 21:47:41,288 | [None] | mlops.auto_binning_woe_categorical | auto_woe_binning_categorical:823 | INFO | Quality Check Results:
2026-06-20 21:47:41,288 | [None] | mlops.auto_binning_woe_categorical | auto_woe_binning_categorical:825 | INFO |   minBinPct: Is minimum pct of each bin > 0.05? -> True
2026-06-20 21:47:41,288 | [None] | mlops.auto_binning_woe_categorical | auto_woe_binning_categorical:825 | INFO |   goodBadExist: Do good and bad exist in every bin? -> True
2026-06-20 21:47:41,288 | [None] | mlops.auto_binning_woe_categorical | auto_woe_binning_categorical:825 | INFO |   badRateMonotonic: Is Bad Rate monotonic? -> True
2026-06-20 21:47:41,288 | [None] | mlops.auto_binning_woe_categorical | auto_woe_binning_categorical:825 | INFO |   woeMonotonic: Is WoE monotonic? -> True
2026-06-20 21:47:41,288 | [None] | mlops.auto_binning_woe_categorical | auto_woe_binning_categorical:825 | INFO |   binCount: Are bins between 2 and 6? -> True
2026-06-20 21:47:41,289 | [None] | mlops.auto_binning_woe_categorical | auto_woe_binning_categorical:825 | INFO |   ivReasonable: Is IV 0.000919 reasonable? (0.02 < IV < 0.50) -> False
2026-06-20 21:47:41,289 | [None] | mlops.auto_binning_woe_categorical | auto_woe_binning_categorical:826 | INFO | --------------------------------------------------
2026-06-20 21:47:41,289 | [None] | mlops.auto_binning_woe_categorical | auto_woe_binning_categorical:828 | INFO | Auto binning completed successfully for feature: 'low_cardinality_numeric'
2026-06-20 21:47:41,289 | [None] | mlops.auto_binning_woe_categorical | auto_woe_binning_categorical:829 | INFO | ==================================================
