2026-06-23 16:24:37,195 | [None] | mlops.auto_binning_woe_numeric | auto_woe_binning_numeric:1206 | INFO | Starting numeric WoE auto binning. Feature:credit_limit, Target:TARGET
2026-06-23 16:24:37,197 | [None] | mlops.auto_binning_woe_numeric | auto_woe_binning_numeric:1275 | INFO | Missing rows dropped. Before=8892, After=8892, Dropped=0
2026-06-23 16:24:37,197 | [None] | mlops.auto_binning_woe_numeric | auto_woe_binning_numeric:1276 | INFO | MISSING bin will be computed from 0 null observations.
2026-06-23 16:24:37,198 | [None] | mlops.auto_binning_woe_numeric | auto_woe_binning_numeric:1279 | INFO | Target variable TARGET converted to integer type.
2026-06-23 16:24:37,201 | [None] | mlops.auto_binning_woe_numeric | auto_woe_binning_numeric:1287 | INFO | Initial bins created.
2026-06-23 16:24:37,202 | [None] | mlops.auto_binning_woe_numeric | auto_woe_binning_numeric:1290 | INFO | Initial intervals created.
2026-06-23 16:24:37,202 | [None] | mlops.auto_binning_woe_numeric | auto_woe_binning_numeric:1298 | INFO | --- Iteration 1 ---
2026-06-23 16:24:37,408 | [None] | mlops.auto_binning_woe_numeric | calculate_woe_iv_table:343 | INFO | WoE / IV table calculated. Bin count=18, Total IV=0.209289
2026-06-23 16:24:37,413 | [None] | mlops.auto_binning_woe_numeric | merge_intervals:607 | INFO | Merge Completed - REMOVED ITEM: 60000.0
2026-06-23 16:24:37,414 | [None] | mlops.auto_binning_woe_numeric | auto_woe_binning_numeric:1298 | INFO | --- Iteration 2 ---
2026-06-23 16:24:37,612 | [None] | mlops.auto_binning_woe_numeric | calculate_woe_iv_table:343 | INFO | WoE / IV table calculated. Bin count=17, Total IV=0.209190
2026-06-23 16:24:37,617 | [None] | mlops.auto_binning_woe_numeric | merge_intervals:607 | INFO | Merge Completed - REMOVED ITEM: 200000.0
2026-06-23 16:24:37,617 | [None] | mlops.auto_binning_woe_numeric | auto_woe_binning_numeric:1298 | INFO | --- Iteration 3 ---
2026-06-23 16:24:37,809 | [None] | mlops.auto_binning_woe_numeric | calculate_woe_iv_table:343 | INFO | WoE / IV table calculated. Bin count=16, Total IV=0.209192
2026-06-23 16:24:37,814 | [None] | mlops.auto_binning_woe_numeric | merge_intervals:607 | INFO | Merge Completed - REMOVED ITEM: 100000.0
2026-06-23 16:24:37,814 | [None] | mlops.auto_binning_woe_numeric | auto_woe_binning_numeric:1298 | INFO | --- Iteration 4 ---
2026-06-23 16:24:38,002 | [None] | mlops.auto_binning_woe_numeric | calculate_woe_iv_table:343 | INFO | WoE / IV table calculated. Bin count=15, Total IV=0.208809
2026-06-23 16:24:38,007 | [None] | mlops.auto_binning_woe_numeric | merge_intervals:607 | INFO | Merge Completed - REMOVED ITEM: 290000.0
2026-06-23 16:24:38,007 | [None] | mlops.auto_binning_woe_numeric | auto_woe_binning_numeric:1298 | INFO | --- Iteration 5 ---
2026-06-23 16:24:38,190 | [None] | mlops.auto_binning_woe_numeric | calculate_woe_iv_table:343 | INFO | WoE / IV table calculated. Bin count=14, Total IV=0.208855
2026-06-23 16:24:38,195 | [None] | mlops.auto_binning_woe_numeric | merge_intervals:607 | INFO | Merge Completed - REMOVED ITEM: 160000.0
2026-06-23 16:24:38,195 | [None] | mlops.auto_binning_woe_numeric | auto_woe_binning_numeric:1298 | INFO | --- Iteration 6 ---
2026-06-23 16:24:38,376 | [None] | mlops.auto_binning_woe_numeric | calculate_woe_iv_table:343 | INFO | WoE / IV table calculated. Bin count=13, Total IV=0.208110
2026-06-23 16:24:38,380 | [None] | mlops.auto_binning_woe_numeric | merge_intervals:607 | INFO | Merge Completed - REMOVED ITEM: 420000.0
2026-06-23 16:24:38,380 | [None] | mlops.auto_binning_woe_numeric | auto_woe_binning_numeric:1298 | INFO | --- Iteration 7 ---
2026-06-23 16:24:38,548 | [None] | mlops.auto_binning_woe_numeric | calculate_woe_iv_table:343 | INFO | WoE / IV table calculated. Bin count=12, Total IV=0.208104
2026-06-23 16:24:38,553 | [None] | mlops.auto_binning_woe_numeric | merge_intervals:607 | INFO | Merge Completed - REMOVED ITEM: 50000.0
2026-06-23 16:24:38,553 | [None] | mlops.auto_binning_woe_numeric | auto_woe_binning_numeric:1298 | INFO | --- Iteration 8 ---
2026-06-23 16:24:38,718 | [None] | mlops.auto_binning_woe_numeric | calculate_woe_iv_table:343 | INFO | WoE / IV table calculated. Bin count=11, Total IV=0.208126
2026-06-23 16:24:38,723 | [None] | mlops.auto_binning_woe_numeric | merge_intervals:607 | INFO | Merge Completed - REMOVED ITEM: 20000.0
2026-06-23 16:24:38,723 | [None] | mlops.auto_binning_woe_numeric | auto_woe_binning_numeric:1298 | INFO | --- Iteration 9 ---
2026-06-23 16:24:38,886 | [None] | mlops.auto_binning_woe_numeric | calculate_woe_iv_table:343 | INFO | WoE / IV table calculated. Bin count=10, Total IV=0.208096
2026-06-23 16:24:38,891 | [None] | mlops.auto_binning_woe_numeric | merge_intervals:607 | INFO | Merge Completed - REMOVED ITEM: 180000.0
2026-06-23 16:24:38,893 | [None] | mlops.auto_binning_woe_numeric | auto_woe_binning_numeric:1298 | INFO | --- Iteration 10 ---
2026-06-23 16:24:39,049 | [None] | mlops.auto_binning_woe_numeric | calculate_woe_iv_table:343 | INFO | WoE / IV table calculated. Bin count=9, Total IV=0.206998
2026-06-23 16:24:39,054 | [None] | mlops.auto_binning_woe_numeric | merge_intervals:607 | INFO | Merge Completed - REMOVED ITEM: 80000.0
2026-06-23 16:24:39,054 | [None] | mlops.auto_binning_woe_numeric | auto_woe_binning_numeric:1298 | INFO | --- Iteration 11 ---
2026-06-23 16:24:39,206 | [None] | mlops.auto_binning_woe_numeric | calculate_woe_iv_table:343 | INFO | WoE / IV table calculated. Bin count=8, Total IV=0.205473
2026-06-23 16:24:39,210 | [None] | mlops.auto_binning_woe_numeric | auto_woe_binning_numeric:1492 | INFO | No more merge required. Stopping at iteration=11
2026-06-23 16:24:39,211 | [None] | mlops.auto_binning_woe_numeric | auto_woe_binning_numeric:1502 | INFO | Iterative merging process completed after 11 iterations.
2026-06-23 16:24:39,211 | [None] | mlops.auto_binning_woe_numeric | auto_woe_binning_numeric:1503 | INFO | ----FINAL BINNINGS RESULTS----
2026-06-23 16:24:39,357 | [None] | mlops.auto_binning_woe_numeric | calculate_woe_iv_table:343 | INFO | WoE / IV table calculated. Bin count=8, Total IV=0.205473
2026-06-23 16:24:39,360 | [None] | mlops.auto_binning_woe_numeric | auto_woe_binning_numeric:1555 | INFO | No null observations found. MISSING bin not added.
2026-06-23 16:24:39,361 | [None] | mlops.auto_binning_woe_numeric | auto_woe_binning_numeric:1580 | INFO | Final binning quality checks completed. Assigned status: PASS with all checks passed.
2026-06-23 16:24:39,361 | [None] | mlops.auto_binning_woe_numeric | auto_woe_binning_numeric:1586 | INFO | Feature: credit_limit, Final bins=8, Total IV=0.205473, Status=PASS
2026-06-23 16:24:39,369 | [None] | mlops.auto_binning_woe_numeric | auto_woe_binning_numeric:1613 | INFO | Auto binning result saved to ./outputs/auto_binning_woe/credit_limit/final_auto_binning_woe.json
2026-06-23 16:24:39,372 | [None] | mlops.auto_binning_woe_numeric | auto_woe_binning_numeric:1618 | INFO | Final WOE table saved to ./outputs/auto_binning_woe/credit_limit/final_woe_table.csv
2026-06-23 16:24:39,372 | [None] | mlops.auto_binning_woe_numeric | auto_woe_binning_numeric:1621 | INFO | ==================================================
2026-06-23 16:24:39,372 | [None] | mlops.auto_binning_woe_numeric | auto_woe_binning_numeric:1622 | INFO | INITIALIZE PARAMETERS
2026-06-23 16:24:39,372 | [None] | mlops.auto_binning_woe_numeric | auto_woe_binning_numeric:1623 | INFO | Feature:..................... credit_limit
2026-06-23 16:24:39,372 | [None] | mlops.auto_binning_woe_numeric | auto_woe_binning_numeric:1624 | INFO | Target:...................... TARGET
2026-06-23 16:24:39,372 | [None] | mlops.auto_binning_woe_numeric | auto_woe_binning_numeric:1625 | INFO | Initial Bins:................ 20
2026-06-23 16:24:39,372 | [None] | mlops.auto_binning_woe_numeric | auto_woe_binning_numeric:1626 | INFO | Minimum Bin Percentage:...... 0.05
2026-06-23 16:24:39,372 | [None] | mlops.auto_binning_woe_numeric | auto_woe_binning_numeric:1627 | INFO | Maximum Final Bins:.......... 10
2026-06-23 16:24:39,373 | [None] | mlops.auto_binning_woe_numeric | auto_woe_binning_numeric:1628 | INFO | Minimum IV:.................. 0.02
2026-06-23 16:24:39,373 | [None] | mlops.auto_binning_woe_numeric | auto_woe_binning_numeric:1629 | INFO | Maximum IV:.................. 0.5
2026-06-23 16:24:39,373 | [None] | mlops.auto_binning_woe_numeric | auto_woe_binning_numeric:1630 | INFO | Maximum Iterations:.......... 25
2026-06-23 16:24:39,373 | [None] | mlops.auto_binning_woe_numeric | auto_woe_binning_numeric:1631 | INFO | ==================================================
2026-06-23 16:24:39,373 | [None] | mlops.auto_binning_woe_numeric | auto_woe_binning_numeric:1650 | INFO | ==================================================
2026-06-23 16:24:39,373 | [None] | mlops.auto_binning_woe_numeric | auto_woe_binning_numeric:1651 | INFO | AUTO BINNING RESULTS
2026-06-23 16:24:39,373 | [None] | mlops.auto_binning_woe_numeric | auto_woe_binning_numeric:1652 | INFO | Stopping Iteration:............... 11
2026-06-23 16:24:39,373 | [None] | mlops.auto_binning_woe_numeric | auto_woe_binning_numeric:1653 | INFO | Feature Name:..................... credit_limit
2026-06-23 16:24:39,373 | [None] | mlops.auto_binning_woe_numeric | auto_woe_binning_numeric:1654 | INFO | Final Bin Count:.................. 8
2026-06-23 16:24:39,373 | [None] | mlops.auto_binning_woe_numeric | auto_woe_binning_numeric:1655 | INFO | Total Information Value (IV):..... 0.205473
2026-06-23 16:24:39,373 | [None] | mlops.auto_binning_woe_numeric | auto_woe_binning_numeric:1656 | INFO | IV Interpretation:................ Medium Predictive Power
2026-06-23 16:24:39,373 | [None] | mlops.auto_binning_woe_numeric | auto_woe_binning_numeric:1657 | INFO | Binning Status:................... PASS
2026-06-23 16:24:39,373 | [None] | mlops.auto_binning_woe_numeric | auto_woe_binning_numeric:1658 | INFO | --------------------------------------------------
2026-06-23 16:24:39,374 | [None] | mlops.auto_binning_woe_numeric | auto_woe_binning_numeric:1659 | INFO | WoE Summary Table:
2026-06-23 16:24:39,375 | [None] | mlops.auto_binning_woe_numeric | auto_woe_binning_numeric:1660 | INFO | 
                _bin    human_readable_bin  total  good  bad  bad_rate  bin_pct  good_dist  bad_dist  good_dist_minus_bad_dist  odds_ratio       woe  woe_display       iv
 (9999.999, 30000.0]   from_10000_to_30000   1484   473 1011  0.681267 0.166892   0.106404  0.227303                 -0.120899    0.468117 -0.759038   -75.903774 0.091767
  (30000.0, 70000.0]   from_30000_to_70000   1656   722  934  0.564010 0.186235   0.162360  0.210000                 -0.047640    0.773141 -0.257294   -25.729421 0.012258
 (70000.0, 120000.0]  from_70000_to_120000   1358   623  735  0.541237 0.152722   0.140112  0.165281                 -0.025169    0.847723 -0.165202   -16.520177 0.004158
(120000.0, 140000.0] from_120000_to_140000    458   234  224  0.489083 0.051507   0.052697  0.050449                  0.002247    1.044543  0.043580     4.357988 0.000098
(140000.0, 220000.0] from_140000_to_220000   1765  1002  763  0.432295 0.198493   0.225281  0.171573                  0.053708    1.313032  0.272339    27.233903 0.014627
(220000.0, 250000.0] from_220000_to_250000    466   289  177  0.379828 0.052407   0.065056  0.039888                  0.025169    1.630986  0.489185    48.918469 0.012312
(250000.0, 350000.0] from_250000_to_350000    842   524  318  0.377672 0.094692   0.117865  0.071573                  0.046292    1.646782  0.498823    49.882295 0.023092
(350000.0, 500000.0] from_350000_to_500000    863   579  284  0.329085 0.097054   0.130225  0.063933                  0.066292    2.036907  0.711432    71.143241 0.047162

2026-06-23 16:24:39,375 | [None] | mlops.auto_binning_woe_numeric | auto_woe_binning_numeric:1661 | INFO | --------------------------------------------------
2026-06-23 16:24:39,375 | [None] | mlops.auto_binning_woe_numeric | auto_woe_binning_numeric:1662 | INFO | --------------------------------------------------
2026-06-23 16:24:39,375 | [None] | mlops.auto_binning_woe_numeric | auto_woe_binning_numeric:1663 | INFO | Quality Check Results:
2026-06-23 16:24:39,376 | [None] | mlops.auto_binning_woe_numeric | auto_woe_binning_numeric:1665 | INFO |   minBinPct: Is minimum pct of each bin > 0.05? -> True
2026-06-23 16:24:39,376 | [None] | mlops.auto_binning_woe_numeric | auto_woe_binning_numeric:1665 | INFO |   goodBadExist: Do good and bad exist in every bin? -> True
2026-06-23 16:24:39,376 | [None] | mlops.auto_binning_woe_numeric | auto_woe_binning_numeric:1665 | INFO |   badRateMonotonic: Is Bad Rate monotonic? -> True
2026-06-23 16:24:39,376 | [None] | mlops.auto_binning_woe_numeric | auto_woe_binning_numeric:1665 | INFO |   woeMonotonic: Is WoE monotonic? -> True
2026-06-23 16:24:39,376 | [None] | mlops.auto_binning_woe_numeric | auto_woe_binning_numeric:1665 | INFO |   binCount: Are bins between 3 and 10? -> True
2026-06-23 16:24:39,376 | [None] | mlops.auto_binning_woe_numeric | auto_woe_binning_numeric:1665 | INFO |   ivReasonable: Is IV 0.205473 reasonable? (0.02 < IV < 0.50) -> True
2026-06-23 16:24:39,376 | [None] | mlops.auto_binning_woe_numeric | auto_woe_binning_numeric:1666 | INFO | --------------------------------------------------
2026-06-23 16:24:39,376 | [None] | mlops.auto_binning_woe_numeric | auto_woe_binning_numeric:1668 | INFO | Auto binning completed successfully for feature: 'credit_limit'
2026-06-23 16:24:39,376 | [None] | mlops.auto_binning_woe_numeric | auto_woe_binning_numeric:1669 | INFO | ==================================================
2026-06-23 16:24:39,377 | [None] | mlops.auto_binning_woe_numeric | auto_woe_binning_numeric:1206 | INFO | Starting numeric WoE auto binning. Feature:age, Target:TARGET
2026-06-23 16:24:39,378 | [None] | mlops.auto_binning_woe_numeric | auto_woe_binning_numeric:1275 | INFO | Missing rows dropped. Before=8892, After=8892, Dropped=0
2026-06-23 16:24:39,379 | [None] | mlops.auto_binning_woe_numeric | auto_woe_binning_numeric:1276 | INFO | MISSING bin will be computed from 0 null observations.
2026-06-23 16:24:39,379 | [None] | mlops.auto_binning_woe_numeric | auto_woe_binning_numeric:1279 | INFO | Target variable TARGET converted to integer type.
2026-06-23 16:24:39,382 | [None] | mlops.auto_binning_woe_numeric | auto_woe_binning_numeric:1287 | INFO | Initial bins created.
2026-06-23 16:24:39,382 | [None] | mlops.auto_binning_woe_numeric | auto_woe_binning_numeric:1290 | INFO | Initial intervals created.
2026-06-23 16:24:39,382 | [None] | mlops.auto_binning_woe_numeric | auto_woe_binning_numeric:1298 | INFO | --- Iteration 1 ---
2026-06-23 16:24:39,598 | [None] | mlops.auto_binning_woe_numeric | calculate_woe_iv_table:343 | INFO | WoE / IV table calculated. Bin count=20, Total IV=0.028259
2026-06-23 16:24:39,603 | [None] | mlops.auto_binning_woe_numeric | merge_intervals:607 | INFO | Merge Completed - REMOVED ITEM: 37.0
2026-06-23 16:24:39,603 | [None] | mlops.auto_binning_woe_numeric | auto_woe_binning_numeric:1298 | INFO | --- Iteration 2 ---
2026-06-23 16:24:39,820 | [None] | mlops.auto_binning_woe_numeric | calculate_woe_iv_table:343 | INFO | WoE / IV table calculated. Bin count=19, Total IV=0.028242
2026-06-23 16:24:39,825 | [None] | mlops.auto_binning_woe_numeric | merge_intervals:607 | INFO | Merge Completed - REMOVED ITEM: 35.0
2026-06-23 16:24:39,825 | [None] | mlops.auto_binning_woe_numeric | auto_woe_binning_numeric:1298 | INFO | --- Iteration 3 ---
2026-06-23 16:24:40,037 | [None] | mlops.auto_binning_woe_numeric | calculate_woe_iv_table:343 | INFO | WoE / IV table calculated. Bin count=18, Total IV=0.028181
2026-06-23 16:24:40,042 | [None] | mlops.auto_binning_woe_numeric | merge_intervals:607 | INFO | Merge Completed - REMOVED ITEM: 33.0
2026-06-23 16:24:40,042 | [None] | mlops.auto_binning_woe_numeric | auto_woe_binning_numeric:1298 | INFO | --- Iteration 4 ---
2026-06-23 16:24:40,243 | [None] | mlops.auto_binning_woe_numeric | calculate_woe_iv_table:343 | INFO | WoE / IV table calculated. Bin count=17, Total IV=0.028185
2026-06-23 16:24:40,249 | [None] | mlops.auto_binning_woe_numeric | merge_intervals:607 | INFO | Merge Completed - REMOVED ITEM: 30.0
2026-06-23 16:24:40,249 | [None] | mlops.auto_binning_woe_numeric | auto_woe_binning_numeric:1298 | INFO | --- Iteration 5 ---
2026-06-23 16:24:40,443 | [None] | mlops.auto_binning_woe_numeric | calculate_woe_iv_table:343 | INFO | WoE / IV table calculated. Bin count=16, Total IV=0.028194
2026-06-23 16:24:40,448 | [None] | mlops.auto_binning_woe_numeric | merge_intervals:607 | INFO | Merge Completed - REMOVED ITEM: 26.0
2026-06-23 16:24:40,448 | [None] | mlops.auto_binning_woe_numeric | auto_woe_binning_numeric:1298 | INFO | --- Iteration 6 ---
2026-06-23 16:24:40,641 | [None] | mlops.auto_binning_woe_numeric | calculate_woe_iv_table:343 | INFO | WoE / IV table calculated. Bin count=15, Total IV=0.026927
2026-06-23 16:24:40,645 | [None] | mlops.auto_binning_woe_numeric | merge_intervals:607 | INFO | Merge Completed - REMOVED ITEM: 44.0
2026-06-23 16:24:40,646 | [None] | mlops.auto_binning_woe_numeric | auto_woe_binning_numeric:1298 | INFO | --- Iteration 7 ---
2026-06-23 16:24:40,829 | [None] | mlops.auto_binning_woe_numeric | calculate_woe_iv_table:343 | INFO | WoE / IV table calculated. Bin count=14, Total IV=0.026614
2026-06-23 16:24:40,833 | [None] | mlops.auto_binning_woe_numeric | merge_intervals:607 | INFO | Merge Completed - REMOVED ITEM: 53.0
2026-06-23 16:24:40,833 | [None] | mlops.auto_binning_woe_numeric | auto_woe_binning_numeric:1298 | INFO | --- Iteration 8 ---
2026-06-23 16:24:41,010 | [None] | mlops.auto_binning_woe_numeric | calculate_woe_iv_table:343 | INFO | WoE / IV table calculated. Bin count=13, Total IV=0.026608
2026-06-23 16:24:41,015 | [None] | mlops.auto_binning_woe_numeric | merge_intervals:607 | INFO | Merge Completed - REMOVED ITEM: 27.0
2026-06-23 16:24:41,015 | [None] | mlops.auto_binning_woe_numeric | auto_woe_binning_numeric:1298 | INFO | --- Iteration 9 ---
2026-06-23 16:24:41,189 | [None] | mlops.auto_binning_woe_numeric | calculate_woe_iv_table:343 | INFO | WoE / IV table calculated. Bin count=12, Total IV=0.026207
2026-06-23 16:24:41,194 | [None] | mlops.auto_binning_woe_numeric | merge_intervals:607 | INFO | Merge Completed - REMOVED ITEM: 49.0
2026-06-23 16:24:41,194 | [None] | mlops.auto_binning_woe_numeric | auto_woe_binning_numeric:1298 | INFO | --- Iteration 10 ---
2026-06-23 16:24:41,360 | [None] | mlops.auto_binning_woe_numeric | calculate_woe_iv_table:343 | INFO | WoE / IV table calculated. Bin count=11, Total IV=0.025907
2026-06-23 16:24:41,365 | [None] | mlops.auto_binning_woe_numeric | merge_intervals:607 | INFO | Merge Completed - REMOVED ITEM: 29.0
2026-06-23 16:24:41,365 | [None] | mlops.auto_binning_woe_numeric | auto_woe_binning_numeric:1298 | INFO | --- Iteration 11 ---
2026-06-23 16:24:41,525 | [None] | mlops.auto_binning_woe_numeric | calculate_woe_iv_table:343 | INFO | WoE / IV table calculated. Bin count=10, Total IV=0.025912
2026-06-23 16:24:41,529 | [None] | mlops.auto_binning_woe_numeric | merge_intervals:607 | INFO | Merge Completed - REMOVED ITEM: 38.0
2026-06-23 16:24:41,530 | [None] | mlops.auto_binning_woe_numeric | auto_woe_binning_numeric:1298 | INFO | --- Iteration 12 ---
2026-06-23 16:24:41,689 | [None] | mlops.auto_binning_woe_numeric | calculate_woe_iv_table:343 | INFO | WoE / IV table calculated. Bin count=9, Total IV=0.025550
2026-06-23 16:24:41,694 | [None] | mlops.auto_binning_woe_numeric | merge_intervals:607 | INFO | Merge Completed - REMOVED ITEM: 23.0
2026-06-23 16:24:41,694 | [None] | mlops.auto_binning_woe_numeric | auto_woe_binning_numeric:1298 | INFO | --- Iteration 13 ---
2026-06-23 16:24:41,845 | [None] | mlops.auto_binning_woe_numeric | calculate_woe_iv_table:343 | INFO | WoE / IV table calculated. Bin count=8, Total IV=0.025076
2026-06-23 16:24:41,849 | [None] | mlops.auto_binning_woe_numeric | merge_intervals:607 | INFO | Merge Completed - REMOVED ITEM: 28.0
2026-06-23 16:24:41,849 | [None] | mlops.auto_binning_woe_numeric | auto_woe_binning_numeric:1298 | INFO | --- Iteration 14 ---
2026-06-23 16:24:41,994 | [None] | mlops.auto_binning_woe_numeric | calculate_woe_iv_table:343 | INFO | WoE / IV table calculated. Bin count=7, Total IV=0.023094
2026-06-23 16:24:41,999 | [None] | mlops.auto_binning_woe_numeric | merge_intervals:607 | INFO | Merge Completed - REMOVED ITEM: 31.0
2026-06-23 16:24:41,999 | [None] | mlops.auto_binning_woe_numeric | auto_woe_binning_numeric:1298 | INFO | --- Iteration 15 ---
2026-06-23 16:24:42,141 | [None] | mlops.auto_binning_woe_numeric | calculate_woe_iv_table:343 | INFO | WoE / IV table calculated. Bin count=6, Total IV=0.023053
2026-06-23 16:24:42,146 | [None] | mlops.auto_binning_woe_numeric | merge_intervals:607 | INFO | Merge Completed - REMOVED ITEM: 25.0
2026-06-23 16:24:42,146 | [None] | mlops.auto_binning_woe_numeric | auto_woe_binning_numeric:1298 | INFO | --- Iteration 16 ---
2026-06-23 16:24:42,279 | [None] | mlops.auto_binning_woe_numeric | calculate_woe_iv_table:343 | INFO | WoE / IV table calculated. Bin count=5, Total IV=0.006501
2026-06-23 16:24:42,284 | [None] | mlops.auto_binning_woe_numeric | merge_intervals:607 | INFO | Merge Completed - REMOVED ITEM: 34.0
2026-06-23 16:24:42,284 | [None] | mlops.auto_binning_woe_numeric | auto_woe_binning_numeric:1298 | INFO | --- Iteration 17 ---
2026-06-23 16:24:42,414 | [None] | mlops.auto_binning_woe_numeric | calculate_woe_iv_table:343 | INFO | WoE / IV table calculated. Bin count=4, Total IV=0.006227
2026-06-23 16:24:42,418 | [None] | mlops.auto_binning_woe_numeric | auto_woe_binning_numeric:1492 | INFO | No more merge required. Stopping at iteration=17
2026-06-23 16:24:42,418 | [None] | mlops.auto_binning_woe_numeric | auto_woe_binning_numeric:1502 | INFO | Iterative merging process completed after 17 iterations.
2026-06-23 16:24:42,418 | [None] | mlops.auto_binning_woe_numeric | auto_woe_binning_numeric:1503 | INFO | ----FINAL BINNINGS RESULTS----
2026-06-23 16:24:42,544 | [None] | mlops.auto_binning_woe_numeric | calculate_woe_iv_table:343 | INFO | WoE / IV table calculated. Bin count=4, Total IV=0.006227
2026-06-23 16:24:42,547 | [None] | mlops.auto_binning_woe_numeric | auto_woe_binning_numeric:1555 | INFO | No null observations found. MISSING bin not added.
2026-06-23 16:24:42,548 | [None] | mlops.auto_binning_woe_numeric | auto_woe_binning_numeric:1574 | WARNING | Final binning quality checks completed. Assigned status: REVIEW_WEAK_VARIABLE with total IV=0.006227 below min_iv=0.02
2026-06-23 16:24:42,548 | [None] | mlops.auto_binning_woe_numeric | auto_woe_binning_numeric:1586 | INFO | Feature: age, Final bins=4, Total IV=0.006227, Status=REVIEW_WEAK_VARIABLE
2026-06-23 16:24:42,557 | [None] | mlops.auto_binning_woe_numeric | auto_woe_binning_numeric:1613 | INFO | Auto binning result saved to ./outputs/auto_binning_woe/age/final_auto_binning_woe.json
2026-06-23 16:24:42,559 | [None] | mlops.auto_binning_woe_numeric | auto_woe_binning_numeric:1618 | INFO | Final WOE table saved to ./outputs/auto_binning_woe/age/final_woe_table.csv
2026-06-23 16:24:42,559 | [None] | mlops.auto_binning_woe_numeric | auto_woe_binning_numeric:1621 | INFO | ==================================================
2026-06-23 16:24:42,559 | [None] | mlops.auto_binning_woe_numeric | auto_woe_binning_numeric:1622 | INFO | INITIALIZE PARAMETERS
2026-06-23 16:24:42,559 | [None] | mlops.auto_binning_woe_numeric | auto_woe_binning_numeric:1623 | INFO | Feature:..................... age
2026-06-23 16:24:42,559 | [None] | mlops.auto_binning_woe_numeric | auto_woe_binning_numeric:1624 | INFO | Target:...................... TARGET
2026-06-23 16:24:42,559 | [None] | mlops.auto_binning_woe_numeric | auto_woe_binning_numeric:1625 | INFO | Initial Bins:................ 20
2026-06-23 16:24:42,559 | [None] | mlops.auto_binning_woe_numeric | auto_woe_binning_numeric:1626 | INFO | Minimum Bin Percentage:...... 0.05
2026-06-23 16:24:42,559 | [None] | mlops.auto_binning_woe_numeric | auto_woe_binning_numeric:1627 | INFO | Maximum Final Bins:.......... 10
2026-06-23 16:24:42,559 | [None] | mlops.auto_binning_woe_numeric | auto_woe_binning_numeric:1628 | INFO | Minimum IV:.................. 0.02
2026-06-23 16:24:42,559 | [None] | mlops.auto_binning_woe_numeric | auto_woe_binning_numeric:1629 | INFO | Maximum IV:.................. 0.5
2026-06-23 16:24:42,560 | [None] | mlops.auto_binning_woe_numeric | auto_woe_binning_numeric:1630 | INFO | Maximum Iterations:.......... 25
2026-06-23 16:24:42,560 | [None] | mlops.auto_binning_woe_numeric | auto_woe_binning_numeric:1631 | INFO | ==================================================
2026-06-23 16:24:42,560 | [None] | mlops.auto_binning_woe_numeric | auto_woe_binning_numeric:1650 | INFO | ==================================================
2026-06-23 16:24:42,560 | [None] | mlops.auto_binning_woe_numeric | auto_woe_binning_numeric:1651 | INFO | AUTO BINNING RESULTS
2026-06-23 16:24:42,560 | [None] | mlops.auto_binning_woe_numeric | auto_woe_binning_numeric:1652 | INFO | Stopping Iteration:............... 17
2026-06-23 16:24:42,560 | [None] | mlops.auto_binning_woe_numeric | auto_woe_binning_numeric:1653 | INFO | Feature Name:..................... age
2026-06-23 16:24:42,560 | [None] | mlops.auto_binning_woe_numeric | auto_woe_binning_numeric:1654 | INFO | Final Bin Count:.................. 4
2026-06-23 16:24:42,560 | [None] | mlops.auto_binning_woe_numeric | auto_woe_binning_numeric:1655 | INFO | Total Information Value (IV):..... 0.006227
2026-06-23 16:24:42,560 | [None] | mlops.auto_binning_woe_numeric | auto_woe_binning_numeric:1656 | INFO | IV Interpretation:................ Not Predictive
2026-06-23 16:24:42,560 | [None] | mlops.auto_binning_woe_numeric | auto_woe_binning_numeric:1657 | INFO | Binning Status:................... REVIEW_WEAK_VARIABLE
2026-06-23 16:24:42,560 | [None] | mlops.auto_binning_woe_numeric | auto_woe_binning_numeric:1658 | INFO | --------------------------------------------------
2026-06-23 16:24:42,560 | [None] | mlops.auto_binning_woe_numeric | auto_woe_binning_numeric:1659 | INFO | WoE Summary Table:
2026-06-23 16:24:42,562 | [None] | mlops.auto_binning_woe_numeric | auto_woe_binning_numeric:1660 | INFO | 
          _bin human_readable_bin  total  good  bad  bad_rate  bin_pct  good_dist  bad_dist  good_dist_minus_bad_dist  odds_ratio       woe  woe_display       iv
(20.999, 40.0]      from_21_to_40   6412  3267 3145  0.490487 0.721098   0.734600  0.707172                  0.027428    1.038786  0.038052     3.805231 0.001044
  (40.0, 42.0]      from_40_to_42    497   251  246  0.494970 0.055893   0.056542  0.055418                  0.001124    1.020284  0.020081     2.008100 0.000023
  (42.0, 46.0]      from_42_to_46    774   382  392  0.506460 0.087045   0.085994  0.088242                 -0.002248    0.974522 -0.025808    -2.580788 0.000058
  (46.0, 60.0]      from_46_to_60   1209   546  663  0.548387 0.135965   0.122864  0.149168                 -0.026304    0.823662 -0.193995   -19.399455 0.005103

2026-06-23 16:24:42,562 | [None] | mlops.auto_binning_woe_numeric | auto_woe_binning_numeric:1661 | INFO | --------------------------------------------------
2026-06-23 16:24:42,562 | [None] | mlops.auto_binning_woe_numeric | auto_woe_binning_numeric:1662 | INFO | --------------------------------------------------
2026-06-23 16:24:42,562 | [None] | mlops.auto_binning_woe_numeric | auto_woe_binning_numeric:1663 | INFO | Quality Check Results:
2026-06-23 16:24:42,562 | [None] | mlops.auto_binning_woe_numeric | auto_woe_binning_numeric:1665 | INFO |   minBinPct: Is minimum pct of each bin > 0.05? -> True
2026-06-23 16:24:42,562 | [None] | mlops.auto_binning_woe_numeric | auto_woe_binning_numeric:1665 | INFO |   goodBadExist: Do good and bad exist in every bin? -> True
2026-06-23 16:24:42,563 | [None] | mlops.auto_binning_woe_numeric | auto_woe_binning_numeric:1665 | INFO |   badRateMonotonic: Is Bad Rate monotonic? -> True
2026-06-23 16:24:42,563 | [None] | mlops.auto_binning_woe_numeric | auto_woe_binning_numeric:1665 | INFO |   woeMonotonic: Is WoE monotonic? -> True
2026-06-23 16:24:42,563 | [None] | mlops.auto_binning_woe_numeric | auto_woe_binning_numeric:1665 | INFO |   binCount: Are bins between 3 and 10? -> True
2026-06-23 16:24:42,563 | [None] | mlops.auto_binning_woe_numeric | auto_woe_binning_numeric:1665 | INFO |   ivReasonable: Is IV 0.006227 reasonable? (0.02 < IV < 0.50) -> False
2026-06-23 16:24:42,563 | [None] | mlops.auto_binning_woe_numeric | auto_woe_binning_numeric:1666 | INFO | --------------------------------------------------
2026-06-23 16:24:42,563 | [None] | mlops.auto_binning_woe_numeric | auto_woe_binning_numeric:1668 | INFO | Auto binning completed successfully for feature: 'age'
2026-06-23 16:24:42,563 | [None] | mlops.auto_binning_woe_numeric | auto_woe_binning_numeric:1669 | INFO | ==================================================
2026-06-23 16:24:42,564 | [None] | mlops.auto_binning_woe_numeric | auto_woe_binning_numeric:1206 | INFO | Starting numeric WoE auto binning. Feature:bill_amount_sep_2005, Target:TARGET
2026-06-23 16:24:42,566 | [None] | mlops.auto_binning_woe_numeric | auto_woe_binning_numeric:1275 | INFO | Missing rows dropped. Before=8892, After=8892, Dropped=0
2026-06-23 16:24:42,566 | [None] | mlops.auto_binning_woe_numeric | auto_woe_binning_numeric:1276 | INFO | MISSING bin will be computed from 0 null observations.
2026-06-23 16:24:42,567 | [None] | mlops.auto_binning_woe_numeric | auto_woe_binning_numeric:1279 | INFO | Target variable TARGET converted to integer type.
2026-06-23 16:24:42,571 | [None] | mlops.auto_binning_woe_numeric | auto_woe_binning_numeric:1287 | INFO | Initial bins created.
2026-06-23 16:24:42,571 | [None] | mlops.auto_binning_woe_numeric | auto_woe_binning_numeric:1290 | INFO | Initial intervals created.
2026-06-23 16:24:42,571 | [None] | mlops.auto_binning_woe_numeric | auto_woe_binning_numeric:1298 | INFO | --- Iteration 1 ---
2026-06-23 16:24:42,786 | [None] | mlops.auto_binning_woe_numeric | calculate_woe_iv_table:343 | INFO | WoE / IV table calculated. Bin count=20, Total IV=0.027077
2026-06-23 16:24:42,791 | [None] | mlops.auto_binning_woe_numeric | merge_intervals:607 | INFO | Merge Completed - REMOVED ITEM: 0.0
2026-06-23 16:24:42,791 | [None] | mlops.auto_binning_woe_numeric | auto_woe_binning_numeric:1298 | INFO | --- Iteration 2 ---
2026-06-23 16:24:43,003 | [None] | mlops.auto_binning_woe_numeric | calculate_woe_iv_table:343 | INFO | WoE / IV table calculated. Bin count=19, Total IV=0.026928
2026-06-23 16:24:43,008 | [None] | mlops.auto_binning_woe_numeric | merge_intervals:607 | INFO | Merge Completed - REMOVED ITEM: 197336.6
2026-06-23 16:24:43,008 | [None] | mlops.auto_binning_woe_numeric | auto_woe_binning_numeric:1298 | INFO | --- Iteration 3 ---
2026-06-23 16:24:43,215 | [None] | mlops.auto_binning_woe_numeric | calculate_woe_iv_table:343 | INFO | WoE / IV table calculated. Bin count=18, Total IV=0.026919
2026-06-23 16:24:43,220 | [None] | mlops.auto_binning_woe_numeric | merge_intervals:607 | INFO | Merge Completed - REMOVED ITEM: 1815.6
2026-06-23 16:24:43,220 | [None] | mlops.auto_binning_woe_numeric | auto_woe_binning_numeric:1298 | INFO | --- Iteration 4 ---
2026-06-23 16:24:43,424 | [None] | mlops.auto_binning_woe_numeric | calculate_woe_iv_table:343 | INFO | WoE / IV table calculated. Bin count=17, Total IV=0.026365
2026-06-23 16:24:43,431 | [None] | mlops.auto_binning_woe_numeric | merge_intervals:607 | INFO | Merge Completed - REMOVED ITEM: 21275.0
2026-06-23 16:24:43,431 | [None] | mlops.auto_binning_woe_numeric | auto_woe_binning_numeric:1298 | INFO | --- Iteration 5 ---
2026-06-23 16:24:43,630 | [None] | mlops.auto_binning_woe_numeric | calculate_woe_iv_table:343 | INFO | WoE / IV table calculated. Bin count=16, Total IV=0.026351
2026-06-23 16:24:43,635 | [None] | mlops.auto_binning_woe_numeric | merge_intervals:607 | INFO | Merge Completed - REMOVED ITEM: 105125.45
2026-06-23 16:24:43,636 | [None] | mlops.auto_binning_woe_numeric | auto_woe_binning_numeric:1298 | INFO | --- Iteration 6 ---
2026-06-23 16:24:43,832 | [None] | mlops.auto_binning_woe_numeric | calculate_woe_iv_table:343 | INFO | WoE / IV table calculated. Bin count=15, Total IV=0.026331
2026-06-23 16:24:43,836 | [None] | mlops.auto_binning_woe_numeric | merge_intervals:607 | INFO | Merge Completed - REMOVED ITEM: 207.0
2026-06-23 16:24:43,837 | [None] | mlops.auto_binning_woe_numeric | auto_woe_binning_numeric:1298 | INFO | --- Iteration 7 ---
2026-06-23 16:24:44,025 | [None] | mlops.auto_binning_woe_numeric | calculate_woe_iv_table:343 | INFO | WoE / IV table calculated. Bin count=14, Total IV=0.026011
2026-06-23 16:24:44,029 | [None] | mlops.auto_binning_woe_numeric | merge_intervals:607 | INFO | Merge Completed - REMOVED ITEM: 44899.25
2026-06-23 16:24:44,030 | [None] | mlops.auto_binning_woe_numeric | auto_woe_binning_numeric:1298 | INFO | --- Iteration 8 ---
2026-06-23 16:24:44,205 | [None] | mlops.auto_binning_woe_numeric | calculate_woe_iv_table:343 | INFO | WoE / IV table calculated. Bin count=13, Total IV=0.025390
2026-06-23 16:24:44,209 | [None] | mlops.auto_binning_woe_numeric | merge_intervals:607 | INFO | Merge Completed - REMOVED ITEM: 27458.05
2026-06-23 16:24:44,210 | [None] | mlops.auto_binning_woe_numeric | auto_woe_binning_numeric:1298 | INFO | --- Iteration 9 ---
2026-06-23 16:24:44,379 | [None] | mlops.auto_binning_woe_numeric | calculate_woe_iv_table:343 | INFO | WoE / IV table calculated. Bin count=12, Total IV=0.024541
2026-06-23 16:24:44,383 | [None] | mlops.auto_binning_woe_numeric | merge_intervals:607 | INFO | Merge Completed - REMOVED ITEM: 13261.8
2026-06-23 16:24:44,384 | [None] | mlops.auto_binning_woe_numeric | auto_woe_binning_numeric:1298 | INFO | --- Iteration 10 ---
2026-06-23 16:24:44,553 | [None] | mlops.auto_binning_woe_numeric | calculate_woe_iv_table:343 | INFO | WoE / IV table calculated. Bin count=11, Total IV=0.021501
2026-06-23 16:24:44,557 | [None] | mlops.auto_binning_woe_numeric | merge_intervals:607 | INFO | Merge Completed - REMOVED ITEM: 17284.55
2026-06-23 16:24:44,557 | [None] | mlops.auto_binning_woe_numeric | auto_woe_binning_numeric:1298 | INFO | --- Iteration 11 ---
2026-06-23 16:24:44,718 | [None] | mlops.auto_binning_woe_numeric | calculate_woe_iv_table:343 | INFO | WoE / IV table calculated. Bin count=10, Total IV=0.020592
2026-06-23 16:24:44,723 | [None] | mlops.auto_binning_woe_numeric | merge_intervals:607 | INFO | Merge Completed - REMOVED ITEM: 9185.55
2026-06-23 16:24:44,723 | [None] | mlops.auto_binning_woe_numeric | auto_woe_binning_numeric:1298 | INFO | --- Iteration 12 ---
2026-06-23 16:24:44,880 | [None] | mlops.auto_binning_woe_numeric | calculate_woe_iv_table:343 | INFO | WoE / IV table calculated. Bin count=9, Total IV=0.020383
2026-06-23 16:24:44,884 | [None] | mlops.auto_binning_woe_numeric | merge_intervals:607 | INFO | Merge Completed - REMOVED ITEM: 6015.6
2026-06-23 16:24:44,885 | [None] | mlops.auto_binning_woe_numeric | auto_woe_binning_numeric:1298 | INFO | --- Iteration 13 ---
2026-06-23 16:24:45,037 | [None] | mlops.auto_binning_woe_numeric | calculate_woe_iv_table:343 | INFO | WoE / IV table calculated. Bin count=8, Total IV=0.011923
2026-06-23 16:24:45,042 | [None] | mlops.auto_binning_woe_numeric | merge_intervals:607 | INFO | Merge Completed - REMOVED ITEM: 3495.75
2026-06-23 16:24:45,042 | [None] | mlops.auto_binning_woe_numeric | auto_woe_binning_numeric:1298 | INFO | --- Iteration 14 ---
2026-06-23 16:24:45,184 | [None] | mlops.auto_binning_woe_numeric | calculate_woe_iv_table:343 | INFO | WoE / IV table calculated. Bin count=7, Total IV=0.010176
2026-06-23 16:24:45,188 | [None] | mlops.auto_binning_woe_numeric | auto_woe_binning_numeric:1492 | INFO | No more merge required. Stopping at iteration=14
2026-06-23 16:24:45,189 | [None] | mlops.auto_binning_woe_numeric | auto_woe_binning_numeric:1502 | INFO | Iterative merging process completed after 14 iterations.
2026-06-23 16:24:45,189 | [None] | mlops.auto_binning_woe_numeric | auto_woe_binning_numeric:1503 | INFO | ----FINAL BINNINGS RESULTS----
2026-06-23 16:24:45,336 | [None] | mlops.auto_binning_woe_numeric | calculate_woe_iv_table:343 | INFO | WoE / IV table calculated. Bin count=7, Total IV=0.010176
2026-06-23 16:24:45,339 | [None] | mlops.auto_binning_woe_numeric | auto_woe_binning_numeric:1555 | INFO | No null observations found. MISSING bin not added.
2026-06-23 16:24:45,340 | [None] | mlops.auto_binning_woe_numeric | auto_woe_binning_numeric:1574 | WARNING | Final binning quality checks completed. Assigned status: REVIEW_WEAK_VARIABLE with total IV=0.010176 below min_iv=0.02
2026-06-23 16:24:45,340 | [None] | mlops.auto_binning_woe_numeric | auto_woe_binning_numeric:1586 | INFO | Feature: bill_amount_sep_2005, Final bins=7, Total IV=0.010176, Status=REVIEW_WEAK_VARIABLE
2026-06-23 16:24:45,349 | [None] | mlops.auto_binning_woe_numeric | auto_woe_binning_numeric:1613 | INFO | Auto binning result saved to ./outputs/auto_binning_woe/bill_amount_sep_2005/final_auto_binning_woe.json
2026-06-23 16:24:45,350 | [None] | mlops.auto_binning_woe_numeric | auto_woe_binning_numeric:1618 | INFO | Final WOE table saved to ./outputs/auto_binning_woe/bill_amount_sep_2005/final_woe_table.csv
2026-06-23 16:24:45,351 | [None] | mlops.auto_binning_woe_numeric | auto_woe_binning_numeric:1621 | INFO | ==================================================
2026-06-23 16:24:45,351 | [None] | mlops.auto_binning_woe_numeric | auto_woe_binning_numeric:1622 | INFO | INITIALIZE PARAMETERS
2026-06-23 16:24:45,351 | [None] | mlops.auto_binning_woe_numeric | auto_woe_binning_numeric:1623 | INFO | Feature:..................... bill_amount_sep_2005
2026-06-23 16:24:45,351 | [None] | mlops.auto_binning_woe_numeric | auto_woe_binning_numeric:1624 | INFO | Target:...................... TARGET
2026-06-23 16:24:45,351 | [None] | mlops.auto_binning_woe_numeric | auto_woe_binning_numeric:1625 | INFO | Initial Bins:................ 20
2026-06-23 16:24:45,351 | [None] | mlops.auto_binning_woe_numeric | auto_woe_binning_numeric:1626 | INFO | Minimum Bin Percentage:...... 0.05
2026-06-23 16:24:45,351 | [None] | mlops.auto_binning_woe_numeric | auto_woe_binning_numeric:1627 | INFO | Maximum Final Bins:.......... 10
2026-06-23 16:24:45,352 | [None] | mlops.auto_binning_woe_numeric | auto_woe_binning_numeric:1628 | INFO | Minimum IV:.................. 0.02
2026-06-23 16:24:45,352 | [None] | mlops.auto_binning_woe_numeric | auto_woe_binning_numeric:1629 | INFO | Maximum IV:.................. 0.5
2026-06-23 16:24:45,352 | [None] | mlops.auto_binning_woe_numeric | auto_woe_binning_numeric:1630 | INFO | Maximum Iterations:.......... 25
2026-06-23 16:24:45,352 | [None] | mlops.auto_binning_woe_numeric | auto_woe_binning_numeric:1631 | INFO | ==================================================
2026-06-23 16:24:45,352 | [None] | mlops.auto_binning_woe_numeric | auto_woe_binning_numeric:1650 | INFO | ==================================================
2026-06-23 16:24:45,352 | [None] | mlops.auto_binning_woe_numeric | auto_woe_binning_numeric:1651 | INFO | AUTO BINNING RESULTS
2026-06-23 16:24:45,353 | [None] | mlops.auto_binning_woe_numeric | auto_woe_binning_numeric:1652 | INFO | Stopping Iteration:............... 14
2026-06-23 16:24:45,353 | [None] | mlops.auto_binning_woe_numeric | auto_woe_binning_numeric:1653 | INFO | Feature Name:..................... bill_amount_sep_2005
2026-06-23 16:24:45,353 | [None] | mlops.auto_binning_woe_numeric | auto_woe_binning_numeric:1654 | INFO | Final Bin Count:.................. 7
2026-06-23 16:24:45,353 | [None] | mlops.auto_binning_woe_numeric | auto_woe_binning_numeric:1655 | INFO | Total Information Value (IV):..... 0.010176
2026-06-23 16:24:45,353 | [None] | mlops.auto_binning_woe_numeric | auto_woe_binning_numeric:1656 | INFO | IV Interpretation:................ Not Predictive
2026-06-23 16:24:45,353 | [None] | mlops.auto_binning_woe_numeric | auto_woe_binning_numeric:1657 | INFO | Binning Status:................... REVIEW_WEAK_VARIABLE
2026-06-23 16:24:45,353 | [None] | mlops.auto_binning_woe_numeric | auto_woe_binning_numeric:1658 | INFO | --------------------------------------------------
2026-06-23 16:24:45,353 | [None] | mlops.auto_binning_woe_numeric | auto_woe_binning_numeric:1659 | INFO | WoE Summary Table:
2026-06-23 16:24:45,356 | [None] | mlops.auto_binning_woe_numeric | auto_woe_binning_numeric:1660 | INFO | 
                 _bin    human_readable_bin  total  good  bad  bad_rate  bin_pct  good_dist  bad_dist  good_dist_minus_bad_dist  odds_ratio       woe  woe_display       iv
 (-165580.001, 780.0]   from_-165580_to_780   1355   642  713  0.526199 0.153925   0.145708  0.162141                 -0.016433    0.898653 -0.106859   -10.685875 0.001756
     (780.0, 34485.6]     from_780_to_34486   3980  1937 2043  0.513317 0.452119   0.439392  0.464379                 -0.024987    0.946193 -0.055309    -5.530868 0.001382
   (34485.6, 50805.7]   from_34486_to_50806    889   448  441  0.496063 0.100988   0.101712  0.100330                  0.001383    1.013782  0.013688     1.368753 0.000019
   (50805.7, 64894.5]   from_50806_to_64894    445   229  216  0.485393 0.050551   0.052047  0.049199                  0.002848    1.057883  0.056269     5.626935 0.000160
   (64894.5, 81456.0]   from_64894_to_81456    444   231  213  0.479730 0.050437   0.052500  0.048517                  0.003983    1.082096  0.078900     7.889991 0.000314
  (81456.0, 138833.1]  from_81456_to_138833    889   470  419  0.471316 0.100988   0.106701  0.095330                  0.011371    1.119284  0.112689    11.268930 0.001281
(138833.1, 345613.92] from_138833_to_345614    801   449  352  0.439451 0.090992   0.101939  0.080105                  0.021834    1.272575  0.241042    24.104210 0.005263

2026-06-23 16:24:45,356 | [None] | mlops.auto_binning_woe_numeric | auto_woe_binning_numeric:1661 | INFO | --------------------------------------------------
2026-06-23 16:24:45,356 | [None] | mlops.auto_binning_woe_numeric | auto_woe_binning_numeric:1662 | INFO | --------------------------------------------------
2026-06-23 16:24:45,356 | [None] | mlops.auto_binning_woe_numeric | auto_woe_binning_numeric:1663 | INFO | Quality Check Results:
2026-06-23 16:24:45,356 | [None] | mlops.auto_binning_woe_numeric | auto_woe_binning_numeric:1665 | INFO |   minBinPct: Is minimum pct of each bin > 0.05? -> True
2026-06-23 16:24:45,356 | [None] | mlops.auto_binning_woe_numeric | auto_woe_binning_numeric:1665 | INFO |   goodBadExist: Do good and bad exist in every bin? -> True
2026-06-23 16:24:45,356 | [None] | mlops.auto_binning_woe_numeric | auto_woe_binning_numeric:1665 | INFO |   badRateMonotonic: Is Bad Rate monotonic? -> True
2026-06-23 16:24:45,357 | [None] | mlops.auto_binning_woe_numeric | auto_woe_binning_numeric:1665 | INFO |   woeMonotonic: Is WoE monotonic? -> True
2026-06-23 16:24:45,357 | [None] | mlops.auto_binning_woe_numeric | auto_woe_binning_numeric:1665 | INFO |   binCount: Are bins between 3 and 10? -> True
2026-06-23 16:24:45,357 | [None] | mlops.auto_binning_woe_numeric | auto_woe_binning_numeric:1665 | INFO |   ivReasonable: Is IV 0.010176 reasonable? (0.02 < IV < 0.50) -> False
2026-06-23 16:24:45,357 | [None] | mlops.auto_binning_woe_numeric | auto_woe_binning_numeric:1666 | INFO | --------------------------------------------------
2026-06-23 16:24:45,357 | [None] | mlops.auto_binning_woe_numeric | auto_woe_binning_numeric:1668 | INFO | Auto binning completed successfully for feature: 'bill_amount_sep_2005'
2026-06-23 16:24:45,357 | [None] | mlops.auto_binning_woe_numeric | auto_woe_binning_numeric:1669 | INFO | ==================================================
2026-06-23 16:24:45,357 | [None] | mlops.auto_binning_woe_numeric | auto_woe_binning_numeric:1206 | INFO | Starting numeric WoE auto binning. Feature:bill_amount_aug_2005, Target:TARGET
2026-06-23 16:24:45,359 | [None] | mlops.auto_binning_woe_numeric | auto_woe_binning_numeric:1275 | INFO | Missing rows dropped. Before=8892, After=8892, Dropped=0
2026-06-23 16:24:45,359 | [None] | mlops.auto_binning_woe_numeric | auto_woe_binning_numeric:1276 | INFO | MISSING bin will be computed from 0 null observations.
2026-06-23 16:24:45,360 | [None] | mlops.auto_binning_woe_numeric | auto_woe_binning_numeric:1279 | INFO | Target variable TARGET converted to integer type.
2026-06-23 16:24:45,363 | [None] | mlops.auto_binning_woe_numeric | auto_woe_binning_numeric:1287 | INFO | Initial bins created.
2026-06-23 16:24:45,363 | [None] | mlops.auto_binning_woe_numeric | auto_woe_binning_numeric:1290 | INFO | Initial intervals created.
2026-06-23 16:24:45,364 | [None] | mlops.auto_binning_woe_numeric | auto_woe_binning_numeric:1298 | INFO | --- Iteration 1 ---
2026-06-23 16:24:45,577 | [None] | mlops.auto_binning_woe_numeric | calculate_woe_iv_table:343 | INFO | WoE / IV table calculated. Bin count=19, Total IV=0.026447
2026-06-23 16:24:45,582 | [None] | mlops.auto_binning_woe_numeric | merge_intervals:607 | INFO | Merge Completed - REMOVED ITEM: 190964.05
2026-06-23 16:24:45,582 | [None] | mlops.auto_binning_woe_numeric | auto_woe_binning_numeric:1298 | INFO | --- Iteration 2 ---
2026-06-23 16:24:45,784 | [None] | mlops.auto_binning_woe_numeric | calculate_woe_iv_table:343 | INFO | WoE / IV table calculated. Bin count=18, Total IV=0.026378
2026-06-23 16:24:45,789 | [None] | mlops.auto_binning_woe_numeric | merge_intervals:607 | INFO | Merge Completed - REMOVED ITEM: 0.0
2026-06-23 16:24:45,789 | [None] | mlops.auto_binning_woe_numeric | auto_woe_binning_numeric:1298 | INFO | --- Iteration 3 ---
2026-06-23 16:24:45,992 | [None] | mlops.auto_binning_woe_numeric | calculate_woe_iv_table:343 | INFO | WoE / IV table calculated. Bin count=17, Total IV=0.026381
2026-06-23 16:24:45,996 | [None] | mlops.auto_binning_woe_numeric | merge_intervals:607 | INFO | Merge Completed - REMOVED ITEM: 1473.0
2026-06-23 16:24:45,996 | [None] | mlops.auto_binning_woe_numeric | auto_woe_binning_numeric:1298 | INFO | --- Iteration 4 ---
2026-06-23 16:24:46,193 | [None] | mlops.auto_binning_woe_numeric | calculate_woe_iv_table:343 | INFO | WoE / IV table calculated. Bin count=16, Total IV=0.026268
2026-06-23 16:24:46,197 | [None] | mlops.auto_binning_woe_numeric | merge_intervals:607 | INFO | Merge Completed - REMOVED ITEM: 450.65
2026-06-23 16:24:46,198 | [None] | mlops.auto_binning_woe_numeric | auto_woe_binning_numeric:1298 | INFO | --- Iteration 5 ---
2026-06-23 16:24:46,387 | [None] | mlops.auto_binning_woe_numeric | calculate_woe_iv_table:343 | INFO | WoE / IV table calculated. Bin count=15, Total IV=0.026239
2026-06-23 16:24:46,392 | [None] | mlops.auto_binning_woe_numeric | merge_intervals:607 | INFO | Merge Completed - REMOVED ITEM: 42989.15
2026-06-23 16:24:46,392 | [None] | mlops.auto_binning_woe_numeric | auto_woe_binning_numeric:1298 | INFO | --- Iteration 6 ---
2026-06-23 16:24:46,575 | [None] | mlops.auto_binning_woe_numeric | calculate_woe_iv_table:343 | INFO | WoE / IV table calculated. Bin count=14, Total IV=0.025898
2026-06-23 16:24:46,580 | [None] | mlops.auto_binning_woe_numeric | merge_intervals:607 | INFO | Merge Completed - REMOVED ITEM: 49709.0
2026-06-23 16:24:46,580 | [None] | mlops.auto_binning_woe_numeric | auto_woe_binning_numeric:1298 | INFO | --- Iteration 7 ---
2026-06-23 16:24:46,759 | [None] | mlops.auto_binning_woe_numeric | calculate_woe_iv_table:343 | INFO | WoE / IV table calculated. Bin count=13, Total IV=0.025884
2026-06-23 16:24:46,764 | [None] | mlops.auto_binning_woe_numeric | merge_intervals:607 | INFO | Merge Completed - REMOVED ITEM: 8849.4
2026-06-23 16:24:46,764 | [None] | mlops.auto_binning_woe_numeric | auto_woe_binning_numeric:1298 | INFO | --- Iteration 8 ---
2026-06-23 16:24:46,939 | [None] | mlops.auto_binning_woe_numeric | calculate_woe_iv_table:343 | INFO | WoE / IV table calculated. Bin count=12, Total IV=0.025427
2026-06-23 16:24:46,944 | [None] | mlops.auto_binning_woe_numeric | merge_intervals:607 | INFO | Merge Completed - REMOVED ITEM: 78504.4
2026-06-23 16:24:46,944 | [None] | mlops.auto_binning_woe_numeric | auto_woe_binning_numeric:1298 | INFO | --- Iteration 9 ---
2026-06-23 16:24:47,110 | [None] | mlops.auto_binning_woe_numeric | calculate_woe_iv_table:343 | INFO | WoE / IV table calculated. Bin count=11, Total IV=0.024837
2026-06-23 16:24:47,115 | [None] | mlops.auto_binning_woe_numeric | merge_intervals:607 | INFO | Merge Completed - REMOVED ITEM: 26796.45
2026-06-23 16:24:47,115 | [None] | mlops.auto_binning_woe_numeric | auto_woe_binning_numeric:1298 | INFO | --- Iteration 10 ---
2026-06-23 16:24:47,280 | [None] | mlops.auto_binning_woe_numeric | calculate_woe_iv_table:343 | INFO | WoE / IV table calculated. Bin count=10, Total IV=0.024047
2026-06-23 16:24:47,285 | [None] | mlops.auto_binning_woe_numeric | merge_intervals:607 | INFO | Merge Completed - REMOVED ITEM: 20516.5
2026-06-23 16:24:47,285 | [None] | mlops.auto_binning_woe_numeric | auto_woe_binning_numeric:1298 | INFO | --- Iteration 11 ---
2026-06-23 16:24:47,442 | [None] | mlops.auto_binning_woe_numeric | calculate_woe_iv_table:343 | INFO | WoE / IV table calculated. Bin count=9, Total IV=0.024053
2026-06-23 16:24:47,447 | [None] | mlops.auto_binning_woe_numeric | merge_intervals:607 | INFO | Merge Completed - REMOVED ITEM: 12774.2
2026-06-23 16:24:47,447 | [None] | mlops.auto_binning_woe_numeric | auto_woe_binning_numeric:1298 | INFO | --- Iteration 12 ---
2026-06-23 16:24:47,603 | [None] | mlops.auto_binning_woe_numeric | calculate_woe_iv_table:343 | INFO | WoE / IV table calculated. Bin count=8, Total IV=0.022063
2026-06-23 16:24:47,608 | [None] | mlops.auto_binning_woe_numeric | merge_intervals:607 | INFO | Merge Completed - REMOVED ITEM: 16943.3
2026-06-23 16:24:47,608 | [None] | mlops.auto_binning_woe_numeric | auto_woe_binning_numeric:1298 | INFO | --- Iteration 13 ---
2026-06-23 16:24:47,752 | [None] | mlops.auto_binning_woe_numeric | calculate_woe_iv_table:343 | INFO | WoE / IV table calculated. Bin count=7, Total IV=0.020283
2026-06-23 16:24:47,756 | [None] | mlops.auto_binning_woe_numeric | merge_intervals:607 | INFO | Merge Completed - REMOVED ITEM: 5590.0
2026-06-23 16:24:47,756 | [None] | mlops.auto_binning_woe_numeric | auto_woe_binning_numeric:1298 | INFO | --- Iteration 14 ---
2026-06-23 16:24:47,898 | [None] | mlops.auto_binning_woe_numeric | calculate_woe_iv_table:343 | INFO | WoE / IV table calculated. Bin count=6, Total IV=0.010227
2026-06-23 16:24:47,902 | [None] | mlops.auto_binning_woe_numeric | merge_intervals:607 | INFO | Merge Completed - REMOVED ITEM: 3073.5
2026-06-23 16:24:47,903 | [None] | mlops.auto_binning_woe_numeric | auto_woe_binning_numeric:1298 | INFO | --- Iteration 15 ---
2026-06-23 16:24:48,035 | [None] | mlops.auto_binning_woe_numeric | calculate_woe_iv_table:343 | INFO | WoE / IV table calculated. Bin count=5, Total IV=0.009617
2026-06-23 16:24:48,039 | [None] | mlops.auto_binning_woe_numeric | merge_intervals:607 | INFO | Merge Completed - REMOVED ITEM: 32436.2
2026-06-23 16:24:48,039 | [None] | mlops.auto_binning_woe_numeric | auto_woe_binning_numeric:1298 | INFO | --- Iteration 16 ---
2026-06-23 16:24:48,166 | [None] | mlops.auto_binning_woe_numeric | calculate_woe_iv_table:343 | INFO | WoE / IV table calculated. Bin count=4, Total IV=0.009581
2026-06-23 16:24:48,171 | [None] | mlops.auto_binning_woe_numeric | auto_woe_binning_numeric:1492 | INFO | No more merge required. Stopping at iteration=16
2026-06-23 16:24:48,171 | [None] | mlops.auto_binning_woe_numeric | auto_woe_binning_numeric:1502 | INFO | Iterative merging process completed after 16 iterations.
2026-06-23 16:24:48,171 | [None] | mlops.auto_binning_woe_numeric | auto_woe_binning_numeric:1503 | INFO | ----FINAL BINNINGS RESULTS----
2026-06-23 16:24:48,302 | [None] | mlops.auto_binning_woe_numeric | calculate_woe_iv_table:343 | INFO | WoE / IV table calculated. Bin count=4, Total IV=0.009581
2026-06-23 16:24:48,305 | [None] | mlops.auto_binning_woe_numeric | auto_woe_binning_numeric:1555 | INFO | No null observations found. MISSING bin not added.
2026-06-23 16:24:48,306 | [None] | mlops.auto_binning_woe_numeric | auto_woe_binning_numeric:1574 | WARNING | Final binning quality checks completed. Assigned status: REVIEW_WEAK_VARIABLE with total IV=0.009581 below min_iv=0.02
2026-06-23 16:24:48,306 | [None] | mlops.auto_binning_woe_numeric | auto_woe_binning_numeric:1586 | INFO | Feature: bill_amount_aug_2005, Final bins=4, Total IV=0.009581, Status=REVIEW_WEAK_VARIABLE
2026-06-23 16:24:48,315 | [None] | mlops.auto_binning_woe_numeric | auto_woe_binning_numeric:1613 | INFO | Auto binning result saved to ./outputs/auto_binning_woe/bill_amount_aug_2005/final_auto_binning_woe.json
2026-06-23 16:24:48,317 | [None] | mlops.auto_binning_woe_numeric | auto_woe_binning_numeric:1618 | INFO | Final WOE table saved to ./outputs/auto_binning_woe/bill_amount_aug_2005/final_woe_table.csv
2026-06-23 16:24:48,317 | [None] | mlops.auto_binning_woe_numeric | auto_woe_binning_numeric:1621 | INFO | ==================================================
2026-06-23 16:24:48,317 | [None] | mlops.auto_binning_woe_numeric | auto_woe_binning_numeric:1622 | INFO | INITIALIZE PARAMETERS
2026-06-23 16:24:48,317 | [None] | mlops.auto_binning_woe_numeric | auto_woe_binning_numeric:1623 | INFO | Feature:..................... bill_amount_aug_2005
2026-06-23 16:24:48,317 | [None] | mlops.auto_binning_woe_numeric | auto_woe_binning_numeric:1624 | INFO | Target:...................... TARGET
2026-06-23 16:24:48,317 | [None] | mlops.auto_binning_woe_numeric | auto_woe_binning_numeric:1625 | INFO | Initial Bins:................ 20
2026-06-23 16:24:48,317 | [None] | mlops.auto_binning_woe_numeric | auto_woe_binning_numeric:1626 | INFO | Minimum Bin Percentage:...... 0.05
2026-06-23 16:24:48,317 | [None] | mlops.auto_binning_woe_numeric | auto_woe_binning_numeric:1627 | INFO | Maximum Final Bins:.......... 10
2026-06-23 16:24:48,317 | [None] | mlops.auto_binning_woe_numeric | auto_woe_binning_numeric:1628 | INFO | Minimum IV:.................. 0.02
2026-06-23 16:24:48,317 | [None] | mlops.auto_binning_woe_numeric | auto_woe_binning_numeric:1629 | INFO | Maximum IV:.................. 0.5
2026-06-23 16:24:48,317 | [None] | mlops.auto_binning_woe_numeric | auto_woe_binning_numeric:1630 | INFO | Maximum Iterations:.......... 25
2026-06-23 16:24:48,317 | [None] | mlops.auto_binning_woe_numeric | auto_woe_binning_numeric:1631 | INFO | ==================================================
2026-06-23 16:24:48,317 | [None] | mlops.auto_binning_woe_numeric | auto_woe_binning_numeric:1650 | INFO | ==================================================
2026-06-23 16:24:48,317 | [None] | mlops.auto_binning_woe_numeric | auto_woe_binning_numeric:1651 | INFO | AUTO BINNING RESULTS
2026-06-23 16:24:48,317 | [None] | mlops.auto_binning_woe_numeric | auto_woe_binning_numeric:1652 | INFO | Stopping Iteration:............... 16
2026-06-23 16:24:48,318 | [None] | mlops.auto_binning_woe_numeric | auto_woe_binning_numeric:1653 | INFO | Feature Name:..................... bill_amount_aug_2005
2026-06-23 16:24:48,318 | [None] | mlops.auto_binning_woe_numeric | auto_woe_binning_numeric:1654 | INFO | Final Bin Count:.................. 4
2026-06-23 16:24:48,318 | [None] | mlops.auto_binning_woe_numeric | auto_woe_binning_numeric:1655 | INFO | Total Information Value (IV):..... 0.009581
2026-06-23 16:24:48,318 | [None] | mlops.auto_binning_woe_numeric | auto_woe_binning_numeric:1656 | INFO | IV Interpretation:................ Not Predictive
2026-06-23 16:24:48,318 | [None] | mlops.auto_binning_woe_numeric | auto_woe_binning_numeric:1657 | INFO | Binning Status:................... REVIEW_WEAK_VARIABLE
2026-06-23 16:24:48,318 | [None] | mlops.auto_binning_woe_numeric | auto_woe_binning_numeric:1658 | INFO | --------------------------------------------------
2026-06-23 16:24:48,318 | [None] | mlops.auto_binning_woe_numeric | auto_woe_binning_numeric:1659 | INFO | WoE Summary Table:
2026-06-23 16:24:48,320 | [None] | mlops.auto_binning_woe_numeric | auto_woe_binning_numeric:1660 | INFO | 
                 _bin    human_readable_bin  total  good  bad  bad_rate  bin_pct  good_dist  bad_dist  good_dist_minus_bad_dist  odds_ratio       woe  woe_display       iv
(-67526.001, 61808.0]  from_-67526_to_61808   6670  3256 3414  0.511844 0.757696   0.738435  0.776552                 -0.038117    0.950915 -0.050330    -5.033027 0.001918
  (61808.0, 101137.0]  from_61808_to_101137    888   460  428  0.481982 0.100875   0.104422  0.097453                  0.006969    1.071511  0.069070     6.906992 0.000481
 (101137.0, 136283.4] from_101137_to_136283    444   240  204  0.459459 0.050437   0.054535  0.046509                  0.008026    1.172572  0.159200    15.919991 0.001278
(136283.4, 336539.45] from_136283_to_336539    801   452  349  0.435705 0.090992   0.102608  0.079486                  0.023122    1.290890  0.255332    25.533200 0.005904

2026-06-23 16:24:48,320 | [None] | mlops.auto_binning_woe_numeric | auto_woe_binning_numeric:1661 | INFO | --------------------------------------------------
2026-06-23 16:24:48,320 | [None] | mlops.auto_binning_woe_numeric | auto_woe_binning_numeric:1662 | INFO | --------------------------------------------------
2026-06-23 16:24:48,320 | [None] | mlops.auto_binning_woe_numeric | auto_woe_binning_numeric:1663 | INFO | Quality Check Results:
2026-06-23 16:24:48,321 | [None] | mlops.auto_binning_woe_numeric | auto_woe_binning_numeric:1665 | INFO |   minBinPct: Is minimum pct of each bin > 0.05? -> True
2026-06-23 16:24:48,321 | [None] | mlops.auto_binning_woe_numeric | auto_woe_binning_numeric:1665 | INFO |   goodBadExist: Do good and bad exist in every bin? -> True
2026-06-23 16:24:48,321 | [None] | mlops.auto_binning_woe_numeric | auto_woe_binning_numeric:1665 | INFO |   badRateMonotonic: Is Bad Rate monotonic? -> True
2026-06-23 16:24:48,321 | [None] | mlops.auto_binning_woe_numeric | auto_woe_binning_numeric:1665 | INFO |   woeMonotonic: Is WoE monotonic? -> True
2026-06-23 16:24:48,321 | [None] | mlops.auto_binning_woe_numeric | auto_woe_binning_numeric:1665 | INFO |   binCount: Are bins between 3 and 10? -> True
2026-06-23 16:24:48,321 | [None] | mlops.auto_binning_woe_numeric | auto_woe_binning_numeric:1665 | INFO |   ivReasonable: Is IV 0.009581 reasonable? (0.02 < IV < 0.50) -> False
2026-06-23 16:24:48,321 | [None] | mlops.auto_binning_woe_numeric | auto_woe_binning_numeric:1666 | INFO | --------------------------------------------------
2026-06-23 16:24:48,322 | [None] | mlops.auto_binning_woe_numeric | auto_woe_binning_numeric:1668 | INFO | Auto binning completed successfully for feature: 'bill_amount_aug_2005'
2026-06-23 16:24:48,322 | [None] | mlops.auto_binning_woe_numeric | auto_woe_binning_numeric:1669 | INFO | ==================================================
2026-06-23 16:24:48,322 | [None] | mlops.auto_binning_woe_numeric | auto_woe_binning_numeric:1206 | INFO | Starting numeric WoE auto binning. Feature:bill_amount_jul_2005, Target:TARGET
2026-06-23 16:24:48,324 | [None] | mlops.auto_binning_woe_numeric | auto_woe_binning_numeric:1275 | INFO | Missing rows dropped. Before=8892, After=8892, Dropped=0
2026-06-23 16:24:48,324 | [None] | mlops.auto_binning_woe_numeric | auto_woe_binning_numeric:1276 | INFO | MISSING bin will be computed from 0 null observations.
2026-06-23 16:24:48,324 | [None] | mlops.auto_binning_woe_numeric | auto_woe_binning_numeric:1279 | INFO | Target variable TARGET converted to integer type.
2026-06-23 16:24:48,328 | [None] | mlops.auto_binning_woe_numeric | auto_woe_binning_numeric:1287 | INFO | Initial bins created.
2026-06-23 16:24:48,328 | [None] | mlops.auto_binning_woe_numeric | auto_woe_binning_numeric:1290 | INFO | Initial intervals created.
2026-06-23 16:24:48,328 | [None] | mlops.auto_binning_woe_numeric | auto_woe_binning_numeric:1298 | INFO | --- Iteration 1 ---
2026-06-23 16:24:48,541 | [None] | mlops.auto_binning_woe_numeric | calculate_woe_iv_table:343 | INFO | WoE / IV table calculated. Bin count=19, Total IV=0.020146
2026-06-23 16:24:48,545 | [None] | mlops.auto_binning_woe_numeric | merge_intervals:607 | INFO | Merge Completed - REMOVED ITEM: 390.0
2026-06-23 16:24:48,546 | [None] | mlops.auto_binning_woe_numeric | auto_woe_binning_numeric:1298 | INFO | --- Iteration 2 ---
2026-06-23 16:24:48,751 | [None] | mlops.auto_binning_woe_numeric | calculate_woe_iv_table:343 | INFO | WoE / IV table calculated. Bin count=18, Total IV=0.020147
2026-06-23 16:24:48,756 | [None] | mlops.auto_binning_woe_numeric | merge_intervals:607 | INFO | Merge Completed - REMOVED ITEM: 184082.7
2026-06-23 16:24:48,758 | [None] | mlops.auto_binning_woe_numeric | auto_woe_binning_numeric:1298 | INFO | --- Iteration 3 ---
2026-06-23 16:24:48,962 | [None] | mlops.auto_binning_woe_numeric | calculate_woe_iv_table:343 | INFO | WoE / IV table calculated. Bin count=17, Total IV=0.019876
2026-06-23 16:24:48,967 | [None] | mlops.auto_binning_woe_numeric | merge_intervals:607 | INFO | Merge Completed - REMOVED ITEM: 58064.25
2026-06-23 16:24:48,967 | [None] | mlops.auto_binning_woe_numeric | auto_woe_binning_numeric:1298 | INFO | --- Iteration 4 ---
2026-06-23 16:24:49,161 | [None] | mlops.auto_binning_woe_numeric | calculate_woe_iv_table:343 | INFO | WoE / IV table calculated. Bin count=16, Total IV=0.019874
2026-06-23 16:24:49,166 | [None] | mlops.auto_binning_woe_numeric | merge_intervals:607 | INFO | Merge Completed - REMOVED ITEM: 16585.7
2026-06-23 16:24:49,167 | [None] | mlops.auto_binning_woe_numeric | auto_woe_binning_numeric:1298 | INFO | --- Iteration 5 ---
2026-06-23 16:24:49,360 | [None] | mlops.auto_binning_woe_numeric | calculate_woe_iv_table:343 | INFO | WoE / IV table calculated. Bin count=15, Total IV=0.019871
2026-06-23 16:24:49,365 | [None] | mlops.auto_binning_woe_numeric | merge_intervals:607 | INFO | Merge Completed - REMOVED ITEM: 74039.2
2026-06-23 16:24:49,365 | [None] | mlops.auto_binning_woe_numeric | auto_woe_binning_numeric:1298 | INFO | --- Iteration 6 ---
2026-06-23 16:24:49,553 | [None] | mlops.auto_binning_woe_numeric | calculate_woe_iv_table:343 | INFO | WoE / IV table calculated. Bin count=14, Total IV=0.019845
2026-06-23 16:24:49,558 | [None] | mlops.auto_binning_woe_numeric | merge_intervals:607 | INFO | Merge Completed - REMOVED ITEM: 5346.0
2026-06-23 16:24:49,558 | [None] | mlops.auto_binning_woe_numeric | auto_woe_binning_numeric:1298 | INFO | --- Iteration 7 ---
2026-06-23 16:24:49,742 | [None] | mlops.auto_binning_woe_numeric | calculate_woe_iv_table:343 | INFO | WoE / IV table calculated. Bin count=13, Total IV=0.019778
2026-06-23 16:24:49,747 | [None] | mlops.auto_binning_woe_numeric | merge_intervals:607 | INFO | Merge Completed - REMOVED ITEM: 8581.0
2026-06-23 16:24:49,747 | [None] | mlops.auto_binning_woe_numeric | auto_woe_binning_numeric:1298 | INFO | --- Iteration 8 ---
2026-06-23 16:24:49,924 | [None] | mlops.auto_binning_woe_numeric | calculate_woe_iv_table:343 | INFO | WoE / IV table calculated. Bin count=12, Total IV=0.019419
2026-06-23 16:24:49,929 | [None] | mlops.auto_binning_woe_numeric | merge_intervals:607 | INFO | Merge Completed - REMOVED ITEM: 24842.05
2026-06-23 16:24:49,929 | [None] | mlops.auto_binning_woe_numeric | auto_woe_binning_numeric:1298 | INFO | --- Iteration 9 ---
2026-06-23 16:24:50,096 | [None] | mlops.auto_binning_woe_numeric | calculate_woe_iv_table:343 | INFO | WoE / IV table calculated. Bin count=11, Total IV=0.018175
2026-06-23 16:24:50,102 | [None] | mlops.auto_binning_woe_numeric | merge_intervals:607 | INFO | Merge Completed - REMOVED ITEM: 19691.5
2026-06-23 16:24:50,102 | [None] | mlops.auto_binning_woe_numeric | auto_woe_binning_numeric:1298 | INFO | --- Iteration 10 ---
2026-06-23 16:24:50,262 | [None] | mlops.auto_binning_woe_numeric | calculate_woe_iv_table:343 | INFO | WoE / IV table calculated. Bin count=10, Total IV=0.018106
2026-06-23 16:24:50,267 | [None] | mlops.auto_binning_woe_numeric | merge_intervals:607 | INFO | Merge Completed - REMOVED ITEM: 29973.2
2026-06-23 16:24:50,267 | [None] | mlops.auto_binning_woe_numeric | auto_woe_binning_numeric:1298 | INFO | --- Iteration 11 ---
2026-06-23 16:24:50,425 | [None] | mlops.auto_binning_woe_numeric | calculate_woe_iv_table:343 | INFO | WoE / IV table calculated. Bin count=9, Total IV=0.018101
2026-06-23 16:24:50,430 | [None] | mlops.auto_binning_woe_numeric | merge_intervals:607 | INFO | Merge Completed - REMOVED ITEM: 12276.0
2026-06-23 16:24:50,430 | [None] | mlops.auto_binning_woe_numeric | auto_woe_binning_numeric:1298 | INFO | --- Iteration 12 ---
2026-06-23 16:24:50,582 | [None] | mlops.auto_binning_woe_numeric | calculate_woe_iv_table:343 | INFO | WoE / IV table calculated. Bin count=8, Total IV=0.008613
2026-06-23 16:24:50,587 | [None] | mlops.auto_binning_woe_numeric | merge_intervals:607 | INFO | Merge Completed - REMOVED ITEM: 38907.75
2026-06-23 16:24:50,587 | [None] | mlops.auto_binning_woe_numeric | auto_woe_binning_numeric:1298 | INFO | --- Iteration 13 ---
2026-06-23 16:24:50,729 | [None] | mlops.auto_binning_woe_numeric | calculate_woe_iv_table:343 | INFO | WoE / IV table calculated. Bin count=7, Total IV=0.008427
2026-06-23 16:24:50,734 | [None] | mlops.auto_binning_woe_numeric | merge_intervals:607 | INFO | Merge Completed - REMOVED ITEM: 2579.75
2026-06-23 16:24:50,734 | [None] | mlops.auto_binning_woe_numeric | auto_woe_binning_numeric:1298 | INFO | --- Iteration 14 ---
2026-06-23 16:24:50,872 | [None] | mlops.auto_binning_woe_numeric | calculate_woe_iv_table:343 | INFO | WoE / IV table calculated. Bin count=6, Total IV=0.008123
2026-06-23 16:24:50,877 | [None] | mlops.auto_binning_woe_numeric | merge_intervals:607 | INFO | Merge Completed - REMOVED ITEM: 1170.0
2026-06-23 16:24:50,878 | [None] | mlops.auto_binning_woe_numeric | auto_woe_binning_numeric:1298 | INFO | --- Iteration 15 ---
2026-06-23 16:24:51,012 | [None] | mlops.auto_binning_woe_numeric | calculate_woe_iv_table:343 | INFO | WoE / IV table calculated. Bin count=5, Total IV=0.007769
2026-06-23 16:24:51,017 | [None] | mlops.auto_binning_woe_numeric | merge_intervals:607 | INFO | Merge Completed - REMOVED ITEM: 0.0
2026-06-23 16:24:51,017 | [None] | mlops.auto_binning_woe_numeric | auto_woe_binning_numeric:1298 | INFO | --- Iteration 16 ---
2026-06-23 16:24:51,146 | [None] | mlops.auto_binning_woe_numeric | calculate_woe_iv_table:343 | INFO | WoE / IV table calculated. Bin count=4, Total IV=0.007693
2026-06-23 16:24:51,151 | [None] | mlops.auto_binning_woe_numeric | auto_woe_binning_numeric:1492 | INFO | No more merge required. Stopping at iteration=16
2026-06-23 16:24:51,151 | [None] | mlops.auto_binning_woe_numeric | auto_woe_binning_numeric:1502 | INFO | Iterative merging process completed after 16 iterations.
2026-06-23 16:24:51,151 | [None] | mlops.auto_binning_woe_numeric | auto_woe_binning_numeric:1503 | INFO | ----FINAL BINNINGS RESULTS----
2026-06-23 16:24:51,282 | [None] | mlops.auto_binning_woe_numeric | calculate_woe_iv_table:343 | INFO | WoE / IV table calculated. Bin count=4, Total IV=0.007693
2026-06-23 16:24:51,285 | [None] | mlops.auto_binning_woe_numeric | auto_woe_binning_numeric:1555 | INFO | No null observations found. MISSING bin not added.
2026-06-23 16:24:51,286 | [None] | mlops.auto_binning_woe_numeric | auto_woe_binning_numeric:1574 | WARNING | Final binning quality checks completed. Assigned status: REVIEW_WEAK_VARIABLE with total IV=0.007693 below min_iv=0.02
2026-06-23 16:24:51,286 | [None] | mlops.auto_binning_woe_numeric | auto_woe_binning_numeric:1586 | INFO | Feature: bill_amount_jul_2005, Final bins=4, Total IV=0.007693, Status=REVIEW_WEAK_VARIABLE
2026-06-23 16:24:51,295 | [None] | mlops.auto_binning_woe_numeric | auto_woe_binning_numeric:1613 | INFO | Auto binning result saved to ./outputs/auto_binning_woe/bill_amount_jul_2005/final_auto_binning_woe.json
2026-06-23 16:24:51,297 | [None] | mlops.auto_binning_woe_numeric | auto_woe_binning_numeric:1618 | INFO | Final WOE table saved to ./outputs/auto_binning_woe/bill_amount_jul_2005/final_woe_table.csv
2026-06-23 16:24:51,297 | [None] | mlops.auto_binning_woe_numeric | auto_woe_binning_numeric:1621 | INFO | ==================================================
2026-06-23 16:24:51,297 | [None] | mlops.auto_binning_woe_numeric | auto_woe_binning_numeric:1622 | INFO | INITIALIZE PARAMETERS
2026-06-23 16:24:51,297 | [None] | mlops.auto_binning_woe_numeric | auto_woe_binning_numeric:1623 | INFO | Feature:..................... bill_amount_jul_2005
2026-06-23 16:24:51,297 | [None] | mlops.auto_binning_woe_numeric | auto_woe_binning_numeric:1624 | INFO | Target:...................... TARGET
2026-06-23 16:24:51,297 | [None] | mlops.auto_binning_woe_numeric | auto_woe_binning_numeric:1625 | INFO | Initial Bins:................ 20
2026-06-23 16:24:51,297 | [None] | mlops.auto_binning_woe_numeric | auto_woe_binning_numeric:1626 | INFO | Minimum Bin Percentage:...... 0.05
2026-06-23 16:24:51,297 | [None] | mlops.auto_binning_woe_numeric | auto_woe_binning_numeric:1627 | INFO | Maximum Final Bins:.......... 10
2026-06-23 16:24:51,297 | [None] | mlops.auto_binning_woe_numeric | auto_woe_binning_numeric:1628 | INFO | Minimum IV:.................. 0.02
2026-06-23 16:24:51,297 | [None] | mlops.auto_binning_woe_numeric | auto_woe_binning_numeric:1629 | INFO | Maximum IV:.................. 0.5
2026-06-23 16:24:51,297 | [None] | mlops.auto_binning_woe_numeric | auto_woe_binning_numeric:1630 | INFO | Maximum Iterations:.......... 25
2026-06-23 16:24:51,298 | [None] | mlops.auto_binning_woe_numeric | auto_woe_binning_numeric:1631 | INFO | ==================================================
2026-06-23 16:24:51,298 | [None] | mlops.auto_binning_woe_numeric | auto_woe_binning_numeric:1650 | INFO | ==================================================
2026-06-23 16:24:51,298 | [None] | mlops.auto_binning_woe_numeric | auto_woe_binning_numeric:1651 | INFO | AUTO BINNING RESULTS
2026-06-23 16:24:51,298 | [None] | mlops.auto_binning_woe_numeric | auto_woe_binning_numeric:1652 | INFO | Stopping Iteration:............... 16
2026-06-23 16:24:51,298 | [None] | mlops.auto_binning_woe_numeric | auto_woe_binning_numeric:1653 | INFO | Feature Name:..................... bill_amount_jul_2005
2026-06-23 16:24:51,298 | [None] | mlops.auto_binning_woe_numeric | auto_woe_binning_numeric:1654 | INFO | Final Bin Count:.................. 4
2026-06-23 16:24:51,298 | [None] | mlops.auto_binning_woe_numeric | auto_woe_binning_numeric:1655 | INFO | Total Information Value (IV):..... 0.007693
2026-06-23 16:24:51,298 | [None] | mlops.auto_binning_woe_numeric | auto_woe_binning_numeric:1656 | INFO | IV Interpretation:................ Not Predictive
2026-06-23 16:24:51,298 | [None] | mlops.auto_binning_woe_numeric | auto_woe_binning_numeric:1657 | INFO | Binning Status:................... REVIEW_WEAK_VARIABLE
2026-06-23 16:24:51,298 | [None] | mlops.auto_binning_woe_numeric | auto_woe_binning_numeric:1658 | INFO | --------------------------------------------------
2026-06-23 16:24:51,298 | [None] | mlops.auto_binning_woe_numeric | auto_woe_binning_numeric:1659 | INFO | WoE Summary Table:
2026-06-23 16:24:51,300 | [None] | mlops.auto_binning_woe_numeric | auto_woe_binning_numeric:1660 | INFO | 
                 _bin    human_readable_bin  total  good  bad  bad_rate  bin_pct  good_dist  bad_dist  good_dist_minus_bad_dist  odds_ratio       woe  woe_display       iv
(-61506.001, 48241.4]  from_-61506_to_48241   6224  3055 3169  0.509158 0.707032   0.693172  0.720505                 -0.027333    0.962064 -0.038674    -3.867443 0.001057
  (48241.4, 96586.95]   from_48241_to_96587   1334   663  671  0.502999 0.151539   0.150522  0.152648                 -0.002127    0.986069 -0.014029    -1.402899 0.000030
 (96586.95, 131165.7]  from_96587_to_131166    444   237  207  0.466216 0.050437   0.053879  0.047170                  0.006709    1.142241  0.132992    13.299245 0.000892
(131165.7, 323108.29] from_131166_to_323108    801   451  350  0.436954 0.090992   0.102427  0.079677                  0.022750    1.285530  0.251171    25.117084 0.005714

2026-06-23 16:24:51,300 | [None] | mlops.auto_binning_woe_numeric | auto_woe_binning_numeric:1661 | INFO | --------------------------------------------------
2026-06-23 16:24:51,300 | [None] | mlops.auto_binning_woe_numeric | auto_woe_binning_numeric:1662 | INFO | --------------------------------------------------
2026-06-23 16:24:51,300 | [None] | mlops.auto_binning_woe_numeric | auto_woe_binning_numeric:1663 | INFO | Quality Check Results:
2026-06-23 16:24:51,300 | [None] | mlops.auto_binning_woe_numeric | auto_woe_binning_numeric:1665 | INFO |   minBinPct: Is minimum pct of each bin > 0.05? -> True
2026-06-23 16:24:51,301 | [None] | mlops.auto_binning_woe_numeric | auto_woe_binning_numeric:1665 | INFO |   goodBadExist: Do good and bad exist in every bin? -> True
2026-06-23 16:24:51,301 | [None] | mlops.auto_binning_woe_numeric | auto_woe_binning_numeric:1665 | INFO |   badRateMonotonic: Is Bad Rate monotonic? -> True
2026-06-23 16:24:51,301 | [None] | mlops.auto_binning_woe_numeric | auto_woe_binning_numeric:1665 | INFO |   woeMonotonic: Is WoE monotonic? -> True
2026-06-23 16:24:51,301 | [None] | mlops.auto_binning_woe_numeric | auto_woe_binning_numeric:1665 | INFO |   binCount: Are bins between 3 and 10? -> True
2026-06-23 16:24:51,301 | [None] | mlops.auto_binning_woe_numeric | auto_woe_binning_numeric:1665 | INFO |   ivReasonable: Is IV 0.007693 reasonable? (0.02 < IV < 0.50) -> False
2026-06-23 16:24:51,302 | [None] | mlops.auto_binning_woe_numeric | auto_woe_binning_numeric:1666 | INFO | --------------------------------------------------
2026-06-23 16:24:51,311 | [None] | mlops.auto_binning_woe_numeric | auto_woe_binning_numeric:1668 | INFO | Auto binning completed successfully for feature: 'bill_amount_jul_2005'
2026-06-23 16:24:51,311 | [None] | mlops.auto_binning_woe_numeric | auto_woe_binning_numeric:1669 | INFO | ==================================================
2026-06-23 16:24:51,312 | [None] | mlops.auto_binning_woe_numeric | auto_woe_binning_numeric:1206 | INFO | Starting numeric WoE auto binning. Feature:bill_amount_jun_2005, Target:TARGET
2026-06-23 16:24:51,317 | [None] | mlops.auto_binning_woe_numeric | auto_woe_binning_numeric:1275 | INFO | Missing rows dropped. Before=8892, After=8892, Dropped=0
2026-06-23 16:24:51,317 | [None] | mlops.auto_binning_woe_numeric | auto_woe_binning_numeric:1276 | INFO | MISSING bin will be computed from 0 null observations.
2026-06-23 16:24:51,318 | [None] | mlops.auto_binning_woe_numeric | auto_woe_binning_numeric:1279 | INFO | Target variable TARGET converted to integer type.
2026-06-23 16:24:51,324 | [None] | mlops.auto_binning_woe_numeric | auto_woe_binning_numeric:1287 | INFO | Initial bins created.
2026-06-23 16:24:51,325 | [None] | mlops.auto_binning_woe_numeric | auto_woe_binning_numeric:1290 | INFO | Initial intervals created.
2026-06-23 16:24:51,325 | [None] | mlops.auto_binning_woe_numeric | auto_woe_binning_numeric:1298 | INFO | --- Iteration 1 ---
2026-06-23 16:24:51,564 | [None] | mlops.auto_binning_woe_numeric | calculate_woe_iv_table:343 | INFO | WoE / IV table calculated. Bin count=19, Total IV=0.029662
2026-06-23 16:24:51,569 | [None] | mlops.auto_binning_woe_numeric | merge_intervals:607 | INFO | Merge Completed - REMOVED ITEM: 326.0
2026-06-23 16:24:51,569 | [None] | mlops.auto_binning_woe_numeric | auto_woe_binning_numeric:1298 | INFO | --- Iteration 2 ---
2026-06-23 16:24:51,778 | [None] | mlops.auto_binning_woe_numeric | calculate_woe_iv_table:343 | INFO | WoE / IV table calculated. Bin count=18, Total IV=0.028892
2026-06-23 16:24:51,782 | [None] | mlops.auto_binning_woe_numeric | merge_intervals:607 | INFO | Merge Completed - REMOVED ITEM: 2141.5
2026-06-23 16:24:51,783 | [None] | mlops.auto_binning_woe_numeric | auto_woe_binning_numeric:1298 | INFO | --- Iteration 3 ---
2026-06-23 16:24:51,990 | [None] | mlops.auto_binning_woe_numeric | calculate_woe_iv_table:343 | INFO | WoE / IV table calculated. Bin count=17, Total IV=0.028155
2026-06-23 16:24:51,994 | [None] | mlops.auto_binning_woe_numeric | merge_intervals:607 | INFO | Merge Completed - REMOVED ITEM: 4507.0
2026-06-23 16:24:51,994 | [None] | mlops.auto_binning_woe_numeric | auto_woe_binning_numeric:1298 | INFO | --- Iteration 4 ---
2026-06-23 16:24:52,188 | [None] | mlops.auto_binning_woe_numeric | calculate_woe_iv_table:343 | INFO | WoE / IV table calculated. Bin count=16, Total IV=0.027367
2026-06-23 16:24:52,192 | [None] | mlops.auto_binning_woe_numeric | merge_intervals:607 | INFO | Merge Completed - REMOVED ITEM: 15514.2
2026-06-23 16:24:52,192 | [None] | mlops.auto_binning_woe_numeric | auto_woe_binning_numeric:1298 | INFO | --- Iteration 5 ---
2026-06-23 16:24:52,389 | [None] | mlops.auto_binning_woe_numeric | calculate_woe_iv_table:343 | INFO | WoE / IV table calculated. Bin count=15, Total IV=0.026643
2026-06-23 16:24:52,394 | [None] | mlops.auto_binning_woe_numeric | merge_intervals:607 | INFO | Merge Completed - REMOVED ITEM: 18759.0
2026-06-23 16:24:52,394 | [None] | mlops.auto_binning_woe_numeric | auto_woe_binning_numeric:1298 | INFO | --- Iteration 6 ---
2026-06-23 16:24:52,583 | [None] | mlops.auto_binning_woe_numeric | calculate_woe_iv_table:343 | INFO | WoE / IV table calculated. Bin count=14, Total IV=0.026286
2026-06-23 16:24:52,587 | [None] | mlops.auto_binning_woe_numeric | merge_intervals:607 | INFO | Merge Completed - REMOVED ITEM: 22145.55
2026-06-23 16:24:52,588 | [None] | mlops.auto_binning_woe_numeric | auto_woe_binning_numeric:1298 | INFO | --- Iteration 7 ---
2026-06-23 16:24:52,770 | [None] | mlops.auto_binning_woe_numeric | calculate_woe_iv_table:343 | INFO | WoE / IV table calculated. Bin count=13, Total IV=0.026079
2026-06-23 16:24:52,775 | [None] | mlops.auto_binning_woe_numeric | merge_intervals:607 | INFO | Merge Completed - REMOVED ITEM: 43567.0
2026-06-23 16:24:52,775 | [None] | mlops.auto_binning_woe_numeric | auto_woe_binning_numeric:1298 | INFO | --- Iteration 8 ---
2026-06-23 16:24:52,951 | [None] | mlops.auto_binning_woe_numeric | calculate_woe_iv_table:343 | INFO | WoE / IV table calculated. Bin count=12, Total IV=0.025149
2026-06-23 16:24:52,955 | [None] | mlops.auto_binning_woe_numeric | merge_intervals:607 | INFO | Merge Completed - REMOVED ITEM: 69475.0
2026-06-23 16:24:52,955 | [None] | mlops.auto_binning_woe_numeric | auto_woe_binning_numeric:1298 | INFO | --- Iteration 9 ---
2026-06-23 16:24:53,124 | [None] | mlops.auto_binning_woe_numeric | calculate_woe_iv_table:343 | INFO | WoE / IV table calculated. Bin count=11, Total IV=0.025152
2026-06-23 16:24:53,129 | [None] | mlops.auto_binning_woe_numeric | merge_intervals:607 | INFO | Merge Completed - REMOVED ITEM: 120079.7
2026-06-23 16:24:53,129 | [None] | mlops.auto_binning_woe_numeric | auto_woe_binning_numeric:1298 | INFO | --- Iteration 10 ---
2026-06-23 16:24:53,288 | [None] | mlops.auto_binning_woe_numeric | calculate_woe_iv_table:343 | INFO | WoE / IV table calculated. Bin count=10, Total IV=0.024834
2026-06-23 16:24:53,292 | [None] | mlops.auto_binning_woe_numeric | merge_intervals:607 | INFO | Merge Completed - REMOVED ITEM: 52237.0
2026-06-23 16:24:53,293 | [None] | mlops.auto_binning_woe_numeric | auto_woe_binning_numeric:1298 | INFO | --- Iteration 11 ---
2026-06-23 16:24:53,452 | [None] | mlops.auto_binning_woe_numeric | calculate_woe_iv_table:343 | INFO | WoE / IV table calculated. Bin count=9, Total IV=0.024811
2026-06-23 16:24:53,457 | [None] | mlops.auto_binning_woe_numeric | merge_intervals:607 | INFO | Merge Completed - REMOVED ITEM: 89631.1
2026-06-23 16:24:53,457 | [None] | mlops.auto_binning_woe_numeric | auto_woe_binning_numeric:1298 | INFO | --- Iteration 12 ---
2026-06-23 16:24:53,605 | [None] | mlops.auto_binning_woe_numeric | calculate_woe_iv_table:343 | INFO | WoE / IV table calculated. Bin count=8, Total IV=0.019862
2026-06-23 16:24:53,610 | [None] | mlops.auto_binning_woe_numeric | merge_intervals:607 | INFO | Merge Completed - REMOVED ITEM: 173512.25
2026-06-23 16:24:53,610 | [None] | mlops.auto_binning_woe_numeric | auto_woe_binning_numeric:1298 | INFO | --- Iteration 13 ---
2026-06-23 16:24:53,759 | [None] | mlops.auto_binning_woe_numeric | calculate_woe_iv_table:343 | INFO | WoE / IV table calculated. Bin count=7, Total IV=0.019852
2026-06-23 16:24:53,763 | [None] | mlops.auto_binning_woe_numeric | merge_intervals:607 | INFO | Merge Completed - REMOVED ITEM: 899.0
2026-06-23 16:24:53,764 | [None] | mlops.auto_binning_woe_numeric | auto_woe_binning_numeric:1298 | INFO | --- Iteration 14 ---
2026-06-23 16:24:53,905 | [None] | mlops.auto_binning_woe_numeric | calculate_woe_iv_table:343 | INFO | WoE / IV table calculated. Bin count=6, Total IV=0.015977
2026-06-23 16:24:53,909 | [None] | mlops.auto_binning_woe_numeric | merge_intervals:607 | INFO | Merge Completed - REMOVED ITEM: 27935.4
2026-06-23 16:24:53,910 | [None] | mlops.auto_binning_woe_numeric | auto_woe_binning_numeric:1298 | INFO | --- Iteration 15 ---
2026-06-23 16:24:54,044 | [None] | mlops.auto_binning_woe_numeric | calculate_woe_iv_table:343 | INFO | WoE / IV table calculated. Bin count=5, Total IV=0.014630
2026-06-23 16:24:54,049 | [None] | mlops.auto_binning_woe_numeric | merge_intervals:607 | INFO | Merge Completed - REMOVED ITEM: 11185.4
2026-06-23 16:24:54,050 | [None] | mlops.auto_binning_woe_numeric | auto_woe_binning_numeric:1298 | INFO | --- Iteration 16 ---
2026-06-23 16:24:54,186 | [None] | mlops.auto_binning_woe_numeric | calculate_woe_iv_table:343 | INFO | WoE / IV table calculated. Bin count=4, Total IV=0.010291
2026-06-23 16:24:54,190 | [None] | mlops.auto_binning_woe_numeric | merge_intervals:607 | INFO | Merge Completed - REMOVED ITEM: 7930.55
2026-06-23 16:24:54,190 | [None] | mlops.auto_binning_woe_numeric | auto_woe_binning_numeric:1298 | INFO | --- Iteration 17 ---
2026-06-23 16:24:54,311 | [None] | mlops.auto_binning_woe_numeric | calculate_woe_iv_table:343 | INFO | WoE / IV table calculated. Bin count=3, Total IV=0.001677
2026-06-23 16:24:54,314 | [None] | mlops.auto_binning_woe_numeric | auto_woe_binning_numeric:1502 | INFO | Iterative merging process completed after 17 iterations.
2026-06-23 16:24:54,315 | [None] | mlops.auto_binning_woe_numeric | auto_woe_binning_numeric:1503 | INFO | ----FINAL BINNINGS RESULTS----
2026-06-23 16:24:54,439 | [None] | mlops.auto_binning_woe_numeric | calculate_woe_iv_table:343 | INFO | WoE / IV table calculated. Bin count=3, Total IV=0.001677
2026-06-23 16:24:54,442 | [None] | mlops.auto_binning_woe_numeric | auto_woe_binning_numeric:1555 | INFO | No null observations found. MISSING bin not added.
2026-06-23 16:24:54,443 | [None] | mlops.auto_binning_woe_numeric | auto_woe_binning_numeric:1574 | WARNING | Final binning quality checks completed. Assigned status: REVIEW_WEAK_VARIABLE with total IV=0.001677 below min_iv=0.02
2026-06-23 16:24:54,443 | [None] | mlops.auto_binning_woe_numeric | auto_woe_binning_numeric:1586 | INFO | Feature: bill_amount_jun_2005, Final bins=3, Total IV=0.001677, Status=REVIEW_WEAK_VARIABLE
2026-06-23 16:24:54,451 | [None] | mlops.auto_binning_woe_numeric | auto_woe_binning_numeric:1613 | INFO | Auto binning result saved to ./outputs/auto_binning_woe/bill_amount_jun_2005/final_auto_binning_woe.json
2026-06-23 16:24:54,453 | [None] | mlops.auto_binning_woe_numeric | auto_woe_binning_numeric:1618 | INFO | Final WOE table saved to ./outputs/auto_binning_woe/bill_amount_jun_2005/final_woe_table.csv
2026-06-23 16:24:54,453 | [None] | mlops.auto_binning_woe_numeric | auto_woe_binning_numeric:1621 | INFO | ==================================================
2026-06-23 16:24:54,453 | [None] | mlops.auto_binning_woe_numeric | auto_woe_binning_numeric:1622 | INFO | INITIALIZE PARAMETERS
2026-06-23 16:24:54,453 | [None] | mlops.auto_binning_woe_numeric | auto_woe_binning_numeric:1623 | INFO | Feature:..................... bill_amount_jun_2005
2026-06-23 16:24:54,453 | [None] | mlops.auto_binning_woe_numeric | auto_woe_binning_numeric:1624 | INFO | Target:...................... TARGET
2026-06-23 16:24:54,454 | [None] | mlops.auto_binning_woe_numeric | auto_woe_binning_numeric:1625 | INFO | Initial Bins:................ 20
2026-06-23 16:24:54,454 | [None] | mlops.auto_binning_woe_numeric | auto_woe_binning_numeric:1626 | INFO | Minimum Bin Percentage:...... 0.05
2026-06-23 16:24:54,454 | [None] | mlops.auto_binning_woe_numeric | auto_woe_binning_numeric:1627 | INFO | Maximum Final Bins:.......... 10
2026-06-23 16:24:54,454 | [None] | mlops.auto_binning_woe_numeric | auto_woe_binning_numeric:1628 | INFO | Minimum IV:.................. 0.02
2026-06-23 16:24:54,454 | [None] | mlops.auto_binning_woe_numeric | auto_woe_binning_numeric:1629 | INFO | Maximum IV:.................. 0.5
2026-06-23 16:24:54,454 | [None] | mlops.auto_binning_woe_numeric | auto_woe_binning_numeric:1630 | INFO | Maximum Iterations:.......... 25
2026-06-23 16:24:54,454 | [None] | mlops.auto_binning_woe_numeric | auto_woe_binning_numeric:1631 | INFO | ==================================================
2026-06-23 16:24:54,454 | [None] | mlops.auto_binning_woe_numeric | auto_woe_binning_numeric:1650 | INFO | ==================================================
2026-06-23 16:24:54,454 | [None] | mlops.auto_binning_woe_numeric | auto_woe_binning_numeric:1651 | INFO | AUTO BINNING RESULTS
2026-06-23 16:24:54,454 | [None] | mlops.auto_binning_woe_numeric | auto_woe_binning_numeric:1652 | INFO | Stopping Iteration:............... 17
2026-06-23 16:24:54,454 | [None] | mlops.auto_binning_woe_numeric | auto_woe_binning_numeric:1653 | INFO | Feature Name:..................... bill_amount_jun_2005
2026-06-23 16:24:54,454 | [None] | mlops.auto_binning_woe_numeric | auto_woe_binning_numeric:1654 | INFO | Final Bin Count:.................. 3
2026-06-23 16:24:54,455 | [None] | mlops.auto_binning_woe_numeric | auto_woe_binning_numeric:1655 | INFO | Total Information Value (IV):..... 0.001677
2026-06-23 16:24:54,455 | [None] | mlops.auto_binning_woe_numeric | auto_woe_binning_numeric:1656 | INFO | IV Interpretation:................ Not Predictive
2026-06-23 16:24:54,455 | [None] | mlops.auto_binning_woe_numeric | auto_woe_binning_numeric:1657 | INFO | Binning Status:................... REVIEW_WEAK_VARIABLE
2026-06-23 16:24:54,455 | [None] | mlops.auto_binning_woe_numeric | auto_woe_binning_numeric:1658 | INFO | --------------------------------------------------
2026-06-23 16:24:54,455 | [None] | mlops.auto_binning_woe_numeric | auto_woe_binning_numeric:1659 | INFO | WoE Summary Table:
2026-06-23 16:24:54,456 | [None] | mlops.auto_binning_woe_numeric | auto_woe_binning_numeric:1660 | INFO | 
                 _bin   human_readable_bin  total  good  bad  bad_rate  bin_pct  good_dist  bad_dist  good_dist_minus_bad_dist  odds_ratio       woe  woe_display       iv
    (-46627.001, 0.0]     from_-46627_to_0   1155   579  576  0.498701 0.129892   0.130298  0.129623                  0.000675    1.005204  0.005190     0.519032 0.000004
      (0.0, 33184.95]      from_0_to_33185   4625  2270 2355  0.509189 0.520130   0.510512  0.529623                 -0.019112    0.963914 -0.036753    -3.675295 0.000702
(33184.95, 312314.09] from_33185_to_312314   3112  1597 1515  0.486825 0.349978   0.359191  0.340753                  0.018437    1.054108  0.052694     5.269449 0.000972

2026-06-23 16:24:54,457 | [None] | mlops.auto_binning_woe_numeric | auto_woe_binning_numeric:1661 | INFO | --------------------------------------------------
2026-06-23 16:24:54,457 | [None] | mlops.auto_binning_woe_numeric | auto_woe_binning_numeric:1662 | INFO | --------------------------------------------------
2026-06-23 16:24:54,457 | [None] | mlops.auto_binning_woe_numeric | auto_woe_binning_numeric:1663 | INFO | Quality Check Results:
2026-06-23 16:24:54,457 | [None] | mlops.auto_binning_woe_numeric | auto_woe_binning_numeric:1665 | INFO |   minBinPct: Is minimum pct of each bin > 0.05? -> True
2026-06-23 16:24:54,457 | [None] | mlops.auto_binning_woe_numeric | auto_woe_binning_numeric:1665 | INFO |   goodBadExist: Do good and bad exist in every bin? -> True
2026-06-23 16:24:54,457 | [None] | mlops.auto_binning_woe_numeric | auto_woe_binning_numeric:1665 | INFO |   badRateMonotonic: Is Bad Rate monotonic? -> False
2026-06-23 16:24:54,457 | [None] | mlops.auto_binning_woe_numeric | auto_woe_binning_numeric:1665 | INFO |   woeMonotonic: Is WoE monotonic? -> False
2026-06-23 16:24:54,457 | [None] | mlops.auto_binning_woe_numeric | auto_woe_binning_numeric:1665 | INFO |   binCount: Are bins between 3 and 10? -> True
2026-06-23 16:24:54,457 | [None] | mlops.auto_binning_woe_numeric | auto_woe_binning_numeric:1665 | INFO |   ivReasonable: Is IV 0.001677 reasonable? (0.02 < IV < 0.50) -> False
2026-06-23 16:24:54,457 | [None] | mlops.auto_binning_woe_numeric | auto_woe_binning_numeric:1666 | INFO | --------------------------------------------------
2026-06-23 16:24:54,457 | [None] | mlops.auto_binning_woe_numeric | auto_woe_binning_numeric:1668 | INFO | Auto binning completed successfully for feature: 'bill_amount_jun_2005'
2026-06-23 16:24:54,457 | [None] | mlops.auto_binning_woe_numeric | auto_woe_binning_numeric:1669 | INFO | ==================================================
2026-06-23 16:24:54,458 | [None] | mlops.auto_binning_woe_numeric | auto_woe_binning_numeric:1206 | INFO | Starting numeric WoE auto binning. Feature:bill_amount_may_2005, Target:TARGET
2026-06-23 16:24:54,460 | [None] | mlops.auto_binning_woe_numeric | auto_woe_binning_numeric:1275 | INFO | Missing rows dropped. Before=8892, After=8892, Dropped=0
2026-06-23 16:24:54,460 | [None] | mlops.auto_binning_woe_numeric | auto_woe_binning_numeric:1276 | INFO | MISSING bin will be computed from 0 null observations.
2026-06-23 16:24:54,460 | [None] | mlops.auto_binning_woe_numeric | auto_woe_binning_numeric:1279 | INFO | Target variable TARGET converted to integer type.
2026-06-23 16:24:54,463 | [None] | mlops.auto_binning_woe_numeric | auto_woe_binning_numeric:1287 | INFO | Initial bins created.
2026-06-23 16:24:54,464 | [None] | mlops.auto_binning_woe_numeric | auto_woe_binning_numeric:1290 | INFO | Initial intervals created.
2026-06-23 16:24:54,464 | [None] | mlops.auto_binning_woe_numeric | auto_woe_binning_numeric:1298 | INFO | --- Iteration 1 ---
2026-06-23 16:24:54,685 | [None] | mlops.auto_binning_woe_numeric | calculate_woe_iv_table:343 | INFO | WoE / IV table calculated. Bin count=19, Total IV=0.029147
2026-06-23 16:24:54,690 | [None] | mlops.auto_binning_woe_numeric | merge_intervals:607 | INFO | Merge Completed - REMOVED ITEM: 0.0
2026-06-23 16:24:54,690 | [None] | mlops.auto_binning_woe_numeric | auto_woe_binning_numeric:1298 | INFO | --- Iteration 2 ---
2026-06-23 16:24:54,899 | [None] | mlops.auto_binning_woe_numeric | calculate_woe_iv_table:343 | INFO | WoE / IV table calculated. Bin count=18, Total IV=0.028558
2026-06-23 16:24:54,904 | [None] | mlops.auto_binning_woe_numeric | merge_intervals:607 | INFO | Merge Completed - REMOVED ITEM: 695.2
2026-06-23 16:24:54,904 | [None] | mlops.auto_binning_woe_numeric | auto_woe_binning_numeric:1298 | INFO | --- Iteration 3 ---
2026-06-23 16:24:55,109 | [None] | mlops.auto_binning_woe_numeric | calculate_woe_iv_table:343 | INFO | WoE / IV table calculated. Bin count=17, Total IV=0.028536
2026-06-23 16:24:55,114 | [None] | mlops.auto_binning_woe_numeric | merge_intervals:607 | INFO | Merge Completed - REMOVED ITEM: 25927.6
2026-06-23 16:24:55,114 | [None] | mlops.auto_binning_woe_numeric | auto_woe_binning_numeric:1298 | INFO | --- Iteration 4 ---
2026-06-23 16:24:55,312 | [None] | mlops.auto_binning_woe_numeric | calculate_woe_iv_table:343 | INFO | WoE / IV table calculated. Bin count=16, Total IV=0.028491
2026-06-23 16:24:55,317 | [None] | mlops.auto_binning_woe_numeric | merge_intervals:607 | INFO | Merge Completed - REMOVED ITEM: 3459.2
2026-06-23 16:24:55,317 | [None] | mlops.auto_binning_woe_numeric | auto_woe_binning_numeric:1298 | INFO | --- Iteration 5 ---
2026-06-23 16:24:55,508 | [None] | mlops.auto_binning_woe_numeric | calculate_woe_iv_table:343 | INFO | WoE / IV table calculated. Bin count=15, Total IV=0.028412
2026-06-23 16:24:55,512 | [None] | mlops.auto_binning_woe_numeric | merge_intervals:607 | INFO | Merge Completed - REMOVED ITEM: 9997.4
2026-06-23 16:24:55,513 | [None] | mlops.auto_binning_woe_numeric | auto_woe_binning_numeric:1298 | INFO | --- Iteration 6 ---
2026-06-23 16:24:55,696 | [None] | mlops.auto_binning_woe_numeric | calculate_woe_iv_table:343 | INFO | WoE / IV table calculated. Bin count=14, Total IV=0.028303
2026-06-23 16:24:55,702 | [None] | mlops.auto_binning_woe_numeric | merge_intervals:607 | INFO | Merge Completed - REMOVED ITEM: 38646.4
2026-06-23 16:24:55,702 | [None] | mlops.auto_binning_woe_numeric | auto_woe_binning_numeric:1298 | INFO | --- Iteration 7 ---
2026-06-23 16:24:55,883 | [None] | mlops.auto_binning_woe_numeric | calculate_woe_iv_table:343 | INFO | WoE / IV table calculated. Bin count=13, Total IV=0.028248
2026-06-23 16:24:55,888 | [None] | mlops.auto_binning_woe_numeric | merge_intervals:607 | INFO | Merge Completed - REMOVED ITEM: 63756.6
2026-06-23 16:24:55,888 | [None] | mlops.auto_binning_woe_numeric | auto_woe_binning_numeric:1298 | INFO | --- Iteration 8 ---
2026-06-23 16:24:56,068 | [None] | mlops.auto_binning_woe_numeric | calculate_woe_iv_table:343 | INFO | WoE / IV table calculated. Bin count=12, Total IV=0.028240
2026-06-23 16:24:56,072 | [None] | mlops.auto_binning_woe_numeric | merge_intervals:607 | INFO | Merge Completed - REMOVED ITEM: 83243.2
2026-06-23 16:24:56,072 | [None] | mlops.auto_binning_woe_numeric | auto_woe_binning_numeric:1298 | INFO | --- Iteration 9 ---
2026-06-23 16:24:56,248 | [None] | mlops.auto_binning_woe_numeric | calculate_woe_iv_table:343 | INFO | WoE / IV table calculated. Bin count=11, Total IV=0.027931
2026-06-23 16:24:56,253 | [None] | mlops.auto_binning_woe_numeric | merge_intervals:607 | INFO | Merge Completed - REMOVED ITEM: 17869.0
2026-06-23 16:24:56,253 | [None] | mlops.auto_binning_woe_numeric | auto_woe_binning_numeric:1298 | INFO | --- Iteration 10 ---
2026-06-23 16:24:56,414 | [None] | mlops.auto_binning_woe_numeric | calculate_woe_iv_table:343 | INFO | WoE / IV table calculated. Bin count=10, Total IV=0.027068
2026-06-23 16:24:56,419 | [None] | mlops.auto_binning_woe_numeric | merge_intervals:607 | INFO | Merge Completed - REMOVED ITEM: 6836.7
2026-06-23 16:24:56,419 | [None] | mlops.auto_binning_woe_numeric | auto_woe_binning_numeric:1298 | INFO | --- Iteration 11 ---
2026-06-23 16:24:56,580 | [None] | mlops.auto_binning_woe_numeric | calculate_woe_iv_table:343 | INFO | WoE / IV table calculated. Bin count=9, Total IV=0.025087
2026-06-23 16:24:56,585 | [None] | mlops.auto_binning_woe_numeric | merge_intervals:607 | INFO | Merge Completed - REMOVED ITEM: 165238.0
2026-06-23 16:24:56,585 | [None] | mlops.auto_binning_woe_numeric | auto_woe_binning_numeric:1298 | INFO | --- Iteration 12 ---
2026-06-23 16:24:56,738 | [None] | mlops.auto_binning_woe_numeric | calculate_woe_iv_table:343 | INFO | WoE / IV table calculated. Bin count=8, Total IV=0.022157
2026-06-23 16:24:56,743 | [None] | mlops.auto_binning_woe_numeric | merge_intervals:607 | INFO | Merge Completed - REMOVED ITEM: 14068.95
2026-06-23 16:24:56,743 | [None] | mlops.auto_binning_woe_numeric | auto_woe_binning_numeric:1298 | INFO | --- Iteration 13 ---
2026-06-23 16:24:56,889 | [None] | mlops.auto_binning_woe_numeric | calculate_woe_iv_table:343 | INFO | WoE / IV table calculated. Bin count=7, Total IV=0.011702
2026-06-23 16:24:56,893 | [None] | mlops.auto_binning_woe_numeric | merge_intervals:607 | INFO | Merge Completed - REMOVED ITEM: 1646.5
2026-06-23 16:24:56,893 | [None] | mlops.auto_binning_woe_numeric | auto_woe_binning_numeric:1298 | INFO | --- Iteration 14 ---
2026-06-23 16:24:57,034 | [None] | mlops.auto_binning_woe_numeric | calculate_woe_iv_table:343 | INFO | WoE / IV table calculated. Bin count=6, Total IV=0.011621
2026-06-23 16:24:57,039 | [None] | mlops.auto_binning_woe_numeric | merge_intervals:607 | INFO | Merge Completed - REMOVED ITEM: 20085.0
2026-06-23 16:24:57,039 | [None] | mlops.auto_binning_woe_numeric | auto_woe_binning_numeric:1298 | INFO | --- Iteration 15 ---
2026-06-23 16:24:57,171 | [None] | mlops.auto_binning_woe_numeric | calculate_woe_iv_table:343 | INFO | WoE / IV table calculated. Bin count=5, Total IV=0.005777
2026-06-23 16:24:57,175 | [None] | mlops.auto_binning_woe_numeric | merge_intervals:607 | INFO | Merge Completed - REMOVED ITEM: 29837.15
2026-06-23 16:24:57,175 | [None] | mlops.auto_binning_woe_numeric | auto_woe_binning_numeric:1298 | INFO | --- Iteration 16 ---
2026-06-23 16:24:57,304 | [None] | mlops.auto_binning_woe_numeric | calculate_woe_iv_table:343 | INFO | WoE / IV table calculated. Bin count=4, Total IV=0.003404
2026-06-23 16:24:57,309 | [None] | mlops.auto_binning_woe_numeric | auto_woe_binning_numeric:1492 | INFO | No more merge required. Stopping at iteration=16
2026-06-23 16:24:57,309 | [None] | mlops.auto_binning_woe_numeric | auto_woe_binning_numeric:1502 | INFO | Iterative merging process completed after 16 iterations.
2026-06-23 16:24:57,310 | [None] | mlops.auto_binning_woe_numeric | auto_woe_binning_numeric:1503 | INFO | ----FINAL BINNINGS RESULTS----
2026-06-23 16:24:57,442 | [None] | mlops.auto_binning_woe_numeric | calculate_woe_iv_table:343 | INFO | WoE / IV table calculated. Bin count=4, Total IV=0.003404
2026-06-23 16:24:57,446 | [None] | mlops.auto_binning_woe_numeric | auto_woe_binning_numeric:1555 | INFO | No null observations found. MISSING bin not added.
2026-06-23 16:24:57,446 | [None] | mlops.auto_binning_woe_numeric | auto_woe_binning_numeric:1574 | WARNING | Final binning quality checks completed. Assigned status: REVIEW_WEAK_VARIABLE with total IV=0.003404 below min_iv=0.02
2026-06-23 16:24:57,446 | [None] | mlops.auto_binning_woe_numeric | auto_woe_binning_numeric:1586 | INFO | Feature: bill_amount_may_2005, Final bins=4, Total IV=0.003404, Status=REVIEW_WEAK_VARIABLE
2026-06-23 16:24:57,455 | [None] | mlops.auto_binning_woe_numeric | auto_woe_binning_numeric:1613 | INFO | Auto binning result saved to ./outputs/auto_binning_woe/bill_amount_may_2005/final_auto_binning_woe.json
2026-06-23 16:24:57,457 | [None] | mlops.auto_binning_woe_numeric | auto_woe_binning_numeric:1618 | INFO | Final WOE table saved to ./outputs/auto_binning_woe/bill_amount_may_2005/final_woe_table.csv
2026-06-23 16:24:57,457 | [None] | mlops.auto_binning_woe_numeric | auto_woe_binning_numeric:1621 | INFO | ==================================================
2026-06-23 16:24:57,457 | [None] | mlops.auto_binning_woe_numeric | auto_woe_binning_numeric:1622 | INFO | INITIALIZE PARAMETERS
2026-06-23 16:24:57,457 | [None] | mlops.auto_binning_woe_numeric | auto_woe_binning_numeric:1623 | INFO | Feature:..................... bill_amount_may_2005
2026-06-23 16:24:57,458 | [None] | mlops.auto_binning_woe_numeric | auto_woe_binning_numeric:1624 | INFO | Target:...................... TARGET
2026-06-23 16:24:57,458 | [None] | mlops.auto_binning_woe_numeric | auto_woe_binning_numeric:1625 | INFO | Initial Bins:................ 20
2026-06-23 16:24:57,458 | [None] | mlops.auto_binning_woe_numeric | auto_woe_binning_numeric:1626 | INFO | Minimum Bin Percentage:...... 0.05
2026-06-23 16:24:57,458 | [None] | mlops.auto_binning_woe_numeric | auto_woe_binning_numeric:1627 | INFO | Maximum Final Bins:.......... 10
2026-06-23 16:24:57,458 | [None] | mlops.auto_binning_woe_numeric | auto_woe_binning_numeric:1628 | INFO | Minimum IV:.................. 0.02
2026-06-23 16:24:57,458 | [None] | mlops.auto_binning_woe_numeric | auto_woe_binning_numeric:1629 | INFO | Maximum IV:.................. 0.5
2026-06-23 16:24:57,458 | [None] | mlops.auto_binning_woe_numeric | auto_woe_binning_numeric:1630 | INFO | Maximum Iterations:.......... 25
2026-06-23 16:24:57,458 | [None] | mlops.auto_binning_woe_numeric | auto_woe_binning_numeric:1631 | INFO | ==================================================
2026-06-23 16:24:57,458 | [None] | mlops.auto_binning_woe_numeric | auto_woe_binning_numeric:1650 | INFO | ==================================================
2026-06-23 16:24:57,458 | [None] | mlops.auto_binning_woe_numeric | auto_woe_binning_numeric:1651 | INFO | AUTO BINNING RESULTS
2026-06-23 16:24:57,458 | [None] | mlops.auto_binning_woe_numeric | auto_woe_binning_numeric:1652 | INFO | Stopping Iteration:............... 16
2026-06-23 16:24:57,459 | [None] | mlops.auto_binning_woe_numeric | auto_woe_binning_numeric:1653 | INFO | Feature Name:..................... bill_amount_may_2005
2026-06-23 16:24:57,459 | [None] | mlops.auto_binning_woe_numeric | auto_woe_binning_numeric:1654 | INFO | Final Bin Count:.................. 4
2026-06-23 16:24:57,459 | [None] | mlops.auto_binning_woe_numeric | auto_woe_binning_numeric:1655 | INFO | Total Information Value (IV):..... 0.003404
2026-06-23 16:24:57,459 | [None] | mlops.auto_binning_woe_numeric | auto_woe_binning_numeric:1656 | INFO | IV Interpretation:................ Not Predictive
2026-06-23 16:24:57,459 | [None] | mlops.auto_binning_woe_numeric | auto_woe_binning_numeric:1657 | INFO | Binning Status:................... REVIEW_WEAK_VARIABLE
2026-06-23 16:24:57,459 | [None] | mlops.auto_binning_woe_numeric | auto_woe_binning_numeric:1658 | INFO | --------------------------------------------------
2026-06-23 16:24:57,459 | [None] | mlops.auto_binning_woe_numeric | auto_woe_binning_numeric:1659 | INFO | WoE Summary Table:
2026-06-23 16:24:57,461 | [None] | mlops.auto_binning_woe_numeric | auto_woe_binning_numeric:1660 | INFO | 
                 _bin    human_readable_bin  total  good  bad  bad_rate  bin_pct  good_dist  bad_dist  good_dist_minus_bad_dist  odds_ratio       woe  woe_display       iv
  (-46627.001, 150.0]    from_-46627_to_150   1338   651  687  0.513453 0.150472   0.146470  0.154564                 -0.008094    0.947636 -0.053784    -5.378443 0.000435
    (150.0, 49145.75]     from_150_to_49146   5331  2628 2703  0.507034 0.599528   0.590940  0.607801                 -0.016862    0.972258 -0.028134    -2.813389 0.000474
 (49145.75, 113310.8]  from_49146_to_113311   1333   699  634  0.475619 0.149910   0.157262  0.142648                  0.014613    1.102443  0.097529     9.752851 0.001425
(113310.8, 287822.84] from_113311_to_287823    890   468  422  0.474157 0.100090   0.105328  0.094987                  0.010342    1.108876  0.103347    10.334665 0.001069

2026-06-23 16:24:57,461 | [None] | mlops.auto_binning_woe_numeric | auto_woe_binning_numeric:1661 | INFO | --------------------------------------------------
2026-06-23 16:24:57,461 | [None] | mlops.auto_binning_woe_numeric | auto_woe_binning_numeric:1662 | INFO | --------------------------------------------------
2026-06-23 16:24:57,462 | [None] | mlops.auto_binning_woe_numeric | auto_woe_binning_numeric:1663 | INFO | Quality Check Results:
2026-06-23 16:24:57,462 | [None] | mlops.auto_binning_woe_numeric | auto_woe_binning_numeric:1665 | INFO |   minBinPct: Is minimum pct of each bin > 0.05? -> True
2026-06-23 16:24:57,462 | [None] | mlops.auto_binning_woe_numeric | auto_woe_binning_numeric:1665 | INFO |   goodBadExist: Do good and bad exist in every bin? -> True
2026-06-23 16:24:57,462 | [None] | mlops.auto_binning_woe_numeric | auto_woe_binning_numeric:1665 | INFO |   badRateMonotonic: Is Bad Rate monotonic? -> True
2026-06-23 16:24:57,462 | [None] | mlops.auto_binning_woe_numeric | auto_woe_binning_numeric:1665 | INFO |   woeMonotonic: Is WoE monotonic? -> True
2026-06-23 16:24:57,462 | [None] | mlops.auto_binning_woe_numeric | auto_woe_binning_numeric:1665 | INFO |   binCount: Are bins between 3 and 10? -> True
2026-06-23 16:24:57,462 | [None] | mlops.auto_binning_woe_numeric | auto_woe_binning_numeric:1665 | INFO |   ivReasonable: Is IV 0.003404 reasonable? (0.02 < IV < 0.50) -> False
2026-06-23 16:24:57,462 | [None] | mlops.auto_binning_woe_numeric | auto_woe_binning_numeric:1666 | INFO | --------------------------------------------------
2026-06-23 16:24:57,462 | [None] | mlops.auto_binning_woe_numeric | auto_woe_binning_numeric:1668 | INFO | Auto binning completed successfully for feature: 'bill_amount_may_2005'
2026-06-23 16:24:57,462 | [None] | mlops.auto_binning_woe_numeric | auto_woe_binning_numeric:1669 | INFO | ==================================================
2026-06-23 16:24:57,463 | [None] | mlops.auto_binning_woe_numeric | auto_woe_binning_numeric:1206 | INFO | Starting numeric WoE auto binning. Feature:bill_amount_apr_2005, Target:TARGET
2026-06-23 16:24:57,465 | [None] | mlops.auto_binning_woe_numeric | auto_woe_binning_numeric:1275 | INFO | Missing rows dropped. Before=8892, After=8892, Dropped=0
2026-06-23 16:24:57,465 | [None] | mlops.auto_binning_woe_numeric | auto_woe_binning_numeric:1276 | INFO | MISSING bin will be computed from 0 null observations.
2026-06-23 16:24:57,465 | [None] | mlops.auto_binning_woe_numeric | auto_woe_binning_numeric:1279 | INFO | Target variable TARGET converted to integer type.
2026-06-23 16:24:57,469 | [None] | mlops.auto_binning_woe_numeric | auto_woe_binning_numeric:1287 | INFO | Initial bins created.
2026-06-23 16:24:57,469 | [None] | mlops.auto_binning_woe_numeric | auto_woe_binning_numeric:1290 | INFO | Initial intervals created.
2026-06-23 16:24:57,469 | [None] | mlops.auto_binning_woe_numeric | auto_woe_binning_numeric:1298 | INFO | --- Iteration 1 ---
2026-06-23 16:24:57,680 | [None] | mlops.auto_binning_woe_numeric | calculate_woe_iv_table:343 | INFO | WoE / IV table calculated. Bin count=18, Total IV=0.031430
2026-06-23 16:24:57,685 | [None] | mlops.auto_binning_woe_numeric | merge_intervals:607 | INFO | Merge Completed - REMOVED ITEM: 397.6
2026-06-23 16:24:57,685 | [None] | mlops.auto_binning_woe_numeric | auto_woe_binning_numeric:1298 | INFO | --- Iteration 2 ---
2026-06-23 16:24:57,889 | [None] | mlops.auto_binning_woe_numeric | calculate_woe_iv_table:343 | INFO | WoE / IV table calculated. Bin count=17, Total IV=0.031340
2026-06-23 16:24:57,893 | [None] | mlops.auto_binning_woe_numeric | merge_intervals:607 | INFO | Merge Completed - REMOVED ITEM: 160584.05
2026-06-23 16:24:57,893 | [None] | mlops.auto_binning_woe_numeric | auto_woe_binning_numeric:1298 | INFO | --- Iteration 3 ---
2026-06-23 16:24:58,092 | [None] | mlops.auto_binning_woe_numeric | calculate_woe_iv_table:343 | INFO | WoE / IV table calculated. Bin count=16, Total IV=0.029328
2026-06-23 16:24:58,098 | [None] | mlops.auto_binning_woe_numeric | merge_intervals:607 | INFO | Merge Completed - REMOVED ITEM: 0.0
2026-06-23 16:24:58,098 | [None] | mlops.auto_binning_woe_numeric | auto_woe_binning_numeric:1298 | INFO | --- Iteration 4 ---
2026-06-23 16:24:58,286 | [None] | mlops.auto_binning_woe_numeric | calculate_woe_iv_table:343 | INFO | WoE / IV table calculated. Bin count=15, Total IV=0.029254
2026-06-23 16:24:58,291 | [None] | mlops.auto_binning_woe_numeric | merge_intervals:607 | INFO | Merge Completed - REMOVED ITEM: 17175.0
2026-06-23 16:24:58,291 | [None] | mlops.auto_binning_woe_numeric | auto_woe_binning_numeric:1298 | INFO | --- Iteration 5 ---
2026-06-23 16:24:58,483 | [None] | mlops.auto_binning_woe_numeric | calculate_woe_iv_table:343 | INFO | WoE / IV table calculated. Bin count=14, Total IV=0.028903
2026-06-23 16:24:58,488 | [None] | mlops.auto_binning_woe_numeric | merge_intervals:607 | INFO | Merge Completed - REMOVED ITEM: 29348.85
2026-06-23 16:24:58,488 | [None] | mlops.auto_binning_woe_numeric | auto_woe_binning_numeric:1298 | INFO | --- Iteration 6 ---
2026-06-23 16:24:58,668 | [None] | mlops.auto_binning_woe_numeric | calculate_woe_iv_table:343 | INFO | WoE / IV table calculated. Bin count=13, Total IV=0.027326
2026-06-23 16:24:58,672 | [None] | mlops.auto_binning_woe_numeric | merge_intervals:607 | INFO | Merge Completed - REMOVED ITEM: 25180.6
2026-06-23 16:24:58,673 | [None] | mlops.auto_binning_woe_numeric | auto_woe_binning_numeric:1298 | INFO | --- Iteration 7 ---
2026-06-23 16:24:58,850 | [None] | mlops.auto_binning_woe_numeric | calculate_woe_iv_table:343 | INFO | WoE / IV table calculated. Bin count=12, Total IV=0.027334
2026-06-23 16:24:58,855 | [None] | mlops.auto_binning_woe_numeric | merge_intervals:607 | INFO | Merge Completed - REMOVED ITEM: 12975.05
2026-06-23 16:24:58,855 | [None] | mlops.auto_binning_woe_numeric | auto_woe_binning_numeric:1298 | INFO | --- Iteration 8 ---
2026-06-23 16:24:59,025 | [None] | mlops.auto_binning_woe_numeric | calculate_woe_iv_table:343 | INFO | WoE / IV table calculated. Bin count=11, Total IV=0.022634
2026-06-23 16:24:59,030 | [None] | mlops.auto_binning_woe_numeric | merge_intervals:607 | INFO | Merge Completed - REMOVED ITEM: 19813.15
2026-06-23 16:24:59,030 | [None] | mlops.auto_binning_woe_numeric | auto_woe_binning_numeric:1298 | INFO | --- Iteration 9 ---
2026-06-23 16:24:59,210 | [None] | mlops.auto_binning_woe_numeric | calculate_woe_iv_table:343 | INFO | WoE / IV table calculated. Bin count=10, Total IV=0.021816
2026-06-23 16:24:59,215 | [None] | mlops.auto_binning_woe_numeric | merge_intervals:607 | INFO | Merge Completed - REMOVED ITEM: 9121.4
2026-06-23 16:24:59,215 | [None] | mlops.auto_binning_woe_numeric | auto_woe_binning_numeric:1298 | INFO | --- Iteration 10 ---
2026-06-23 16:24:59,374 | [None] | mlops.auto_binning_woe_numeric | calculate_woe_iv_table:343 | INFO | WoE / IV table calculated. Bin count=9, Total IV=0.019458
2026-06-23 16:24:59,380 | [None] | mlops.auto_binning_woe_numeric | merge_intervals:607 | INFO | Merge Completed - REMOVED ITEM: 5725.85
2026-06-23 16:24:59,380 | [None] | mlops.auto_binning_woe_numeric | auto_woe_binning_numeric:1298 | INFO | --- Iteration 11 ---
2026-06-23 16:24:59,539 | [None] | mlops.auto_binning_woe_numeric | calculate_woe_iv_table:343 | INFO | WoE / IV table calculated. Bin count=8, Total IV=0.004318
2026-06-23 16:24:59,544 | [None] | mlops.auto_binning_woe_numeric | merge_intervals:607 | INFO | Merge Completed - REMOVED ITEM: 37137.3
2026-06-23 16:24:59,544 | [None] | mlops.auto_binning_woe_numeric | auto_woe_binning_numeric:1298 | INFO | --- Iteration 12 ---
2026-06-23 16:24:59,691 | [None] | mlops.auto_binning_woe_numeric | calculate_woe_iv_table:343 | INFO | WoE / IV table calculated. Bin count=7, Total IV=0.004317
2026-06-23 16:24:59,696 | [None] | mlops.auto_binning_woe_numeric | merge_intervals:607 | INFO | Merge Completed - REMOVED ITEM: 2683.4
2026-06-23 16:24:59,696 | [None] | mlops.auto_binning_woe_numeric | auto_woe_binning_numeric:1298 | INFO | --- Iteration 13 ---
2026-06-23 16:24:59,845 | [None] | mlops.auto_binning_woe_numeric | calculate_woe_iv_table:343 | INFO | WoE / IV table calculated. Bin count=6, Total IV=0.003466
2026-06-23 16:24:59,850 | [None] | mlops.auto_binning_woe_numeric | merge_intervals:607 | INFO | Merge Completed - REMOVED ITEM: 1179.75
2026-06-23 16:24:59,850 | [None] | mlops.auto_binning_woe_numeric | auto_woe_binning_numeric:1298 | INFO | --- Iteration 14 ---
2026-06-23 16:24:59,987 | [None] | mlops.auto_binning_woe_numeric | calculate_woe_iv_table:343 | INFO | WoE / IV table calculated. Bin count=5, Total IV=0.002435
2026-06-23 16:24:59,992 | [None] | mlops.auto_binning_woe_numeric | merge_intervals:607 | INFO | Merge Completed - REMOVED ITEM: 48328.25
2026-06-23 16:24:59,992 | [None] | mlops.auto_binning_woe_numeric | auto_woe_binning_numeric:1298 | INFO | --- Iteration 15 ---
2026-06-23 16:25:00,124 | [None] | mlops.auto_binning_woe_numeric | calculate_woe_iv_table:343 | INFO | WoE / IV table calculated. Bin count=4, Total IV=0.002424
2026-06-23 16:25:00,128 | [None] | mlops.auto_binning_woe_numeric | auto_woe_binning_numeric:1492 | INFO | No more merge required. Stopping at iteration=15
2026-06-23 16:25:00,128 | [None] | mlops.auto_binning_woe_numeric | auto_woe_binning_numeric:1502 | INFO | Iterative merging process completed after 15 iterations.
2026-06-23 16:25:00,128 | [None] | mlops.auto_binning_woe_numeric | auto_woe_binning_numeric:1503 | INFO | ----FINAL BINNINGS RESULTS----
2026-06-23 16:25:00,262 | [None] | mlops.auto_binning_woe_numeric | calculate_woe_iv_table:343 | INFO | WoE / IV table calculated. Bin count=4, Total IV=0.002424
2026-06-23 16:25:00,265 | [None] | mlops.auto_binning_woe_numeric | auto_woe_binning_numeric:1555 | INFO | No null observations found. MISSING bin not added.
2026-06-23 16:25:00,265 | [None] | mlops.auto_binning_woe_numeric | auto_woe_binning_numeric:1574 | WARNING | Final binning quality checks completed. Assigned status: REVIEW_WEAK_VARIABLE with total IV=0.002424 below min_iv=0.02
2026-06-23 16:25:00,266 | [None] | mlops.auto_binning_woe_numeric | auto_woe_binning_numeric:1586 | INFO | Feature: bill_amount_apr_2005, Final bins=4, Total IV=0.002424, Status=REVIEW_WEAK_VARIABLE
2026-06-23 16:25:00,273 | [None] | mlops.auto_binning_woe_numeric | auto_woe_binning_numeric:1613 | INFO | Auto binning result saved to ./outputs/auto_binning_woe/bill_amount_apr_2005/final_auto_binning_woe.json
2026-06-23 16:25:00,275 | [None] | mlops.auto_binning_woe_numeric | auto_woe_binning_numeric:1618 | INFO | Final WOE table saved to ./outputs/auto_binning_woe/bill_amount_apr_2005/final_woe_table.csv
2026-06-23 16:25:00,275 | [None] | mlops.auto_binning_woe_numeric | auto_woe_binning_numeric:1621 | INFO | ==================================================
2026-06-23 16:25:00,275 | [None] | mlops.auto_binning_woe_numeric | auto_woe_binning_numeric:1622 | INFO | INITIALIZE PARAMETERS
2026-06-23 16:25:00,275 | [None] | mlops.auto_binning_woe_numeric | auto_woe_binning_numeric:1623 | INFO | Feature:..................... bill_amount_apr_2005
2026-06-23 16:25:00,275 | [None] | mlops.auto_binning_woe_numeric | auto_woe_binning_numeric:1624 | INFO | Target:...................... TARGET
2026-06-23 16:25:00,275 | [None] | mlops.auto_binning_woe_numeric | auto_woe_binning_numeric:1625 | INFO | Initial Bins:................ 20
2026-06-23 16:25:00,275 | [None] | mlops.auto_binning_woe_numeric | auto_woe_binning_numeric:1626 | INFO | Minimum Bin Percentage:...... 0.05
2026-06-23 16:25:00,275 | [None] | mlops.auto_binning_woe_numeric | auto_woe_binning_numeric:1627 | INFO | Maximum Final Bins:.......... 10
2026-06-23 16:25:00,275 | [None] | mlops.auto_binning_woe_numeric | auto_woe_binning_numeric:1628 | INFO | Minimum IV:.................. 0.02
2026-06-23 16:25:00,276 | [None] | mlops.auto_binning_woe_numeric | auto_woe_binning_numeric:1629 | INFO | Maximum IV:.................. 0.5
2026-06-23 16:25:00,276 | [None] | mlops.auto_binning_woe_numeric | auto_woe_binning_numeric:1630 | INFO | Maximum Iterations:.......... 25
2026-06-23 16:25:00,276 | [None] | mlops.auto_binning_woe_numeric | auto_woe_binning_numeric:1631 | INFO | ==================================================
2026-06-23 16:25:00,276 | [None] | mlops.auto_binning_woe_numeric | auto_woe_binning_numeric:1650 | INFO | ==================================================
2026-06-23 16:25:00,276 | [None] | mlops.auto_binning_woe_numeric | auto_woe_binning_numeric:1651 | INFO | AUTO BINNING RESULTS
2026-06-23 16:25:00,276 | [None] | mlops.auto_binning_woe_numeric | auto_woe_binning_numeric:1652 | INFO | Stopping Iteration:............... 15
2026-06-23 16:25:00,276 | [None] | mlops.auto_binning_woe_numeric | auto_woe_binning_numeric:1653 | INFO | Feature Name:..................... bill_amount_apr_2005
2026-06-23 16:25:00,276 | [None] | mlops.auto_binning_woe_numeric | auto_woe_binning_numeric:1654 | INFO | Final Bin Count:.................. 4
2026-06-23 16:25:00,276 | [None] | mlops.auto_binning_woe_numeric | auto_woe_binning_numeric:1655 | INFO | Total Information Value (IV):..... 0.002424
2026-06-23 16:25:00,276 | [None] | mlops.auto_binning_woe_numeric | auto_woe_binning_numeric:1656 | INFO | IV Interpretation:................ Not Predictive
2026-06-23 16:25:00,276 | [None] | mlops.auto_binning_woe_numeric | auto_woe_binning_numeric:1657 | INFO | Binning Status:................... REVIEW_WEAK_VARIABLE
2026-06-23 16:25:00,276 | [None] | mlops.auto_binning_woe_numeric | auto_woe_binning_numeric:1658 | INFO | --------------------------------------------------
2026-06-23 16:25:00,276 | [None] | mlops.auto_binning_woe_numeric | auto_woe_binning_numeric:1659 | INFO | WoE Summary Table:
2026-06-23 16:25:00,278 | [None] | mlops.auto_binning_woe_numeric | auto_woe_binning_numeric:1660 | INFO | 
                 _bin    human_readable_bin  total  good  bad  bad_rate  bin_pct  good_dist  bad_dist  good_dist_minus_bad_dist  odds_ratio       woe  woe_display       iv
(-73895.001, 60826.2]  from_-73895_to_60826   7113  3518 3595  0.505413 0.808020   0.798570  0.816973                 -0.018403    0.977474 -0.022784    -2.278376 0.000419
   (60826.2, 81223.9]   from_60826_to_81224    445   228  217  0.487640 0.050551   0.051861  0.049421                  0.002441    1.049383  0.048202     4.820190 0.000118
  (81223.9, 108567.9]  from_81224_to_108568    444   231  213  0.479730 0.050437   0.052542  0.048512                  0.004030    1.083079  0.079808     7.980758 0.000322
(108567.9, 277011.35] from_108568_to_277011    801   427  374  0.466916 0.090992   0.097027  0.085094                  0.011932    1.140227  0.131227    13.122702 0.001566

2026-06-23 16:25:00,278 | [None] | mlops.auto_binning_woe_numeric | auto_woe_binning_numeric:1661 | INFO | --------------------------------------------------
2026-06-23 16:25:00,278 | [None] | mlops.auto_binning_woe_numeric | auto_woe_binning_numeric:1662 | INFO | --------------------------------------------------
2026-06-23 16:25:00,278 | [None] | mlops.auto_binning_woe_numeric | auto_woe_binning_numeric:1663 | INFO | Quality Check Results:
2026-06-23 16:25:00,278 | [None] | mlops.auto_binning_woe_numeric | auto_woe_binning_numeric:1665 | INFO |   minBinPct: Is minimum pct of each bin > 0.05? -> True
2026-06-23 16:25:00,278 | [None] | mlops.auto_binning_woe_numeric | auto_woe_binning_numeric:1665 | INFO |   goodBadExist: Do good and bad exist in every bin? -> True
2026-06-23 16:25:00,279 | [None] | mlops.auto_binning_woe_numeric | auto_woe_binning_numeric:1665 | INFO |   badRateMonotonic: Is Bad Rate monotonic? -> True
2026-06-23 16:25:00,279 | [None] | mlops.auto_binning_woe_numeric | auto_woe_binning_numeric:1665 | INFO |   woeMonotonic: Is WoE monotonic? -> True
2026-06-23 16:25:00,279 | [None] | mlops.auto_binning_woe_numeric | auto_woe_binning_numeric:1665 | INFO |   binCount: Are bins between 3 and 10? -> True
2026-06-23 16:25:00,279 | [None] | mlops.auto_binning_woe_numeric | auto_woe_binning_numeric:1665 | INFO |   ivReasonable: Is IV 0.002424 reasonable? (0.02 < IV < 0.50) -> False
2026-06-23 16:25:00,279 | [None] | mlops.auto_binning_woe_numeric | auto_woe_binning_numeric:1666 | INFO | --------------------------------------------------
2026-06-23 16:25:00,279 | [None] | mlops.auto_binning_woe_numeric | auto_woe_binning_numeric:1668 | INFO | Auto binning completed successfully for feature: 'bill_amount_apr_2005'
2026-06-23 16:25:00,279 | [None] | mlops.auto_binning_woe_numeric | auto_woe_binning_numeric:1669 | INFO | ==================================================
2026-06-23 16:25:00,279 | [None] | mlops.auto_binning_woe_numeric | auto_woe_binning_numeric:1206 | INFO | Starting numeric WoE auto binning. Feature:payment_amount_sep_2005, Target:TARGET
2026-06-23 16:25:00,282 | [None] | mlops.auto_binning_woe_numeric | auto_woe_binning_numeric:1275 | INFO | Missing rows dropped. Before=8892, After=8892, Dropped=0
2026-06-23 16:25:00,282 | [None] | mlops.auto_binning_woe_numeric | auto_woe_binning_numeric:1276 | INFO | MISSING bin will be computed from 0 null observations.
2026-06-23 16:25:00,282 | [None] | mlops.auto_binning_woe_numeric | auto_woe_binning_numeric:1279 | INFO | Target variable TARGET converted to integer type.
2026-06-23 16:25:00,286 | [None] | mlops.auto_binning_woe_numeric | auto_woe_binning_numeric:1287 | INFO | Initial bins created.
2026-06-23 16:25:00,286 | [None] | mlops.auto_binning_woe_numeric | auto_woe_binning_numeric:1290 | INFO | Initial intervals created.
2026-06-23 16:25:00,286 | [None] | mlops.auto_binning_woe_numeric | auto_woe_binning_numeric:1298 | INFO | --- Iteration 1 ---
2026-06-23 16:25:00,492 | [None] | mlops.auto_binning_woe_numeric | calculate_woe_iv_table:343 | INFO | WoE / IV table calculated. Bin count=16, Total IV=0.167006
2026-06-23 16:25:00,497 | [None] | mlops.auto_binning_woe_numeric | merge_intervals:607 | INFO | Merge Completed - REMOVED ITEM: 2000.0
2026-06-23 16:25:00,497 | [None] | mlops.auto_binning_woe_numeric | auto_woe_binning_numeric:1298 | INFO | --- Iteration 2 ---
2026-06-23 16:25:00,697 | [None] | mlops.auto_binning_woe_numeric | calculate_woe_iv_table:343 | INFO | WoE / IV table calculated. Bin count=15, Total IV=0.164533
2026-06-23 16:25:00,703 | [None] | mlops.auto_binning_woe_numeric | merge_intervals:607 | INFO | Merge Completed - REMOVED ITEM: 10000.0
2026-06-23 16:25:00,703 | [None] | mlops.auto_binning_woe_numeric | auto_woe_binning_numeric:1298 | INFO | --- Iteration 3 ---
2026-06-23 16:25:00,894 | [None] | mlops.auto_binning_woe_numeric | calculate_woe_iv_table:343 | INFO | WoE / IV table calculated. Bin count=14, Total IV=0.164271
2026-06-23 16:25:00,899 | [None] | mlops.auto_binning_woe_numeric | merge_intervals:607 | INFO | Merge Completed - REMOVED ITEM: 1008.6
2026-06-23 16:25:00,899 | [None] | mlops.auto_binning_woe_numeric | auto_woe_binning_numeric:1298 | INFO | --- Iteration 4 ---
2026-06-23 16:25:01,078 | [None] | mlops.auto_binning_woe_numeric | calculate_woe_iv_table:343 | INFO | WoE / IV table calculated. Bin count=13, Total IV=0.164106
2026-06-23 16:25:01,083 | [None] | mlops.auto_binning_woe_numeric | merge_intervals:607 | INFO | Merge Completed - REMOVED ITEM: 3100.0
2026-06-23 16:25:01,083 | [None] | mlops.auto_binning_woe_numeric | auto_woe_binning_numeric:1298 | INFO | --- Iteration 5 ---
2026-06-23 16:25:01,260 | [None] | mlops.auto_binning_woe_numeric | calculate_woe_iv_table:343 | INFO | WoE / IV table calculated. Bin count=12, Total IV=0.164088
2026-06-23 16:25:01,265 | [None] | mlops.auto_binning_woe_numeric | merge_intervals:607 | INFO | Merge Completed - REMOVED ITEM: 7060.05
2026-06-23 16:25:01,265 | [None] | mlops.auto_binning_woe_numeric | auto_woe_binning_numeric:1298 | INFO | --- Iteration 6 ---
2026-06-23 16:25:01,437 | [None] | mlops.auto_binning_woe_numeric | calculate_woe_iv_table:343 | INFO | WoE / IV table calculated. Bin count=11, Total IV=0.164107
2026-06-23 16:25:01,441 | [None] | mlops.auto_binning_woe_numeric | merge_intervals:607 | INFO | Merge Completed - REMOVED ITEM: 1300.0
2026-06-23 16:25:01,441 | [None] | mlops.auto_binning_woe_numeric | auto_woe_binning_numeric:1298 | INFO | --- Iteration 7 ---
2026-06-23 16:25:01,614 | [None] | mlops.auto_binning_woe_numeric | calculate_woe_iv_table:343 | INFO | WoE / IV table calculated. Bin count=10, Total IV=0.164125
2026-06-23 16:25:01,619 | [None] | mlops.auto_binning_woe_numeric | merge_intervals:607 | INFO | Merge Completed - REMOVED ITEM: 2758.8
2026-06-23 16:25:01,619 | [None] | mlops.auto_binning_woe_numeric | auto_woe_binning_numeric:1298 | INFO | --- Iteration 8 ---
2026-06-23 16:25:01,784 | [None] | mlops.auto_binning_woe_numeric | calculate_woe_iv_table:343 | INFO | WoE / IV table calculated. Bin count=9, Total IV=0.164095
2026-06-23 16:25:01,788 | [None] | mlops.auto_binning_woe_numeric | merge_intervals:607 | INFO | Merge Completed - REMOVED ITEM: 1500.0
2026-06-23 16:25:01,789 | [None] | mlops.auto_binning_woe_numeric | auto_woe_binning_numeric:1298 | INFO | --- Iteration 9 ---
2026-06-23 16:25:01,945 | [None] | mlops.auto_binning_woe_numeric | calculate_woe_iv_table:343 | INFO | WoE / IV table calculated. Bin count=8, Total IV=0.163866
2026-06-23 16:25:01,949 | [None] | mlops.auto_binning_woe_numeric | merge_intervals:607 | INFO | Merge Completed - REMOVED ITEM: 2210.05
2026-06-23 16:25:01,950 | [None] | mlops.auto_binning_woe_numeric | auto_woe_binning_numeric:1298 | INFO | --- Iteration 10 ---
2026-06-23 16:25:02,102 | [None] | mlops.auto_binning_woe_numeric | calculate_woe_iv_table:343 | INFO | WoE / IV table calculated. Bin count=7, Total IV=0.163488
2026-06-23 16:25:02,107 | [None] | mlops.auto_binning_woe_numeric | auto_woe_binning_numeric:1492 | INFO | No more merge required. Stopping at iteration=10
2026-06-23 16:25:02,107 | [None] | mlops.auto_binning_woe_numeric | auto_woe_binning_numeric:1502 | INFO | Iterative merging process completed after 10 iterations.
2026-06-23 16:25:02,107 | [None] | mlops.auto_binning_woe_numeric | auto_woe_binning_numeric:1503 | INFO | ----FINAL BINNINGS RESULTS----
2026-06-23 16:25:02,260 | [None] | mlops.auto_binning_woe_numeric | calculate_woe_iv_table:343 | INFO | WoE / IV table calculated. Bin count=7, Total IV=0.163488
2026-06-23 16:25:02,263 | [None] | mlops.auto_binning_woe_numeric | auto_woe_binning_numeric:1555 | INFO | No null observations found. MISSING bin not added.
2026-06-23 16:25:02,264 | [None] | mlops.auto_binning_woe_numeric | auto_woe_binning_numeric:1580 | INFO | Final binning quality checks completed. Assigned status: PASS with all checks passed.
2026-06-23 16:25:02,264 | [None] | mlops.auto_binning_woe_numeric | auto_woe_binning_numeric:1586 | INFO | Feature: payment_amount_sep_2005, Final bins=7, Total IV=0.163488, Status=PASS
2026-06-23 16:25:02,270 | [None] | mlops.auto_binning_woe_numeric | auto_woe_binning_numeric:1613 | INFO | Auto binning result saved to ./outputs/auto_binning_woe/payment_amount_sep_2005/final_auto_binning_woe.json
2026-06-23 16:25:02,272 | [None] | mlops.auto_binning_woe_numeric | auto_woe_binning_numeric:1618 | INFO | Final WOE table saved to ./outputs/auto_binning_woe/payment_amount_sep_2005/final_woe_table.csv
2026-06-23 16:25:02,272 | [None] | mlops.auto_binning_woe_numeric | auto_woe_binning_numeric:1621 | INFO | ==================================================
2026-06-23 16:25:02,272 | [None] | mlops.auto_binning_woe_numeric | auto_woe_binning_numeric:1622 | INFO | INITIALIZE PARAMETERS
2026-06-23 16:25:02,272 | [None] | mlops.auto_binning_woe_numeric | auto_woe_binning_numeric:1623 | INFO | Feature:..................... payment_amount_sep_2005
2026-06-23 16:25:02,272 | [None] | mlops.auto_binning_woe_numeric | auto_woe_binning_numeric:1624 | INFO | Target:...................... TARGET
2026-06-23 16:25:02,272 | [None] | mlops.auto_binning_woe_numeric | auto_woe_binning_numeric:1625 | INFO | Initial Bins:................ 20
2026-06-23 16:25:02,272 | [None] | mlops.auto_binning_woe_numeric | auto_woe_binning_numeric:1626 | INFO | Minimum Bin Percentage:...... 0.05
2026-06-23 16:25:02,272 | [None] | mlops.auto_binning_woe_numeric | auto_woe_binning_numeric:1627 | INFO | Maximum Final Bins:.......... 10
2026-06-23 16:25:02,273 | [None] | mlops.auto_binning_woe_numeric | auto_woe_binning_numeric:1628 | INFO | Minimum IV:.................. 0.02
2026-06-23 16:25:02,273 | [None] | mlops.auto_binning_woe_numeric | auto_woe_binning_numeric:1629 | INFO | Maximum IV:.................. 0.5
2026-06-23 16:25:02,273 | [None] | mlops.auto_binning_woe_numeric | auto_woe_binning_numeric:1630 | INFO | Maximum Iterations:.......... 25
2026-06-23 16:25:02,273 | [None] | mlops.auto_binning_woe_numeric | auto_woe_binning_numeric:1631 | INFO | ==================================================
2026-06-23 16:25:02,273 | [None] | mlops.auto_binning_woe_numeric | auto_woe_binning_numeric:1650 | INFO | ==================================================
2026-06-23 16:25:02,273 | [None] | mlops.auto_binning_woe_numeric | auto_woe_binning_numeric:1651 | INFO | AUTO BINNING RESULTS
2026-06-23 16:25:02,273 | [None] | mlops.auto_binning_woe_numeric | auto_woe_binning_numeric:1652 | INFO | Stopping Iteration:............... 10
2026-06-23 16:25:02,273 | [None] | mlops.auto_binning_woe_numeric | auto_woe_binning_numeric:1653 | INFO | Feature Name:..................... payment_amount_sep_2005
2026-06-23 16:25:02,273 | [None] | mlops.auto_binning_woe_numeric | auto_woe_binning_numeric:1654 | INFO | Final Bin Count:.................. 7
2026-06-23 16:25:02,273 | [None] | mlops.auto_binning_woe_numeric | auto_woe_binning_numeric:1655 | INFO | Total Information Value (IV):..... 0.163488
2026-06-23 16:25:02,273 | [None] | mlops.auto_binning_woe_numeric | auto_woe_binning_numeric:1656 | INFO | IV Interpretation:................ Medium Predictive Power
2026-06-23 16:25:02,273 | [None] | mlops.auto_binning_woe_numeric | auto_woe_binning_numeric:1657 | INFO | Binning Status:................... PASS
2026-06-23 16:25:02,273 | [None] | mlops.auto_binning_woe_numeric | auto_woe_binning_numeric:1658 | INFO | --------------------------------------------------
2026-06-23 16:25:02,273 | [None] | mlops.auto_binning_woe_numeric | auto_woe_binning_numeric:1659 | INFO | WoE Summary Table:
2026-06-23 16:25:02,275 | [None] | mlops.auto_binning_woe_numeric | auto_woe_binning_numeric:1660 | INFO | 
               _bin  human_readable_bin  total  good  bad  bad_rate  bin_pct  good_dist  bad_dist  good_dist_minus_bad_dist  odds_ratio       woe  woe_display       iv
    (-0.001, 390.0]       from_0_to_390   2250   825 1425  0.633333 0.253036   0.185526  0.320373                 -0.134847    0.579095 -0.546289   -54.628864 0.073665
    (390.0, 1800.0]    from_390_to_1800   1800   867  933  0.518333 0.202429   0.194966  0.209799                 -0.014833    0.929298 -0.073325    -7.332545 0.001088
   (1800.0, 3888.4]   from_1800_to_3888   2174  1084 1090  0.501380 0.244489   0.243735  0.245084                 -0.001348    0.994498 -0.005517    -0.551726 0.000007
  (3888.4, 4749.25]   from_3888_to_4749    445   247  198  0.444944 0.050045   0.055624  0.044612                  0.011012    1.246851  0.220621    22.062148 0.002430
  (4749.25, 5600.0]   from_4749_to_5600    452   277  175  0.387168 0.050832   0.062367  0.039443                  0.022924    1.581197  0.458182    45.818189 0.010503
 (5600.0, 15250.65]  from_5600_to_15251   1326   831  495  0.373303 0.149123   0.186875  0.111361                  0.075514    1.678103  0.517664    51.766394 0.039091
(15250.65, 59853.8] from_15251_to_59854    445   315  130  0.292135 0.050045   0.070907  0.029329                  0.041578    2.417625  0.882785    88.278546 0.036704

2026-06-23 16:25:02,275 | [None] | mlops.auto_binning_woe_numeric | auto_woe_binning_numeric:1661 | INFO | --------------------------------------------------
2026-06-23 16:25:02,276 | [None] | mlops.auto_binning_woe_numeric | auto_woe_binning_numeric:1662 | INFO | --------------------------------------------------
2026-06-23 16:25:02,276 | [None] | mlops.auto_binning_woe_numeric | auto_woe_binning_numeric:1663 | INFO | Quality Check Results:
2026-06-23 16:25:02,276 | [None] | mlops.auto_binning_woe_numeric | auto_woe_binning_numeric:1665 | INFO |   minBinPct: Is minimum pct of each bin > 0.05? -> True
2026-06-23 16:25:02,276 | [None] | mlops.auto_binning_woe_numeric | auto_woe_binning_numeric:1665 | INFO |   goodBadExist: Do good and bad exist in every bin? -> True
2026-06-23 16:25:02,276 | [None] | mlops.auto_binning_woe_numeric | auto_woe_binning_numeric:1665 | INFO |   badRateMonotonic: Is Bad Rate monotonic? -> True
2026-06-23 16:25:02,276 | [None] | mlops.auto_binning_woe_numeric | auto_woe_binning_numeric:1665 | INFO |   woeMonotonic: Is WoE monotonic? -> True
2026-06-23 16:25:02,276 | [None] | mlops.auto_binning_woe_numeric | auto_woe_binning_numeric:1665 | INFO |   binCount: Are bins between 3 and 10? -> True
2026-06-23 16:25:02,276 | [None] | mlops.auto_binning_woe_numeric | auto_woe_binning_numeric:1665 | INFO |   ivReasonable: Is IV 0.163488 reasonable? (0.02 < IV < 0.50) -> True
2026-06-23 16:25:02,276 | [None] | mlops.auto_binning_woe_numeric | auto_woe_binning_numeric:1666 | INFO | --------------------------------------------------
2026-06-23 16:25:02,276 | [None] | mlops.auto_binning_woe_numeric | auto_woe_binning_numeric:1668 | INFO | Auto binning completed successfully for feature: 'payment_amount_sep_2005'
2026-06-23 16:25:02,276 | [None] | mlops.auto_binning_woe_numeric | auto_woe_binning_numeric:1669 | INFO | ==================================================
2026-06-23 16:25:02,277 | [None] | mlops.auto_binning_woe_numeric | auto_woe_binning_numeric:1206 | INFO | Starting numeric WoE auto binning. Feature:payment_amount_aug_2005, Target:TARGET
2026-06-23 16:25:02,279 | [None] | mlops.auto_binning_woe_numeric | auto_woe_binning_numeric:1275 | INFO | Missing rows dropped. Before=8892, After=8892, Dropped=0
2026-06-23 16:25:02,279 | [None] | mlops.auto_binning_woe_numeric | auto_woe_binning_numeric:1276 | INFO | MISSING bin will be computed from 0 null observations.
2026-06-23 16:25:02,279 | [None] | mlops.auto_binning_woe_numeric | auto_woe_binning_numeric:1279 | INFO | Target variable TARGET converted to integer type.
2026-06-23 16:25:02,283 | [None] | mlops.auto_binning_woe_numeric | auto_woe_binning_numeric:1287 | INFO | Initial bins created.
2026-06-23 16:25:02,283 | [None] | mlops.auto_binning_woe_numeric | auto_woe_binning_numeric:1290 | INFO | Initial intervals created.
2026-06-23 16:25:02,283 | [None] | mlops.auto_binning_woe_numeric | auto_woe_binning_numeric:1298 | INFO | --- Iteration 1 ---
2026-06-23 16:25:02,486 | [None] | mlops.auto_binning_woe_numeric | calculate_woe_iv_table:343 | INFO | WoE / IV table calculated. Bin count=16, Total IV=0.145028
2026-06-23 16:25:02,491 | [None] | mlops.auto_binning_woe_numeric | merge_intervals:607 | INFO | Merge Completed - REMOVED ITEM: 2000.0
2026-06-23 16:25:02,491 | [None] | mlops.auto_binning_woe_numeric | auto_woe_binning_numeric:1298 | INFO | --- Iteration 2 ---
2026-06-23 16:25:02,684 | [None] | mlops.auto_binning_woe_numeric | calculate_woe_iv_table:343 | INFO | WoE / IV table calculated. Bin count=15, Total IV=0.144830
2026-06-23 16:25:02,688 | [None] | mlops.auto_binning_woe_numeric | merge_intervals:607 | INFO | Merge Completed - REMOVED ITEM: 1221.0
2026-06-23 16:25:02,688 | [None] | mlops.auto_binning_woe_numeric | auto_woe_binning_numeric:1298 | INFO | --- Iteration 3 ---
2026-06-23 16:25:02,874 | [None] | mlops.auto_binning_woe_numeric | calculate_woe_iv_table:343 | INFO | WoE / IV table calculated. Bin count=14, Total IV=0.144847
2026-06-23 16:25:02,879 | [None] | mlops.auto_binning_woe_numeric | merge_intervals:607 | INFO | Merge Completed - REMOVED ITEM: 15050.15
2026-06-23 16:25:02,879 | [None] | mlops.auto_binning_woe_numeric | auto_woe_binning_numeric:1298 | INFO | --- Iteration 4 ---
2026-06-23 16:25:03,065 | [None] | mlops.auto_binning_woe_numeric | calculate_woe_iv_table:343 | INFO | WoE / IV table calculated. Bin count=13, Total IV=0.139714
2026-06-23 16:25:03,069 | [None] | mlops.auto_binning_woe_numeric | merge_intervals:607 | INFO | Merge Completed - REMOVED ITEM: 3000.0
2026-06-23 16:25:03,070 | [None] | mlops.auto_binning_woe_numeric | auto_woe_binning_numeric:1298 | INFO | --- Iteration 5 ---
2026-06-23 16:25:03,247 | [None] | mlops.auto_binning_woe_numeric | calculate_woe_iv_table:343 | INFO | WoE / IV table calculated. Bin count=12, Total IV=0.139574
2026-06-23 16:25:03,252 | [None] | mlops.auto_binning_woe_numeric | merge_intervals:607 | INFO | Merge Completed - REMOVED ITEM: 2539.6
2026-06-23 16:25:03,252 | [None] | mlops.auto_binning_woe_numeric | auto_woe_binning_numeric:1298 | INFO | --- Iteration 6 ---
2026-06-23 16:25:03,424 | [None] | mlops.auto_binning_woe_numeric | calculate_woe_iv_table:343 | INFO | WoE / IV table calculated. Bin count=11, Total IV=0.137247
2026-06-23 16:25:03,428 | [None] | mlops.auto_binning_woe_numeric | merge_intervals:607 | INFO | Merge Completed - REMOVED ITEM: 7000.0
2026-06-23 16:25:03,429 | [None] | mlops.auto_binning_woe_numeric | auto_woe_binning_numeric:1298 | INFO | --- Iteration 7 ---
2026-06-23 16:25:03,594 | [None] | mlops.auto_binning_woe_numeric | calculate_woe_iv_table:343 | INFO | WoE / IV table calculated. Bin count=10, Total IV=0.137250
2026-06-23 16:25:03,599 | [None] | mlops.auto_binning_woe_numeric | merge_intervals:607 | INFO | Merge Completed - REMOVED ITEM: 1000.0
2026-06-23 16:25:03,599 | [None] | mlops.auto_binning_woe_numeric | auto_woe_binning_numeric:1298 | INFO | --- Iteration 8 ---
2026-06-23 16:25:03,764 | [None] | mlops.auto_binning_woe_numeric | calculate_woe_iv_table:343 | INFO | WoE / IV table calculated. Bin count=9, Total IV=0.137101
2026-06-23 16:25:03,768 | [None] | mlops.auto_binning_woe_numeric | merge_intervals:607 | INFO | Merge Completed - REMOVED ITEM: 1466.4
2026-06-23 16:25:03,769 | [None] | mlops.auto_binning_woe_numeric | auto_woe_binning_numeric:1298 | INFO | --- Iteration 9 ---
2026-06-23 16:25:03,924 | [None] | mlops.auto_binning_woe_numeric | calculate_woe_iv_table:343 | INFO | WoE / IV table calculated. Bin count=8, Total IV=0.136695
2026-06-23 16:25:03,929 | [None] | mlops.auto_binning_woe_numeric | auto_woe_binning_numeric:1492 | INFO | No more merge required. Stopping at iteration=9
2026-06-23 16:25:03,929 | [None] | mlops.auto_binning_woe_numeric | auto_woe_binning_numeric:1502 | INFO | Iterative merging process completed after 9 iterations.
2026-06-23 16:25:03,929 | [None] | mlops.auto_binning_woe_numeric | auto_woe_binning_numeric:1503 | INFO | ----FINAL BINNINGS RESULTS----
2026-06-23 16:25:04,085 | [None] | mlops.auto_binning_woe_numeric | calculate_woe_iv_table:343 | INFO | WoE / IV table calculated. Bin count=8, Total IV=0.136695
2026-06-23 16:25:04,089 | [None] | mlops.auto_binning_woe_numeric | auto_woe_binning_numeric:1555 | INFO | No null observations found. MISSING bin not added.
2026-06-23 16:25:04,089 | [None] | mlops.auto_binning_woe_numeric | auto_woe_binning_numeric:1580 | INFO | Final binning quality checks completed. Assigned status: PASS with all checks passed.
2026-06-23 16:25:04,090 | [None] | mlops.auto_binning_woe_numeric | auto_woe_binning_numeric:1586 | INFO | Feature: payment_amount_aug_2005, Final bins=8, Total IV=0.136695, Status=PASS
2026-06-23 16:25:04,096 | [None] | mlops.auto_binning_woe_numeric | auto_woe_binning_numeric:1613 | INFO | Auto binning result saved to ./outputs/auto_binning_woe/payment_amount_aug_2005/final_auto_binning_woe.json
2026-06-23 16:25:04,097 | [None] | mlops.auto_binning_woe_numeric | auto_woe_binning_numeric:1618 | INFO | Final WOE table saved to ./outputs/auto_binning_woe/payment_amount_aug_2005/final_woe_table.csv
2026-06-23 16:25:04,098 | [None] | mlops.auto_binning_woe_numeric | auto_woe_binning_numeric:1621 | INFO | ==================================================
2026-06-23 16:25:04,098 | [None] | mlops.auto_binning_woe_numeric | auto_woe_binning_numeric:1622 | INFO | INITIALIZE PARAMETERS
2026-06-23 16:25:04,098 | [None] | mlops.auto_binning_woe_numeric | auto_woe_binning_numeric:1623 | INFO | Feature:..................... payment_amount_aug_2005
2026-06-23 16:25:04,098 | [None] | mlops.auto_binning_woe_numeric | auto_woe_binning_numeric:1624 | INFO | Target:...................... TARGET
2026-06-23 16:25:04,098 | [None] | mlops.auto_binning_woe_numeric | auto_woe_binning_numeric:1625 | INFO | Initial Bins:................ 20
2026-06-23 16:25:04,098 | [None] | mlops.auto_binning_woe_numeric | auto_woe_binning_numeric:1626 | INFO | Minimum Bin Percentage:...... 0.05
2026-06-23 16:25:04,098 | [None] | mlops.auto_binning_woe_numeric | auto_woe_binning_numeric:1627 | INFO | Maximum Final Bins:.......... 10
2026-06-23 16:25:04,098 | [None] | mlops.auto_binning_woe_numeric | auto_woe_binning_numeric:1628 | INFO | Minimum IV:.................. 0.02
2026-06-23 16:25:04,098 | [None] | mlops.auto_binning_woe_numeric | auto_woe_binning_numeric:1629 | INFO | Maximum IV:.................. 0.5
2026-06-23 16:25:04,098 | [None] | mlops.auto_binning_woe_numeric | auto_woe_binning_numeric:1630 | INFO | Maximum Iterations:.......... 25
2026-06-23 16:25:04,098 | [None] | mlops.auto_binning_woe_numeric | auto_woe_binning_numeric:1631 | INFO | ==================================================
2026-06-23 16:25:04,099 | [None] | mlops.auto_binning_woe_numeric | auto_woe_binning_numeric:1650 | INFO | ==================================================
2026-06-23 16:25:04,099 | [None] | mlops.auto_binning_woe_numeric | auto_woe_binning_numeric:1651 | INFO | AUTO BINNING RESULTS
2026-06-23 16:25:04,099 | [None] | mlops.auto_binning_woe_numeric | auto_woe_binning_numeric:1652 | INFO | Stopping Iteration:............... 9
2026-06-23 16:25:04,099 | [None] | mlops.auto_binning_woe_numeric | auto_woe_binning_numeric:1653 | INFO | Feature Name:..................... payment_amount_aug_2005
2026-06-23 16:25:04,099 | [None] | mlops.auto_binning_woe_numeric | auto_woe_binning_numeric:1654 | INFO | Final Bin Count:.................. 8
2026-06-23 16:25:04,099 | [None] | mlops.auto_binning_woe_numeric | auto_woe_binning_numeric:1655 | INFO | Total Information Value (IV):..... 0.136695
2026-06-23 16:25:04,099 | [None] | mlops.auto_binning_woe_numeric | auto_woe_binning_numeric:1656 | INFO | IV Interpretation:................ Medium Predictive Power
2026-06-23 16:25:04,099 | [None] | mlops.auto_binning_woe_numeric | auto_woe_binning_numeric:1657 | INFO | Binning Status:................... PASS
2026-06-23 16:25:04,099 | [None] | mlops.auto_binning_woe_numeric | auto_woe_binning_numeric:1658 | INFO | --------------------------------------------------
2026-06-23 16:25:04,099 | [None] | mlops.auto_binning_woe_numeric | auto_woe_binning_numeric:1659 | INFO | WoE Summary Table:
2026-06-23 16:25:04,101 | [None] | mlops.auto_binning_woe_numeric | auto_woe_binning_numeric:1660 | INFO | 
              _bin human_readable_bin  total  good  bad  bad_rate  bin_pct  good_dist  bad_dist  good_dist_minus_bad_dist  odds_ratio       woe  woe_display       iv
   (-0.001, 390.0]      from_0_to_390   2260   864 1396  0.617699 0.256731   0.197284  0.315308                 -0.118024    0.625687 -0.468904   -46.890450 0.055342
   (390.0, 1635.0]   from_390_to_1635   1742   829  913  0.524110 0.197887   0.189297  0.206254                 -0.016957    0.917785 -0.085792    -8.579168 0.001455
  (1635.0, 2100.0]  from_1635_to_2100    921   446  475  0.515744 0.104623   0.101894  0.107361                 -0.005466    0.949083 -0.052259    -5.225890 0.000286
  (2100.0, 3587.1]  from_2100_to_3587   1301   663  638  0.490392 0.147791   0.151415  0.144163                  0.007251    1.050300  0.049076     4.907576 0.000356
  (3587.1, 4491.0]  from_3587_to_4491    445   235  210  0.471910 0.050551   0.053743  0.047528                  0.006215    1.130764  0.122894    12.289384 0.000764
  (4491.0, 5274.2]  from_4491_to_5274    444   261  183  0.412162 0.050437   0.059676  0.041431                  0.018244    1.440353  0.364888    36.488820 0.006657
  (5274.2, 9836.7]  from_5274_to_9837    889   527  362  0.407199 0.100988   0.120379  0.081847                  0.038532    1.470780  0.385793    38.579297 0.014865
(9836.7, 56667.86] from_9837_to_56668    801   553  248  0.309613 0.090992   0.126312  0.056107                  0.070205    2.251254  0.811487    81.148749 0.056970

2026-06-23 16:25:04,102 | [None] | mlops.auto_binning_woe_numeric | auto_woe_binning_numeric:1661 | INFO | --------------------------------------------------
2026-06-23 16:25:04,102 | [None] | mlops.auto_binning_woe_numeric | auto_woe_binning_numeric:1662 | INFO | --------------------------------------------------
2026-06-23 16:25:04,102 | [None] | mlops.auto_binning_woe_numeric | auto_woe_binning_numeric:1663 | INFO | Quality Check Results:
2026-06-23 16:25:04,103 | [None] | mlops.auto_binning_woe_numeric | auto_woe_binning_numeric:1665 | INFO |   minBinPct: Is minimum pct of each bin > 0.05? -> True
2026-06-23 16:25:04,103 | [None] | mlops.auto_binning_woe_numeric | auto_woe_binning_numeric:1665 | INFO |   goodBadExist: Do good and bad exist in every bin? -> True
2026-06-23 16:25:04,103 | [None] | mlops.auto_binning_woe_numeric | auto_woe_binning_numeric:1665 | INFO |   badRateMonotonic: Is Bad Rate monotonic? -> True
2026-06-23 16:25:04,103 | [None] | mlops.auto_binning_woe_numeric | auto_woe_binning_numeric:1665 | INFO |   woeMonotonic: Is WoE monotonic? -> True
2026-06-23 16:25:04,103 | [None] | mlops.auto_binning_woe_numeric | auto_woe_binning_numeric:1665 | INFO |   binCount: Are bins between 3 and 10? -> True
2026-06-23 16:25:04,103 | [None] | mlops.auto_binning_woe_numeric | auto_woe_binning_numeric:1665 | INFO |   ivReasonable: Is IV 0.136695 reasonable? (0.02 < IV < 0.50) -> True
2026-06-23 16:25:04,103 | [None] | mlops.auto_binning_woe_numeric | auto_woe_binning_numeric:1666 | INFO | --------------------------------------------------
2026-06-23 16:25:04,104 | [None] | mlops.auto_binning_woe_numeric | auto_woe_binning_numeric:1668 | INFO | Auto binning completed successfully for feature: 'payment_amount_aug_2005'
2026-06-23 16:25:04,104 | [None] | mlops.auto_binning_woe_numeric | auto_woe_binning_numeric:1669 | INFO | ==================================================
2026-06-23 16:25:04,104 | [None] | mlops.auto_binning_woe_numeric | auto_woe_binning_numeric:1206 | INFO | Starting numeric WoE auto binning. Feature:payment_amount_jul_2005, Target:TARGET
2026-06-23 16:25:04,108 | [None] | mlops.auto_binning_woe_numeric | auto_woe_binning_numeric:1275 | INFO | Missing rows dropped. Before=8892, After=8892, Dropped=0
2026-06-23 16:25:04,108 | [None] | mlops.auto_binning_woe_numeric | auto_woe_binning_numeric:1276 | INFO | MISSING bin will be computed from 0 null observations.
2026-06-23 16:25:04,109 | [None] | mlops.auto_binning_woe_numeric | auto_woe_binning_numeric:1279 | INFO | Target variable TARGET converted to integer type.
2026-06-23 16:25:04,112 | [None] | mlops.auto_binning_woe_numeric | auto_woe_binning_numeric:1287 | INFO | Initial bins created.
2026-06-23 16:25:04,113 | [None] | mlops.auto_binning_woe_numeric | auto_woe_binning_numeric:1290 | INFO | Initial intervals created.
2026-06-23 16:25:04,113 | [None] | mlops.auto_binning_woe_numeric | auto_woe_binning_numeric:1298 | INFO | --- Iteration 1 ---
2026-06-23 16:25:04,309 | [None] | mlops.auto_binning_woe_numeric | calculate_woe_iv_table:343 | INFO | WoE / IV table calculated. Bin count=16, Total IV=0.115494
2026-06-23 16:25:04,314 | [None] | mlops.auto_binning_woe_numeric | merge_intervals:607 | INFO | Merge Completed - REMOVED ITEM: 15000.0
2026-06-23 16:25:04,314 | [None] | mlops.auto_binning_woe_numeric | auto_woe_binning_numeric:1298 | INFO | --- Iteration 2 ---
2026-06-23 16:25:04,506 | [None] | mlops.auto_binning_woe_numeric | calculate_woe_iv_table:343 | INFO | WoE / IV table calculated. Bin count=15, Total IV=0.114131
2026-06-23 16:25:04,511 | [None] | mlops.auto_binning_woe_numeric | merge_intervals:607 | INFO | Merge Completed - REMOVED ITEM: 5000.0
2026-06-23 16:25:04,511 | [None] | mlops.auto_binning_woe_numeric | auto_woe_binning_numeric:1298 | INFO | --- Iteration 3 ---
2026-06-23 16:25:04,699 | [None] | mlops.auto_binning_woe_numeric | calculate_woe_iv_table:343 | INFO | WoE / IV table calculated. Bin count=14, Total IV=0.113121
2026-06-23 16:25:04,704 | [None] | mlops.auto_binning_woe_numeric | merge_intervals:607 | INFO | Merge Completed - REMOVED ITEM: 900.0
2026-06-23 16:25:04,704 | [None] | mlops.auto_binning_woe_numeric | auto_woe_binning_numeric:1298 | INFO | --- Iteration 4 ---
2026-06-23 16:25:04,894 | [None] | mlops.auto_binning_woe_numeric | calculate_woe_iv_table:343 | INFO | WoE / IV table calculated. Bin count=13, Total IV=0.113123
2026-06-23 16:25:04,898 | [None] | mlops.auto_binning_woe_numeric | merge_intervals:607 | INFO | Merge Completed - REMOVED ITEM: 1507.0
2026-06-23 16:25:04,899 | [None] | mlops.auto_binning_woe_numeric | auto_woe_binning_numeric:1298 | INFO | --- Iteration 5 ---
2026-06-23 16:25:05,074 | [None] | mlops.auto_binning_woe_numeric | calculate_woe_iv_table:343 | INFO | WoE / IV table calculated. Bin count=12, Total IV=0.112699
2026-06-23 16:25:05,079 | [None] | mlops.auto_binning_woe_numeric | merge_intervals:607 | INFO | Merge Completed - REMOVED ITEM: 2015.6
2026-06-23 16:25:05,079 | [None] | mlops.auto_binning_woe_numeric | auto_woe_binning_numeric:1298 | INFO | --- Iteration 6 ---
2026-06-23 16:25:05,250 | [None] | mlops.auto_binning_woe_numeric | calculate_woe_iv_table:343 | INFO | WoE / IV table calculated. Bin count=11, Total IV=0.112661
2026-06-23 16:25:05,255 | [None] | mlops.auto_binning_woe_numeric | merge_intervals:607 | INFO | Merge Completed - REMOVED ITEM: 6000.0
2026-06-23 16:25:05,255 | [None] | mlops.auto_binning_woe_numeric | auto_woe_binning_numeric:1298 | INFO | --- Iteration 7 ---
2026-06-23 16:25:05,422 | [None] | mlops.auto_binning_woe_numeric | calculate_woe_iv_table:343 | INFO | WoE / IV table calculated. Bin count=10, Total IV=0.112354
2026-06-23 16:25:05,427 | [None] | mlops.auto_binning_woe_numeric | merge_intervals:607 | INFO | Merge Completed - REMOVED ITEM: 3013.4
2026-06-23 16:25:05,427 | [None] | mlops.auto_binning_woe_numeric | auto_woe_binning_numeric:1298 | INFO | --- Iteration 8 ---
2026-06-23 16:25:05,591 | [None] | mlops.auto_binning_woe_numeric | calculate_woe_iv_table:343 | INFO | WoE / IV table calculated. Bin count=9, Total IV=0.112050
2026-06-23 16:25:05,596 | [None] | mlops.auto_binning_woe_numeric | merge_intervals:607 | INFO | Merge Completed - REMOVED ITEM: 1298.0
2026-06-23 16:25:05,596 | [None] | mlops.auto_binning_woe_numeric | auto_woe_binning_numeric:1298 | INFO | --- Iteration 9 ---
2026-06-23 16:25:05,751 | [None] | mlops.auto_binning_woe_numeric | calculate_woe_iv_table:343 | INFO | WoE / IV table calculated. Bin count=8, Total IV=0.110264
2026-06-23 16:25:05,756 | [None] | mlops.auto_binning_woe_numeric | merge_intervals:607 | INFO | Merge Completed - REMOVED ITEM: 1939.05
2026-06-23 16:25:05,756 | [None] | mlops.auto_binning_woe_numeric | auto_woe_binning_numeric:1298 | INFO | --- Iteration 10 ---
2026-06-23 16:25:05,909 | [None] | mlops.auto_binning_woe_numeric | calculate_woe_iv_table:343 | INFO | WoE / IV table calculated. Bin count=7, Total IV=0.110250
2026-06-23 16:25:05,914 | [None] | mlops.auto_binning_woe_numeric | auto_woe_binning_numeric:1492 | INFO | No more merge required. Stopping at iteration=10
2026-06-23 16:25:05,914 | [None] | mlops.auto_binning_woe_numeric | auto_woe_binning_numeric:1502 | INFO | Iterative merging process completed after 10 iterations.
2026-06-23 16:25:05,914 | [None] | mlops.auto_binning_woe_numeric | auto_woe_binning_numeric:1503 | INFO | ----FINAL BINNINGS RESULTS----
2026-06-23 16:25:06,065 | [None] | mlops.auto_binning_woe_numeric | calculate_woe_iv_table:343 | INFO | WoE / IV table calculated. Bin count=7, Total IV=0.110250
2026-06-23 16:25:06,068 | [None] | mlops.auto_binning_woe_numeric | auto_woe_binning_numeric:1555 | INFO | No null observations found. MISSING bin not added.
2026-06-23 16:25:06,069 | [None] | mlops.auto_binning_woe_numeric | auto_woe_binning_numeric:1580 | INFO | Final binning quality checks completed. Assigned status: PASS with all checks passed.
2026-06-23 16:25:06,069 | [None] | mlops.auto_binning_woe_numeric | auto_woe_binning_numeric:1586 | INFO | Feature: payment_amount_jul_2005, Final bins=7, Total IV=0.110250, Status=PASS
2026-06-23 16:25:06,075 | [None] | mlops.auto_binning_woe_numeric | auto_woe_binning_numeric:1613 | INFO | Auto binning result saved to ./outputs/auto_binning_woe/payment_amount_jul_2005/final_auto_binning_woe.json
2026-06-23 16:25:06,077 | [None] | mlops.auto_binning_woe_numeric | auto_woe_binning_numeric:1618 | INFO | Final WOE table saved to ./outputs/auto_binning_woe/payment_amount_jul_2005/final_woe_table.csv
2026-06-23 16:25:06,077 | [None] | mlops.auto_binning_woe_numeric | auto_woe_binning_numeric:1621 | INFO | ==================================================
2026-06-23 16:25:06,077 | [None] | mlops.auto_binning_woe_numeric | auto_woe_binning_numeric:1622 | INFO | INITIALIZE PARAMETERS
2026-06-23 16:25:06,077 | [None] | mlops.auto_binning_woe_numeric | auto_woe_binning_numeric:1623 | INFO | Feature:..................... payment_amount_jul_2005
2026-06-23 16:25:06,077 | [None] | mlops.auto_binning_woe_numeric | auto_woe_binning_numeric:1624 | INFO | Target:...................... TARGET
2026-06-23 16:25:06,077 | [None] | mlops.auto_binning_woe_numeric | auto_woe_binning_numeric:1625 | INFO | Initial Bins:................ 20
2026-06-23 16:25:06,078 | [None] | mlops.auto_binning_woe_numeric | auto_woe_binning_numeric:1626 | INFO | Minimum Bin Percentage:...... 0.05
2026-06-23 16:25:06,078 | [None] | mlops.auto_binning_woe_numeric | auto_woe_binning_numeric:1627 | INFO | Maximum Final Bins:.......... 10
2026-06-23 16:25:06,078 | [None] | mlops.auto_binning_woe_numeric | auto_woe_binning_numeric:1628 | INFO | Minimum IV:.................. 0.02
2026-06-23 16:25:06,078 | [None] | mlops.auto_binning_woe_numeric | auto_woe_binning_numeric:1629 | INFO | Maximum IV:.................. 0.5
2026-06-23 16:25:06,078 | [None] | mlops.auto_binning_woe_numeric | auto_woe_binning_numeric:1630 | INFO | Maximum Iterations:.......... 25
2026-06-23 16:25:06,078 | [None] | mlops.auto_binning_woe_numeric | auto_woe_binning_numeric:1631 | INFO | ==================================================
2026-06-23 16:25:06,078 | [None] | mlops.auto_binning_woe_numeric | auto_woe_binning_numeric:1650 | INFO | ==================================================
2026-06-23 16:25:06,078 | [None] | mlops.auto_binning_woe_numeric | auto_woe_binning_numeric:1651 | INFO | AUTO BINNING RESULTS
2026-06-23 16:25:06,078 | [None] | mlops.auto_binning_woe_numeric | auto_woe_binning_numeric:1652 | INFO | Stopping Iteration:............... 10
2026-06-23 16:25:06,078 | [None] | mlops.auto_binning_woe_numeric | auto_woe_binning_numeric:1653 | INFO | Feature Name:..................... payment_amount_jul_2005
2026-06-23 16:25:06,079 | [None] | mlops.auto_binning_woe_numeric | auto_woe_binning_numeric:1654 | INFO | Final Bin Count:.................. 7
2026-06-23 16:25:06,079 | [None] | mlops.auto_binning_woe_numeric | auto_woe_binning_numeric:1655 | INFO | Total Information Value (IV):..... 0.110250
2026-06-23 16:25:06,079 | [None] | mlops.auto_binning_woe_numeric | auto_woe_binning_numeric:1656 | INFO | IV Interpretation:................ Medium Predictive Power
2026-06-23 16:25:06,079 | [None] | mlops.auto_binning_woe_numeric | auto_woe_binning_numeric:1657 | INFO | Binning Status:................... PASS
2026-06-23 16:25:06,079 | [None] | mlops.auto_binning_woe_numeric | auto_woe_binning_numeric:1658 | INFO | --------------------------------------------------
2026-06-23 16:25:06,079 | [None] | mlops.auto_binning_woe_numeric | auto_woe_binning_numeric:1659 | INFO | WoE Summary Table:
2026-06-23 16:25:06,081 | [None] | mlops.auto_binning_woe_numeric | auto_woe_binning_numeric:1660 | INFO | 
             _bin human_readable_bin  total  good  bad  bad_rate  bin_pct  good_dist  bad_dist  good_dist_minus_bad_dist  odds_ratio       woe  woe_display       iv
  (-0.001, 165.0]      from_0_to_165   2224   862 1362  0.612410 0.252641   0.196581  0.308084                 -0.111502    0.638077 -0.449296   -44.929582 0.050098
   (165.0, 500.0]    from_165_to_500    465   218  247  0.531183 0.052823   0.049801  0.055964                 -0.006163    0.889871 -0.116679   -11.667901 0.000719
  (500.0, 1002.0]   from_500_to_1002    869   423  446  0.513234 0.098716   0.096524  0.100961                 -0.004437    0.956055 -0.044940    -4.494033 0.000199
 (1002.0, 2600.0]  from_1002_to_2600   2223  1106 1117  0.502474 0.252528   0.252194  0.252685                 -0.000491    0.998055 -0.001947    -0.194661 0.000001
 (2600.0, 4000.0]  from_2600_to_4000    974   509  465  0.477413 0.110644   0.116125  0.105257                  0.010868    1.103253  0.098263     9.826331 0.001068
 (4000.0, 8628.0]  from_4000_to_8628   1247   742  505  0.404972 0.141656   0.169231  0.114302                  0.054929    1.480560  0.392420    39.242039 0.021555
(8628.0, 61136.8] from_8628_to_61137    801   524  277  0.345818 0.090992   0.119544  0.062747                  0.056797    1.905168  0.644570    64.457005 0.036610

2026-06-23 16:25:06,081 | [None] | mlops.auto_binning_woe_numeric | auto_woe_binning_numeric:1661 | INFO | --------------------------------------------------
2026-06-23 16:25:06,081 | [None] | mlops.auto_binning_woe_numeric | auto_woe_binning_numeric:1662 | INFO | --------------------------------------------------
2026-06-23 16:25:06,081 | [None] | mlops.auto_binning_woe_numeric | auto_woe_binning_numeric:1663 | INFO | Quality Check Results:
2026-06-23 16:25:06,081 | [None] | mlops.auto_binning_woe_numeric | auto_woe_binning_numeric:1665 | INFO |   minBinPct: Is minimum pct of each bin > 0.05? -> True
2026-06-23 16:25:06,082 | [None] | mlops.auto_binning_woe_numeric | auto_woe_binning_numeric:1665 | INFO |   goodBadExist: Do good and bad exist in every bin? -> True
2026-06-23 16:25:06,082 | [None] | mlops.auto_binning_woe_numeric | auto_woe_binning_numeric:1665 | INFO |   badRateMonotonic: Is Bad Rate monotonic? -> True
2026-06-23 16:25:06,082 | [None] | mlops.auto_binning_woe_numeric | auto_woe_binning_numeric:1665 | INFO |   woeMonotonic: Is WoE monotonic? -> True
2026-06-23 16:25:06,082 | [None] | mlops.auto_binning_woe_numeric | auto_woe_binning_numeric:1665 | INFO |   binCount: Are bins between 3 and 10? -> True
2026-06-23 16:25:06,082 | [None] | mlops.auto_binning_woe_numeric | auto_woe_binning_numeric:1665 | INFO |   ivReasonable: Is IV 0.110250 reasonable? (0.02 < IV < 0.50) -> True
2026-06-23 16:25:06,082 | [None] | mlops.auto_binning_woe_numeric | auto_woe_binning_numeric:1666 | INFO | --------------------------------------------------
2026-06-23 16:25:06,082 | [None] | mlops.auto_binning_woe_numeric | auto_woe_binning_numeric:1668 | INFO | Auto binning completed successfully for feature: 'payment_amount_jul_2005'
2026-06-23 16:25:06,082 | [None] | mlops.auto_binning_woe_numeric | auto_woe_binning_numeric:1669 | INFO | ==================================================
2026-06-23 16:25:06,083 | [None] | mlops.auto_binning_woe_numeric | auto_woe_binning_numeric:1206 | INFO | Starting numeric WoE auto binning. Feature:payment_amount_jun_2005, Target:TARGET
2026-06-23 16:25:06,085 | [None] | mlops.auto_binning_woe_numeric | auto_woe_binning_numeric:1275 | INFO | Missing rows dropped. Before=8892, After=8892, Dropped=0
2026-06-23 16:25:06,085 | [None] | mlops.auto_binning_woe_numeric | auto_woe_binning_numeric:1276 | INFO | MISSING bin will be computed from 0 null observations.
2026-06-23 16:25:06,085 | [None] | mlops.auto_binning_woe_numeric | auto_woe_binning_numeric:1279 | INFO | Target variable TARGET converted to integer type.
2026-06-23 16:25:06,089 | [None] | mlops.auto_binning_woe_numeric | auto_woe_binning_numeric:1287 | INFO | Initial bins created.
2026-06-23 16:25:06,090 | [None] | mlops.auto_binning_woe_numeric | auto_woe_binning_numeric:1290 | INFO | Initial intervals created.
2026-06-23 16:25:06,090 | [None] | mlops.auto_binning_woe_numeric | auto_woe_binning_numeric:1298 | INFO | --- Iteration 1 ---
2026-06-23 16:25:06,292 | [None] | mlops.auto_binning_woe_numeric | calculate_woe_iv_table:343 | INFO | WoE / IV table calculated. Bin count=16, Total IV=0.101835
2026-06-23 16:25:06,297 | [None] | mlops.auto_binning_woe_numeric | merge_intervals:607 | INFO | Merge Completed - REMOVED ITEM: 2394.15
2026-06-23 16:25:06,297 | [None] | mlops.auto_binning_woe_numeric | auto_woe_binning_numeric:1298 | INFO | --- Iteration 2 ---
2026-06-23 16:25:06,510 | [None] | mlops.auto_binning_woe_numeric | calculate_woe_iv_table:343 | INFO | WoE / IV table calculated. Bin count=15, Total IV=0.101842
2026-06-23 16:25:06,515 | [None] | mlops.auto_binning_woe_numeric | merge_intervals:607 | INFO | Merge Completed - REMOVED ITEM: 3000.0
2026-06-23 16:25:06,515 | [None] | mlops.auto_binning_woe_numeric | auto_woe_binning_numeric:1298 | INFO | --- Iteration 3 ---
2026-06-23 16:25:06,708 | [None] | mlops.auto_binning_woe_numeric | calculate_woe_iv_table:343 | INFO | WoE / IV table calculated. Bin count=14, Total IV=0.101061
2026-06-23 16:25:06,713 | [None] | mlops.auto_binning_woe_numeric | merge_intervals:607 | INFO | Merge Completed - REMOVED ITEM: 1000.0
2026-06-23 16:25:06,713 | [None] | mlops.auto_binning_woe_numeric | auto_woe_binning_numeric:1298 | INFO | --- Iteration 4 ---
2026-06-23 16:25:06,893 | [None] | mlops.auto_binning_woe_numeric | calculate_woe_iv_table:343 | INFO | WoE / IV table calculated. Bin count=13, Total IV=0.101072
2026-06-23 16:25:06,898 | [None] | mlops.auto_binning_woe_numeric | merge_intervals:607 | INFO | Merge Completed - REMOVED ITEM: 14004.45
2026-06-23 16:25:06,898 | [None] | mlops.auto_binning_woe_numeric | auto_woe_binning_numeric:1298 | INFO | --- Iteration 5 ---
2026-06-23 16:25:07,080 | [None] | mlops.auto_binning_woe_numeric | calculate_woe_iv_table:343 | INFO | WoE / IV table calculated. Bin count=12, Total IV=0.099894
2026-06-23 16:25:07,085 | [None] | mlops.auto_binning_woe_numeric | merge_intervals:607 | INFO | Merge Completed - REMOVED ITEM: 390.0
2026-06-23 16:25:07,085 | [None] | mlops.auto_binning_woe_numeric | auto_woe_binning_numeric:1298 | INFO | --- Iteration 6 ---
2026-06-23 16:25:07,255 | [None] | mlops.auto_binning_woe_numeric | calculate_woe_iv_table:343 | INFO | WoE / IV table calculated. Bin count=11, Total IV=0.099561
2026-06-23 16:25:07,262 | [None] | mlops.auto_binning_woe_numeric | merge_intervals:607 | INFO | Merge Completed - REMOVED ITEM: 1250.0
2026-06-23 16:25:07,263 | [None] | mlops.auto_binning_woe_numeric | auto_woe_binning_numeric:1298 | INFO | --- Iteration 7 ---
2026-06-23 16:25:07,427 | [None] | mlops.auto_binning_woe_numeric | calculate_woe_iv_table:343 | INFO | WoE / IV table calculated. Bin count=10, Total IV=0.098397
2026-06-23 16:25:07,433 | [None] | mlops.auto_binning_woe_numeric | merge_intervals:607 | INFO | Merge Completed - REMOVED ITEM: 1600.0
2026-06-23 16:25:07,433 | [None] | mlops.auto_binning_woe_numeric | auto_woe_binning_numeric:1298 | INFO | --- Iteration 8 ---
2026-06-23 16:25:07,591 | [None] | mlops.auto_binning_woe_numeric | calculate_woe_iv_table:343 | INFO | WoE / IV table calculated. Bin count=9, Total IV=0.098408
2026-06-23 16:25:07,595 | [None] | mlops.auto_binning_woe_numeric | merge_intervals:607 | INFO | Merge Completed - REMOVED ITEM: 5645.35
2026-06-23 16:25:07,596 | [None] | mlops.auto_binning_woe_numeric | auto_woe_binning_numeric:1298 | INFO | --- Iteration 9 ---
2026-06-23 16:25:07,753 | [None] | mlops.auto_binning_woe_numeric | calculate_woe_iv_table:343 | INFO | WoE / IV table calculated. Bin count=8, Total IV=0.097003
2026-06-23 16:25:07,757 | [None] | mlops.auto_binning_woe_numeric | merge_intervals:607 | INFO | Merge Completed - REMOVED ITEM: 4704.8
2026-06-23 16:25:07,757 | [None] | mlops.auto_binning_woe_numeric | auto_woe_binning_numeric:1298 | INFO | --- Iteration 10 ---
2026-06-23 16:25:07,902 | [None] | mlops.auto_binning_woe_numeric | calculate_woe_iv_table:343 | INFO | WoE / IV table calculated. Bin count=7, Total IV=0.096953
2026-06-23 16:25:07,907 | [None] | mlops.auto_binning_woe_numeric | merge_intervals:607 | INFO | Merge Completed - REMOVED ITEM: 623.55
2026-06-23 16:25:07,907 | [None] | mlops.auto_binning_woe_numeric | auto_woe_binning_numeric:1298 | INFO | --- Iteration 11 ---
2026-06-23 16:25:08,055 | [None] | mlops.auto_binning_woe_numeric | calculate_woe_iv_table:343 | INFO | WoE / IV table calculated. Bin count=6, Total IV=0.093415
2026-06-23 16:25:08,059 | [None] | mlops.auto_binning_woe_numeric | merge_intervals:607 | INFO | Merge Completed - REMOVED ITEM: 930.0
2026-06-23 16:25:08,059 | [None] | mlops.auto_binning_woe_numeric | auto_woe_binning_numeric:1298 | INFO | --- Iteration 12 ---
2026-06-23 16:25:08,191 | [None] | mlops.auto_binning_woe_numeric | calculate_woe_iv_table:343 | INFO | WoE / IV table calculated. Bin count=5, Total IV=0.093365
2026-06-23 16:25:08,195 | [None] | mlops.auto_binning_woe_numeric | auto_woe_binning_numeric:1492 | INFO | No more merge required. Stopping at iteration=12
2026-06-23 16:25:08,195 | [None] | mlops.auto_binning_woe_numeric | auto_woe_binning_numeric:1502 | INFO | Iterative merging process completed after 12 iterations.
2026-06-23 16:25:08,195 | [None] | mlops.auto_binning_woe_numeric | auto_woe_binning_numeric:1503 | INFO | ----FINAL BINNINGS RESULTS----
2026-06-23 16:25:08,331 | [None] | mlops.auto_binning_woe_numeric | calculate_woe_iv_table:343 | INFO | WoE / IV table calculated. Bin count=5, Total IV=0.093365
2026-06-23 16:25:08,334 | [None] | mlops.auto_binning_woe_numeric | auto_woe_binning_numeric:1555 | INFO | No null observations found. MISSING bin not added.
2026-06-23 16:25:08,335 | [None] | mlops.auto_binning_woe_numeric | auto_woe_binning_numeric:1580 | INFO | Final binning quality checks completed. Assigned status: PASS with all checks passed.
2026-06-23 16:25:08,335 | [None] | mlops.auto_binning_woe_numeric | auto_woe_binning_numeric:1586 | INFO | Feature: payment_amount_jun_2005, Final bins=5, Total IV=0.093365, Status=PASS
2026-06-23 16:25:08,342 | [None] | mlops.auto_binning_woe_numeric | auto_woe_binning_numeric:1613 | INFO | Auto binning result saved to ./outputs/auto_binning_woe/payment_amount_jun_2005/final_auto_binning_woe.json
2026-06-23 16:25:08,344 | [None] | mlops.auto_binning_woe_numeric | auto_woe_binning_numeric:1618 | INFO | Final WOE table saved to ./outputs/auto_binning_woe/payment_amount_jun_2005/final_woe_table.csv
2026-06-23 16:25:08,344 | [None] | mlops.auto_binning_woe_numeric | auto_woe_binning_numeric:1621 | INFO | ==================================================
2026-06-23 16:25:08,344 | [None] | mlops.auto_binning_woe_numeric | auto_woe_binning_numeric:1622 | INFO | INITIALIZE PARAMETERS
2026-06-23 16:25:08,345 | [None] | mlops.auto_binning_woe_numeric | auto_woe_binning_numeric:1623 | INFO | Feature:..................... payment_amount_jun_2005
2026-06-23 16:25:08,345 | [None] | mlops.auto_binning_woe_numeric | auto_woe_binning_numeric:1624 | INFO | Target:...................... TARGET
2026-06-23 16:25:08,345 | [None] | mlops.auto_binning_woe_numeric | auto_woe_binning_numeric:1625 | INFO | Initial Bins:................ 20
2026-06-23 16:25:08,345 | [None] | mlops.auto_binning_woe_numeric | auto_woe_binning_numeric:1626 | INFO | Minimum Bin Percentage:...... 0.05
2026-06-23 16:25:08,345 | [None] | mlops.auto_binning_woe_numeric | auto_woe_binning_numeric:1627 | INFO | Maximum Final Bins:.......... 10
2026-06-23 16:25:08,345 | [None] | mlops.auto_binning_woe_numeric | auto_woe_binning_numeric:1628 | INFO | Minimum IV:.................. 0.02
2026-06-23 16:25:08,346 | [None] | mlops.auto_binning_woe_numeric | auto_woe_binning_numeric:1629 | INFO | Maximum IV:.................. 0.5
2026-06-23 16:25:08,346 | [None] | mlops.auto_binning_woe_numeric | auto_woe_binning_numeric:1630 | INFO | Maximum Iterations:.......... 25
2026-06-23 16:25:08,346 | [None] | mlops.auto_binning_woe_numeric | auto_woe_binning_numeric:1631 | INFO | ==================================================
2026-06-23 16:25:08,346 | [None] | mlops.auto_binning_woe_numeric | auto_woe_binning_numeric:1650 | INFO | ==================================================
2026-06-23 16:25:08,346 | [None] | mlops.auto_binning_woe_numeric | auto_woe_binning_numeric:1651 | INFO | AUTO BINNING RESULTS
2026-06-23 16:25:08,346 | [None] | mlops.auto_binning_woe_numeric | auto_woe_binning_numeric:1652 | INFO | Stopping Iteration:............... 12
2026-06-23 16:25:08,346 | [None] | mlops.auto_binning_woe_numeric | auto_woe_binning_numeric:1653 | INFO | Feature Name:..................... payment_amount_jun_2005
2026-06-23 16:25:08,346 | [None] | mlops.auto_binning_woe_numeric | auto_woe_binning_numeric:1654 | INFO | Final Bin Count:.................. 5
2026-06-23 16:25:08,346 | [None] | mlops.auto_binning_woe_numeric | auto_woe_binning_numeric:1655 | INFO | Total Information Value (IV):..... 0.093365
2026-06-23 16:25:08,346 | [None] | mlops.auto_binning_woe_numeric | auto_woe_binning_numeric:1656 | INFO | IV Interpretation:................ Weak Predictive Power
2026-06-23 16:25:08,347 | [None] | mlops.auto_binning_woe_numeric | auto_woe_binning_numeric:1657 | INFO | Binning Status:................... PASS
2026-06-23 16:25:08,347 | [None] | mlops.auto_binning_woe_numeric | auto_woe_binning_numeric:1658 | INFO | --------------------------------------------------
2026-06-23 16:25:08,347 | [None] | mlops.auto_binning_woe_numeric | auto_woe_binning_numeric:1659 | INFO | WoE Summary Table:
2026-06-23 16:25:08,348 | [None] | mlops.auto_binning_woe_numeric | auto_woe_binning_numeric:1660 | INFO | 
              _bin human_readable_bin  total  good  bad  bad_rate  bin_pct  good_dist  bad_dist  good_dist_minus_bad_dist  odds_ratio       woe  woe_display       iv
    (-0.001, 8.75]        from_0_to_9   2223   888 1335  0.600540 0.252528   0.202507  0.302115                 -0.099608    0.670298 -0.400033   -40.003316 0.039847
    (8.75, 2000.0]     from_9_to_2000   3315  1594 1721  0.519155 0.376576   0.363419  0.389436                 -0.026017    0.933194 -0.069143    -6.914257 0.001799
 (2000.0, 3638.25]  from_2000_to_3638   1131   601  530  0.468612 0.128479   0.137094  0.120009                  0.017085    1.142364  0.133100    13.309980 0.002274
 (3638.25, 8316.7]  from_3638_to_8317   1333   809  524  0.393098 0.151426   0.184501  0.118652                  0.065850    1.554983  0.441465    44.146457 0.029070
(8316.7, 60636.07] from_8317_to_60636    801   493  308  0.384519 0.090992   0.112479  0.069788                  0.042690    1.611708  0.477294    47.729424 0.020376

2026-06-23 16:25:08,349 | [None] | mlops.auto_binning_woe_numeric | auto_woe_binning_numeric:1661 | INFO | --------------------------------------------------
2026-06-23 16:25:08,349 | [None] | mlops.auto_binning_woe_numeric | auto_woe_binning_numeric:1662 | INFO | --------------------------------------------------
2026-06-23 16:25:08,349 | [None] | mlops.auto_binning_woe_numeric | auto_woe_binning_numeric:1663 | INFO | Quality Check Results:
2026-06-23 16:25:08,350 | [None] | mlops.auto_binning_woe_numeric | auto_woe_binning_numeric:1665 | INFO |   minBinPct: Is minimum pct of each bin > 0.05? -> True
2026-06-23 16:25:08,350 | [None] | mlops.auto_binning_woe_numeric | auto_woe_binning_numeric:1665 | INFO |   goodBadExist: Do good and bad exist in every bin? -> True
2026-06-23 16:25:08,350 | [None] | mlops.auto_binning_woe_numeric | auto_woe_binning_numeric:1665 | INFO |   badRateMonotonic: Is Bad Rate monotonic? -> True
2026-06-23 16:25:08,350 | [None] | mlops.auto_binning_woe_numeric | auto_woe_binning_numeric:1665 | INFO |   woeMonotonic: Is WoE monotonic? -> True
2026-06-23 16:25:08,350 | [None] | mlops.auto_binning_woe_numeric | auto_woe_binning_numeric:1665 | INFO |   binCount: Are bins between 3 and 10? -> True
2026-06-23 16:25:08,350 | [None] | mlops.auto_binning_woe_numeric | auto_woe_binning_numeric:1665 | INFO |   ivReasonable: Is IV 0.093365 reasonable? (0.02 < IV < 0.50) -> True
2026-06-23 16:25:08,350 | [None] | mlops.auto_binning_woe_numeric | auto_woe_binning_numeric:1666 | INFO | --------------------------------------------------
2026-06-23 16:25:08,350 | [None] | mlops.auto_binning_woe_numeric | auto_woe_binning_numeric:1668 | INFO | Auto binning completed successfully for feature: 'payment_amount_jun_2005'
2026-06-23 16:25:08,350 | [None] | mlops.auto_binning_woe_numeric | auto_woe_binning_numeric:1669 | INFO | ==================================================
2026-06-23 16:25:08,351 | [None] | mlops.auto_binning_woe_numeric | auto_woe_binning_numeric:1206 | INFO | Starting numeric WoE auto binning. Feature:payment_amount_may_2005, Target:TARGET
2026-06-23 16:25:08,353 | [None] | mlops.auto_binning_woe_numeric | auto_woe_binning_numeric:1275 | INFO | Missing rows dropped. Before=8892, After=8892, Dropped=0
2026-06-23 16:25:08,353 | [None] | mlops.auto_binning_woe_numeric | auto_woe_binning_numeric:1276 | INFO | MISSING bin will be computed from 0 null observations.
2026-06-23 16:25:08,353 | [None] | mlops.auto_binning_woe_numeric | auto_woe_binning_numeric:1279 | INFO | Target variable TARGET converted to integer type.
2026-06-23 16:25:08,357 | [None] | mlops.auto_binning_woe_numeric | auto_woe_binning_numeric:1287 | INFO | Initial bins created.
2026-06-23 16:25:08,357 | [None] | mlops.auto_binning_woe_numeric | auto_woe_binning_numeric:1290 | INFO | Initial intervals created.
2026-06-23 16:25:08,357 | [None] | mlops.auto_binning_woe_numeric | auto_woe_binning_numeric:1298 | INFO | --- Iteration 1 ---
2026-06-23 16:25:08,554 | [None] | mlops.auto_binning_woe_numeric | calculate_woe_iv_table:343 | INFO | WoE / IV table calculated. Bin count=15, Total IV=0.072320
2026-06-23 16:25:08,558 | [None] | mlops.auto_binning_woe_numeric | merge_intervals:607 | INFO | Merge Completed - REMOVED ITEM: 2431.3
2026-06-23 16:25:08,559 | [None] | mlops.auto_binning_woe_numeric | auto_woe_binning_numeric:1298 | INFO | --- Iteration 2 ---
2026-06-23 16:25:08,749 | [None] | mlops.auto_binning_woe_numeric | calculate_woe_iv_table:343 | INFO | WoE / IV table calculated. Bin count=14, Total IV=0.071951
2026-06-23 16:25:08,755 | [None] | mlops.auto_binning_woe_numeric | merge_intervals:607 | INFO | Merge Completed - REMOVED ITEM: 3000.0
2026-06-23 16:25:08,755 | [None] | mlops.auto_binning_woe_numeric | auto_woe_binning_numeric:1298 | INFO | --- Iteration 3 ---
2026-06-23 16:25:08,935 | [None] | mlops.auto_binning_woe_numeric | calculate_woe_iv_table:343 | INFO | WoE / IV table calculated. Bin count=13, Total IV=0.071933
2026-06-23 16:25:08,940 | [None] | mlops.auto_binning_woe_numeric | merge_intervals:607 | INFO | Merge Completed - REMOVED ITEM: 14000.0
2026-06-23 16:25:08,940 | [None] | mlops.auto_binning_woe_numeric | auto_woe_binning_numeric:1298 | INFO | --- Iteration 4 ---
2026-06-23 16:25:09,271 | [None] | mlops.auto_binning_woe_numeric | calculate_woe_iv_table:343 | INFO | WoE / IV table calculated. Bin count=12, Total IV=0.069507
2026-06-23 16:25:09,293 | [None] | mlops.auto_binning_woe_numeric | merge_intervals:607 | INFO | Merge Completed - REMOVED ITEM: 1300.0
2026-06-23 16:25:09,294 | [None] | mlops.auto_binning_woe_numeric | auto_woe_binning_numeric:1298 | INFO | --- Iteration 5 ---
2026-06-23 16:25:10,247 | [None] | mlops.auto_binning_woe_numeric | calculate_woe_iv_table:343 | INFO | WoE / IV table calculated. Bin count=11, Total IV=0.069515
2026-06-23 16:25:10,257 | [None] | mlops.auto_binning_woe_numeric | merge_intervals:607 | INFO | Merge Completed - REMOVED ITEM: 1706.0
2026-06-23 16:25:10,258 | [None] | mlops.auto_binning_woe_numeric | auto_woe_binning_numeric:1298 | INFO | --- Iteration 6 ---
2026-06-23 16:25:11,107 | [None] | mlops.auto_binning_woe_numeric | calculate_woe_iv_table:343 | INFO | WoE / IV table calculated. Bin count=10, Total IV=0.069476
2026-06-23 16:25:11,132 | [None] | mlops.auto_binning_woe_numeric | merge_intervals:607 | INFO | Merge Completed - REMOVED ITEM: 5776.05
2026-06-23 16:25:11,132 | [None] | mlops.auto_binning_woe_numeric | auto_woe_binning_numeric:1298 | INFO | --- Iteration 7 ---
2026-06-23 16:25:11,957 | [None] | mlops.auto_binning_woe_numeric | calculate_woe_iv_table:343 | INFO | WoE / IV table calculated. Bin count=9, Total IV=0.069354
2026-06-23 16:25:11,975 | [None] | mlops.auto_binning_woe_numeric | merge_intervals:607 | INFO | Merge Completed - REMOVED ITEM: 4693.0
2026-06-23 16:25:11,975 | [None] | mlops.auto_binning_woe_numeric | auto_woe_binning_numeric:1298 | INFO | --- Iteration 8 ---
2026-06-23 16:25:12,801 | [None] | mlops.auto_binning_woe_numeric | calculate_woe_iv_table:343 | INFO | WoE / IV table calculated. Bin count=8, Total IV=0.069362
2026-06-23 16:25:12,823 | [None] | mlops.auto_binning_woe_numeric | auto_woe_binning_numeric:1492 | INFO | No more merge required. Stopping at iteration=8
2026-06-23 16:25:12,824 | [None] | mlops.auto_binning_woe_numeric | auto_woe_binning_numeric:1502 | INFO | Iterative merging process completed after 8 iterations.
2026-06-23 16:25:12,824 | [None] | mlops.auto_binning_woe_numeric | auto_woe_binning_numeric:1503 | INFO | ----FINAL BINNINGS RESULTS----
2026-06-23 16:25:13,562 | [None] | mlops.auto_binning_woe_numeric | calculate_woe_iv_table:343 | INFO | WoE / IV table calculated. Bin count=8, Total IV=0.069362
2026-06-23 16:25:13,568 | [None] | mlops.auto_binning_woe_numeric | auto_woe_binning_numeric:1555 | INFO | No null observations found. MISSING bin not added.
2026-06-23 16:25:13,569 | [None] | mlops.auto_binning_woe_numeric | auto_woe_binning_numeric:1580 | INFO | Final binning quality checks completed. Assigned status: PASS with all checks passed.
2026-06-23 16:25:13,569 | [None] | mlops.auto_binning_woe_numeric | auto_woe_binning_numeric:1586 | INFO | Feature: payment_amount_may_2005, Final bins=8, Total IV=0.069362, Status=PASS
2026-06-23 16:25:13,577 | [None] | mlops.auto_binning_woe_numeric | auto_woe_binning_numeric:1613 | INFO | Auto binning result saved to ./outputs/auto_binning_woe/payment_amount_may_2005/final_auto_binning_woe.json
2026-06-23 16:25:13,579 | [None] | mlops.auto_binning_woe_numeric | auto_woe_binning_numeric:1618 | INFO | Final WOE table saved to ./outputs/auto_binning_woe/payment_amount_may_2005/final_woe_table.csv
2026-06-23 16:25:13,579 | [None] | mlops.auto_binning_woe_numeric | auto_woe_binning_numeric:1621 | INFO | ==================================================
2026-06-23 16:25:13,579 | [None] | mlops.auto_binning_woe_numeric | auto_woe_binning_numeric:1622 | INFO | INITIALIZE PARAMETERS
2026-06-23 16:25:13,579 | [None] | mlops.auto_binning_woe_numeric | auto_woe_binning_numeric:1623 | INFO | Feature:..................... payment_amount_may_2005
2026-06-23 16:25:13,579 | [None] | mlops.auto_binning_woe_numeric | auto_woe_binning_numeric:1624 | INFO | Target:...................... TARGET
2026-06-23 16:25:13,580 | [None] | mlops.auto_binning_woe_numeric | auto_woe_binning_numeric:1625 | INFO | Initial Bins:................ 20
2026-06-23 16:25:13,580 | [None] | mlops.auto_binning_woe_numeric | auto_woe_binning_numeric:1626 | INFO | Minimum Bin Percentage:...... 0.05
2026-06-23 16:25:13,580 | [None] | mlops.auto_binning_woe_numeric | auto_woe_binning_numeric:1627 | INFO | Maximum Final Bins:.......... 10
2026-06-23 16:25:13,580 | [None] | mlops.auto_binning_woe_numeric | auto_woe_binning_numeric:1628 | INFO | Minimum IV:.................. 0.02
2026-06-23 16:25:13,580 | [None] | mlops.auto_binning_woe_numeric | auto_woe_binning_numeric:1629 | INFO | Maximum IV:.................. 0.5
2026-06-23 16:25:13,580 | [None] | mlops.auto_binning_woe_numeric | auto_woe_binning_numeric:1630 | INFO | Maximum Iterations:.......... 25
2026-06-23 16:25:13,580 | [None] | mlops.auto_binning_woe_numeric | auto_woe_binning_numeric:1631 | INFO | ==================================================
2026-06-23 16:25:13,580 | [None] | mlops.auto_binning_woe_numeric | auto_woe_binning_numeric:1650 | INFO | ==================================================
2026-06-23 16:25:13,580 | [None] | mlops.auto_binning_woe_numeric | auto_woe_binning_numeric:1651 | INFO | AUTO BINNING RESULTS
2026-06-23 16:25:13,580 | [None] | mlops.auto_binning_woe_numeric | auto_woe_binning_numeric:1652 | INFO | Stopping Iteration:............... 8
2026-06-23 16:25:13,580 | [None] | mlops.auto_binning_woe_numeric | auto_woe_binning_numeric:1653 | INFO | Feature Name:..................... payment_amount_may_2005
2026-06-23 16:25:13,581 | [None] | mlops.auto_binning_woe_numeric | auto_woe_binning_numeric:1654 | INFO | Final Bin Count:.................. 8
2026-06-23 16:25:13,581 | [None] | mlops.auto_binning_woe_numeric | auto_woe_binning_numeric:1655 | INFO | Total Information Value (IV):..... 0.069362
2026-06-23 16:25:13,581 | [None] | mlops.auto_binning_woe_numeric | auto_woe_binning_numeric:1656 | INFO | IV Interpretation:................ Weak Predictive Power
2026-06-23 16:25:13,581 | [None] | mlops.auto_binning_woe_numeric | auto_woe_binning_numeric:1657 | INFO | Binning Status:................... PASS
2026-06-23 16:25:13,581 | [None] | mlops.auto_binning_woe_numeric | auto_woe_binning_numeric:1658 | INFO | --------------------------------------------------
2026-06-23 16:25:13,581 | [None] | mlops.auto_binning_woe_numeric | auto_woe_binning_numeric:1659 | INFO | WoE Summary Table:
2026-06-23 16:25:13,585 | [None] | mlops.auto_binning_woe_numeric | auto_woe_binning_numeric:1660 | INFO | 
              _bin human_readable_bin  total  good  bad  bad_rate  bin_pct  good_dist  bad_dist  good_dist_minus_bad_dist  odds_ratio       woe  woe_display       iv
   (-0.001, 369.3]      from_0_to_369   2668  1157 1511  0.566342 0.303078   0.263788  0.341736                 -0.077949    0.771904 -0.258895   -25.889537 0.020181
    (369.3, 611.0]    from_369_to_611    445   195  250  0.561798 0.050551   0.044553  0.056636                 -0.012082    0.786664 -0.239954   -23.995388 0.002899
    (611.0, 930.0]    from_611_to_930    446   211  235  0.526906 0.050665   0.048200  0.053244                 -0.005045    0.905253 -0.099541    -9.954126 0.000502
   (930.0, 1000.0]   from_930_to_1000    491   233  258  0.525458 0.055776   0.053213  0.058444                 -0.005231    0.910493 -0.093769    -9.376896 0.000491
  (1000.0, 2000.0]  from_1000_to_2000   1430   681  749  0.523776 0.162445   0.155310  0.169455                 -0.014145    0.916525 -0.087165    -8.716541 0.001233
  (2000.0, 3582.0]  from_2000_to_3582   1190   626  564  0.473950 0.135181   0.142776  0.127628                  0.015147    1.118684  0.112153    11.215305 0.001699
  (3582.0, 8000.0]  from_3582_to_8000   1335   785  550  0.411985 0.151653   0.179011  0.124463                  0.054548    1.438266  0.363438    36.343816 0.019825
(8000.0, 64453.02] from_8000_to_64453    798   496  302  0.378446 0.090651   0.113149  0.068392                  0.044757    1.654414  0.503447    50.344686 0.022533

2026-06-23 16:25:13,586 | [None] | mlops.auto_binning_woe_numeric | auto_woe_binning_numeric:1661 | INFO | --------------------------------------------------
2026-06-23 16:25:13,586 | [None] | mlops.auto_binning_woe_numeric | auto_woe_binning_numeric:1662 | INFO | --------------------------------------------------
2026-06-23 16:25:13,586 | [None] | mlops.auto_binning_woe_numeric | auto_woe_binning_numeric:1663 | INFO | Quality Check Results:
2026-06-23 16:25:13,586 | [None] | mlops.auto_binning_woe_numeric | auto_woe_binning_numeric:1665 | INFO |   minBinPct: Is minimum pct of each bin > 0.05? -> True
2026-06-23 16:25:13,587 | [None] | mlops.auto_binning_woe_numeric | auto_woe_binning_numeric:1665 | INFO |   goodBadExist: Do good and bad exist in every bin? -> True
2026-06-23 16:25:13,587 | [None] | mlops.auto_binning_woe_numeric | auto_woe_binning_numeric:1665 | INFO |   badRateMonotonic: Is Bad Rate monotonic? -> True
2026-06-23 16:25:13,587 | [None] | mlops.auto_binning_woe_numeric | auto_woe_binning_numeric:1665 | INFO |   woeMonotonic: Is WoE monotonic? -> True
2026-06-23 16:25:13,587 | [None] | mlops.auto_binning_woe_numeric | auto_woe_binning_numeric:1665 | INFO |   binCount: Are bins between 3 and 10? -> True
2026-06-23 16:25:13,587 | [None] | mlops.auto_binning_woe_numeric | auto_woe_binning_numeric:1665 | INFO |   ivReasonable: Is IV 0.069362 reasonable? (0.02 < IV < 0.50) -> True
2026-06-23 16:25:13,587 | [None] | mlops.auto_binning_woe_numeric | auto_woe_binning_numeric:1666 | INFO | --------------------------------------------------
2026-06-23 16:25:13,588 | [None] | mlops.auto_binning_woe_numeric | auto_woe_binning_numeric:1668 | INFO | Auto binning completed successfully for feature: 'payment_amount_may_2005'
2026-06-23 16:25:13,588 | [None] | mlops.auto_binning_woe_numeric | auto_woe_binning_numeric:1669 | INFO | ==================================================
2026-06-23 16:25:13,589 | [None] | mlops.auto_binning_woe_numeric | auto_woe_binning_numeric:1206 | INFO | Starting numeric WoE auto binning. Feature:payment_amount_apr_2005, Target:TARGET
2026-06-23 16:25:13,592 | [None] | mlops.auto_binning_woe_numeric | auto_woe_binning_numeric:1275 | INFO | Missing rows dropped. Before=8892, After=8777, Dropped=115
2026-06-23 16:25:13,592 | [None] | mlops.auto_binning_woe_numeric | auto_woe_binning_numeric:1276 | INFO | MISSING bin will be computed from 115 null observations.
2026-06-23 16:25:13,593 | [None] | mlops.auto_binning_woe_numeric | auto_woe_binning_numeric:1279 | INFO | Target variable TARGET converted to integer type.
2026-06-23 16:25:13,597 | [None] | mlops.auto_binning_woe_numeric | auto_woe_binning_numeric:1287 | INFO | Initial bins created.
2026-06-23 16:25:13,597 | [None] | mlops.auto_binning_woe_numeric | auto_woe_binning_numeric:1290 | INFO | Initial intervals created.
2026-06-23 16:25:13,597 | [None] | mlops.auto_binning_woe_numeric | auto_woe_binning_numeric:1298 | INFO | --- Iteration 1 ---
2026-06-23 16:25:13,818 | [None] | mlops.auto_binning_woe_numeric | calculate_woe_iv_table:343 | INFO | WoE / IV table calculated. Bin count=15, Total IV=0.089570
2026-06-23 16:25:13,823 | [None] | mlops.auto_binning_woe_numeric | merge_intervals:607 | INFO | Merge Completed - REMOVED ITEM: 2000.0
2026-06-23 16:25:13,824 | [None] | mlops.auto_binning_woe_numeric | auto_woe_binning_numeric:1298 | INFO | --- Iteration 2 ---
2026-06-23 16:25:14,017 | [None] | mlops.auto_binning_woe_numeric | calculate_woe_iv_table:343 | INFO | WoE / IV table calculated. Bin count=14, Total IV=0.089578
2026-06-23 16:25:14,022 | [None] | mlops.auto_binning_woe_numeric | merge_intervals:607 | INFO | Merge Completed - REMOVED ITEM: 1000.0
2026-06-23 16:25:14,022 | [None] | mlops.auto_binning_woe_numeric | auto_woe_binning_numeric:1298 | INFO | --- Iteration 3 ---
2026-06-23 16:25:14,209 | [None] | mlops.auto_binning_woe_numeric | calculate_woe_iv_table:343 | INFO | WoE / IV table calculated. Bin count=13, Total IV=0.089433
2026-06-23 16:25:14,214 | [None] | mlops.auto_binning_woe_numeric | merge_intervals:607 | INFO | Merge Completed - REMOVED ITEM: 3000.0
2026-06-23 16:25:14,214 | [None] | mlops.auto_binning_woe_numeric | auto_woe_binning_numeric:1298 | INFO | --- Iteration 4 ---
2026-06-23 16:25:14,397 | [None] | mlops.auto_binning_woe_numeric | calculate_woe_iv_table:343 | INFO | WoE / IV table calculated. Bin count=12, Total IV=0.089446
2026-06-23 16:25:14,402 | [None] | mlops.auto_binning_woe_numeric | merge_intervals:607 | INFO | Merge Completed - REMOVED ITEM: 14514.4
2026-06-23 16:25:14,402 | [None] | mlops.auto_binning_woe_numeric | auto_woe_binning_numeric:1298 | INFO | --- Iteration 5 ---
2026-06-23 16:25:14,577 | [None] | mlops.auto_binning_woe_numeric | calculate_woe_iv_table:343 | INFO | WoE / IV table calculated. Bin count=11, Total IV=0.089124
2026-06-23 16:25:14,582 | [None] | mlops.auto_binning_woe_numeric | merge_intervals:607 | INFO | Merge Completed - REMOVED ITEM: 1200.0
2026-06-23 16:25:14,582 | [None] | mlops.auto_binning_woe_numeric | auto_woe_binning_numeric:1298 | INFO | --- Iteration 6 ---
2026-06-23 16:25:14,754 | [None] | mlops.auto_binning_woe_numeric | calculate_woe_iv_table:343 | INFO | WoE / IV table calculated. Bin count=10, Total IV=0.088353
2026-06-23 16:25:14,759 | [None] | mlops.auto_binning_woe_numeric | merge_intervals:607 | INFO | Merge Completed - REMOVED ITEM: 510.6
2026-06-23 16:25:14,759 | [None] | mlops.auto_binning_woe_numeric | auto_woe_binning_numeric:1298 | INFO | --- Iteration 7 ---
2026-06-23 16:25:14,920 | [None] | mlops.auto_binning_woe_numeric | calculate_woe_iv_table:343 | INFO | WoE / IV table calculated. Bin count=9, Total IV=0.087735
2026-06-23 16:25:14,925 | [None] | mlops.auto_binning_woe_numeric | merge_intervals:607 | INFO | Merge Completed - REMOVED ITEM: 5500.0
2026-06-23 16:25:14,925 | [None] | mlops.auto_binning_woe_numeric | auto_woe_binning_numeric:1298 | INFO | --- Iteration 8 ---
2026-06-23 16:25:15,079 | [None] | mlops.auto_binning_woe_numeric | calculate_woe_iv_table:343 | INFO | WoE / IV table calculated. Bin count=8, Total IV=0.086562
2026-06-23 16:25:15,084 | [None] | mlops.auto_binning_woe_numeric | auto_woe_binning_numeric:1492 | INFO | No more merge required. Stopping at iteration=8
2026-06-23 16:25:15,084 | [None] | mlops.auto_binning_woe_numeric | auto_woe_binning_numeric:1502 | INFO | Iterative merging process completed after 8 iterations.
2026-06-23 16:25:15,084 | [None] | mlops.auto_binning_woe_numeric | auto_woe_binning_numeric:1503 | INFO | ----FINAL BINNINGS RESULTS----
2026-06-23 16:25:15,240 | [None] | mlops.auto_binning_woe_numeric | calculate_woe_iv_table:343 | INFO | WoE / IV table calculated. Bin count=8, Total IV=0.086562
2026-06-23 16:25:15,244 | [None] | mlops.auto_binning_woe_numeric | auto_woe_binning_numeric:1553 | INFO | MISSING bin appended: total=115, bad=50, woe=0.263492
2026-06-23 16:25:15,245 | [None] | mlops.auto_binning_woe_numeric | auto_woe_binning_numeric:1583 | WARNING | Final binning quality checks completed. Assigned status: REVIEW with some checks failed.
2026-06-23 16:25:15,245 | [None] | mlops.auto_binning_woe_numeric | auto_woe_binning_numeric:1586 | INFO | Feature: payment_amount_apr_2005, Final bins=9, Total IV=0.087474, Status=REVIEW
2026-06-23 16:25:15,251 | [None] | mlops.auto_binning_woe_numeric | auto_woe_binning_numeric:1613 | INFO | Auto binning result saved to ./outputs/auto_binning_woe/payment_amount_apr_2005/final_auto_binning_woe.json
2026-06-23 16:25:15,253 | [None] | mlops.auto_binning_woe_numeric | auto_woe_binning_numeric:1618 | INFO | Final WOE table saved to ./outputs/auto_binning_woe/payment_amount_apr_2005/final_woe_table.csv
2026-06-23 16:25:15,253 | [None] | mlops.auto_binning_woe_numeric | auto_woe_binning_numeric:1621 | INFO | ==================================================
2026-06-23 16:25:15,253 | [None] | mlops.auto_binning_woe_numeric | auto_woe_binning_numeric:1622 | INFO | INITIALIZE PARAMETERS
2026-06-23 16:25:15,253 | [None] | mlops.auto_binning_woe_numeric | auto_woe_binning_numeric:1623 | INFO | Feature:..................... payment_amount_apr_2005
2026-06-23 16:25:15,253 | [None] | mlops.auto_binning_woe_numeric | auto_woe_binning_numeric:1624 | INFO | Target:...................... TARGET
2026-06-23 16:25:15,253 | [None] | mlops.auto_binning_woe_numeric | auto_woe_binning_numeric:1625 | INFO | Initial Bins:................ 20
2026-06-23 16:25:15,253 | [None] | mlops.auto_binning_woe_numeric | auto_woe_binning_numeric:1626 | INFO | Minimum Bin Percentage:...... 0.05
2026-06-23 16:25:15,253 | [None] | mlops.auto_binning_woe_numeric | auto_woe_binning_numeric:1627 | INFO | Maximum Final Bins:.......... 10
2026-06-23 16:25:15,254 | [None] | mlops.auto_binning_woe_numeric | auto_woe_binning_numeric:1628 | INFO | Minimum IV:.................. 0.02
2026-06-23 16:25:15,254 | [None] | mlops.auto_binning_woe_numeric | auto_woe_binning_numeric:1629 | INFO | Maximum IV:.................. 0.5
2026-06-23 16:25:15,254 | [None] | mlops.auto_binning_woe_numeric | auto_woe_binning_numeric:1630 | INFO | Maximum Iterations:.......... 25
2026-06-23 16:25:15,254 | [None] | mlops.auto_binning_woe_numeric | auto_woe_binning_numeric:1631 | INFO | ==================================================
2026-06-23 16:25:15,254 | [None] | mlops.auto_binning_woe_numeric | auto_woe_binning_numeric:1650 | INFO | ==================================================
2026-06-23 16:25:15,254 | [None] | mlops.auto_binning_woe_numeric | auto_woe_binning_numeric:1651 | INFO | AUTO BINNING RESULTS
2026-06-23 16:25:15,254 | [None] | mlops.auto_binning_woe_numeric | auto_woe_binning_numeric:1652 | INFO | Stopping Iteration:............... 8
2026-06-23 16:25:15,254 | [None] | mlops.auto_binning_woe_numeric | auto_woe_binning_numeric:1653 | INFO | Feature Name:..................... payment_amount_apr_2005
2026-06-23 16:25:15,254 | [None] | mlops.auto_binning_woe_numeric | auto_woe_binning_numeric:1654 | INFO | Final Bin Count:.................. 9
2026-06-23 16:25:15,254 | [None] | mlops.auto_binning_woe_numeric | auto_woe_binning_numeric:1655 | INFO | Total Information Value (IV):..... 0.087474
2026-06-23 16:25:15,254 | [None] | mlops.auto_binning_woe_numeric | auto_woe_binning_numeric:1656 | INFO | IV Interpretation:................ Weak Predictive Power
2026-06-23 16:25:15,254 | [None] | mlops.auto_binning_woe_numeric | auto_woe_binning_numeric:1657 | INFO | Binning Status:................... REVIEW
2026-06-23 16:25:15,254 | [None] | mlops.auto_binning_woe_numeric | auto_woe_binning_numeric:1658 | INFO | --------------------------------------------------
2026-06-23 16:25:15,255 | [None] | mlops.auto_binning_woe_numeric | auto_woe_binning_numeric:1659 | INFO | WoE Summary Table:
2026-06-23 16:25:15,256 | [None] | mlops.auto_binning_woe_numeric | auto_woe_binning_numeric:1660 | INFO | 
                           _bin              human_readable_bin  total  good  bad  bad_rate  bin_pct  good_dist  bad_dist  good_dist_minus_bad_dist  odds_ratio       woe  woe_display       iv
                (-0.001, 299.8]                   from_0_to_300   2633  1120 1513  0.574630 0.299989   0.255530  0.343977                 -0.088447    0.742869 -0.297235   -29.723492 0.026290
                 (299.8, 792.0]                 from_300_to_792    881   408  473  0.536890 0.100376   0.093158  0.107614                 -0.014455    0.865676 -0.144245   -14.424508 0.002085
                (792.0, 1559.0]                from_792_to_1559   1314   617  697  0.530441 0.149709   0.140821  0.158523                 -0.017702    0.888333 -0.118409   -11.840853 0.002096
               (1559.0, 2300.0]               from_1559_to_2300    886   428  458  0.516930 0.100946   0.097719  0.104205                 -0.006485    0.937766 -0.064255    -6.425464 0.000417
               (2300.0, 3511.0]               from_2300_to_3511    869   469  400  0.460299 0.099009   0.107070  0.091023                  0.016047    1.176295  0.162369    16.236945 0.002606
               (3511.0, 4500.0]               from_3511_to_4500    445   259  186  0.417978 0.050701   0.059179  0.042386                  0.016793    1.396181  0.333740    33.374038 0.005604
               (4500.0, 8000.0]               from_4500_to_8000    902   536  366  0.405765 0.102769   0.122349  0.083295                  0.039053    1.468855  0.384483    38.448296 0.015015
             (8000.0, 84087.12]              from_8000_to_84087    847   544  303  0.357733 0.096502   0.124173  0.068977                  0.055196    1.800206  0.587901    58.790125 0.032450
payment_amount_apr_2005_MISSING payment_amount_apr_2005_MISSING    115    65   50  0.434783 0.012933   0.014937  0.011477                  0.003460    1.301467  0.263492    26.349172 0.000912

2026-06-23 16:25:15,257 | [None] | mlops.auto_binning_woe_numeric | auto_woe_binning_numeric:1661 | INFO | --------------------------------------------------
2026-06-23 16:25:15,257 | [None] | mlops.auto_binning_woe_numeric | auto_woe_binning_numeric:1662 | INFO | --------------------------------------------------
2026-06-23 16:25:15,257 | [None] | mlops.auto_binning_woe_numeric | auto_woe_binning_numeric:1663 | INFO | Quality Check Results:
2026-06-23 16:25:15,257 | [None] | mlops.auto_binning_woe_numeric | auto_woe_binning_numeric:1665 | INFO |   minBinPct: Is minimum pct of each bin > 0.05? -> False
2026-06-23 16:25:15,257 | [None] | mlops.auto_binning_woe_numeric | auto_woe_binning_numeric:1665 | INFO |   goodBadExist: Do good and bad exist in every bin? -> True
2026-06-23 16:25:15,257 | [None] | mlops.auto_binning_woe_numeric | auto_woe_binning_numeric:1665 | INFO |   badRateMonotonic: Is Bad Rate monotonic? -> False
2026-06-23 16:25:15,257 | [None] | mlops.auto_binning_woe_numeric | auto_woe_binning_numeric:1665 | INFO |   woeMonotonic: Is WoE monotonic? -> False
2026-06-23 16:25:15,259 | [None] | mlops.auto_binning_woe_numeric | auto_woe_binning_numeric:1665 | INFO |   binCount: Are bins between 3 and 10? -> True
2026-06-23 16:25:15,259 | [None] | mlops.auto_binning_woe_numeric | auto_woe_binning_numeric:1665 | INFO |   ivReasonable: Is IV 0.087474 reasonable? (0.02 < IV < 0.50) -> True
2026-06-23 16:25:15,259 | [None] | mlops.auto_binning_woe_numeric | auto_woe_binning_numeric:1666 | INFO | --------------------------------------------------
2026-06-23 16:25:15,259 | [None] | mlops.auto_binning_woe_numeric | auto_woe_binning_numeric:1668 | INFO | Auto binning completed successfully for feature: 'payment_amount_apr_2005'
2026-06-23 16:25:15,259 | [None] | mlops.auto_binning_woe_numeric | auto_woe_binning_numeric:1669 | INFO | ==================================================
